RAIL_FLAG,CLUSTER_APTA4,Year,CLUSTER_APTA,UPT_ADJ_first_year,UPT_ADJ_2012,UPT_ADJ_base,UPT_ADJ,UPT_ADJ_diff,fitted_exp,fitted_exp_diff,VRM_ADJ_HINY,VRM_ADJ_MIDLOW,FARE_per_UPT_cleaned_2018_HINY,FARE_per_UPT_cleaned_2018_MIDLOW,POP_EMP,TSD_POP_EMP_PCT,GAS_PRICE_2018,TOTAL_MED_INC_INDIV_2018,PCT_HH_NO_VEH,JTW_HOME_PCT,MAINTENANCE_NYC,MAINTENANCE_WMATA,RESTRUCTURE,YEARS_SINCE_TNC_BUS_NY,YEARS_SINCE_TNC_BUS_HI,YEARS_SINCE_TNC_BUS_MID,YEARS_SINCE_TNC_BUS_LOW,YEARS_SINCE_TNC_RAIL_NY,YEARS_SINCE_TNC_RAIL_HI,YEARS_SINCE_TNC_RAIL_MID,BIKE_SHARE,scooter_flag,VRM_ADJ_HINY_log_FAC,VRM_ADJ_MIDLOW_log_FAC,FARE_per_UPT_cleaned_2018_HINY_log_FAC,FARE_per_UPT_cleaned_2018_MIDLOW_log_FAC,POP_EMP_log_FAC,TSD_POP_EMP_PCT_FAC,GAS_PRICE_2018_log_FAC,TOTAL_MED_INC_INDIV_2018_log_FAC,PCT_HH_NO_VEH_FAC,JTW_HOME_PCT_FAC,MAINTENANCE_NYC_FAC,MAINTENANCE_WMATA_FAC,RESTRUCTURE_FAC,YEARS_SINCE_TNC_BUS_NY_FAC,YEARS_SINCE_TNC_BUS_HI_FAC,YEARS_SINCE_TNC_BUS_MID_FAC,YEARS_SINCE_TNC_BUS_LOW_FAC,YEARS_SINCE_TNC_RAIL_NY_FAC,YEARS_SINCE_TNC_RAIL_HI_FAC,YEARS_SINCE_TNC_RAIL_MID_FAC,BIKE_SHARE_FAC,scooter_flag_FAC,FAC_Sum,Known_FAC,Unknown_FAC,New_Reporter_FAC,Total_Change
0,1.0,2002,170,2217749582.0,2203565452.0,0.0,2217749582.0,0.0,1992626421.951043,0.0,69431799.63651021,0.0,0.9102786428414076,0.0,9573567.143826585,0.5679150656233117,1.9989229721545723,39381.469965213546,9.917688029711911,3.943894077307056,0.0,0.0,0.0,0.0,0.0,0.0,0.0,0.0,0.0,0.0,0.0,0.0,0.0,0.0,0.0,0.0,0.0,0.0,0.0,0.0,0.0,0.0,0.0,0.0,0.0,0.0,0.0,0.0,0.0,0.0,0.0,0.0,0.0,0.0,0.0,0.0,0.0,2217749582.0,2217749582.0
0,1.0,2003,170,2217749582.0,2203565452.0,2217749582.0,2150502598.9999995,-67246983.00000018,2160880623.638677,36918502.09119145,69475683.83844686,0.0,0.9168707344014717,0.0,9715711.202587085,0.566331971270963,2.3077092528229817,38481.401179128,9.826644160485746,3.943894077307056,0.0,0.0,0.0,0.0,0.0,0.0,0.0,0.0,0.0,0.0,0.0,0.0,-2209144.2107699974,0.0,-1028301.0727318391,0.0,8159418.234727917,-3540426.0525963726,31832628.684413757,3351123.2756702784,-412341.2484827315,0.0,0.0,0.0,0.0,0.0,0.0,0.0,0.0,0.0,0.0,0.0,0.0,0.0,38214760.95989604,38473188.875441164,-110008852.87544109,0.0,-71535663.99999993
0,1.0,2004,180,2396974805.0,2389867700.0,2150502598.9999995,2410970010.0,81242188.0000003,2471589214.5040164,77526295.73252885,71765534.23904203,0.0,0.8811162918022641,0.0,9734314.782684496,0.5670800056848286,2.6074594940736557,38183.58992380748,9.786967609269468,3.9555663396720595,0.0,0.0,0.0,0.0,0.0,0.0,0.0,0.0,0.0,0.0,0.0,0.0,35370591.60248218,0.0,5990257.796243535,0.0,9687321.114689428,-1948520.5659742088,28747393.405856892,4569155.960320951,-393314.0007102119,0.0,0.0,0.0,0.0,0.0,0.0,0.0,0.0,0.0,0.0,0.0,0.0,0.0,73312855.30355746,74325420.00853957,-4021054.0085393656,179225222.99999985,249529589.0000001
0,1.0,2005,190,2522641888.0,2541057031.0,2410970010.0,2568753503.9999986,32116410.999998577,2682787138.573537,24924914.589672826,70767074.60414761,0.0,0.908709006019361,0.0,9670224.811546005,0.5621325759866738,3.0629169958820954,37264.37843132749,9.582088124551113,3.982687664464881,0.0,0.0,0.0,0.0,0.0,0.0,0.0,0.0,0.0,0.0,0.0,0.0,-27719801.68237076,0.0,-2949391.489144164,0.0,11179180.706795823,-1432984.3687444692,41927331.10637072,4413499.234660593,-586061.9717768606,0.0,0.0,0.0,0.0,0.0,0.0,0.0,0.0,0.0,0.0,0.0,0.0,0.0,24831771.535790876,24289906.25764878,7826504.742349796,125667082.9999998,157783493.9999984
0,1.0,2006,190,2522641888.0,2541057031.0,2568753503.9999986,2599108817.0000005,30355313.00000269,2715628767.8867545,32841629.313217193,70624705.90615213,0.0,0.8978368338450172,0.0,9915449.723039184,0.5616796485483977,3.355692065332699,35771.54082711947,9.461948548410053,4.30155178767887,0.0,0.0,0.0,0.0,0.0,0.0,0.0,0.0,0.0,0.0,0.0,0.0,-6528157.794454601,0.0,2000316.6583477168,0.0,15143846.578343159,-429575.3565086249,26376960.014968436,7138579.433358992,-654869.6030369619,-6551663.188763431,0.0,0.0,0.0,0.0,0.0,0.0,0.0,0.0,0.0,0.0,0.0,0.0,36495436.74225469,36532560.7896124,-6177247.789609712,0.0,30355313.00000269
0,1.0,2007,190,2522641888.0,2541057031.0,2599108817.0000005,2608864140.999998,9755323.999997467,2746591905.651914,30963137.76516021,71582714.3552377,0.0,0.9208602306105821,0.0,9964969.76569808,0.5550867828387394,3.5310062793786834,36276.70610874326,9.294565235999123,4.4274885399032895,0.0,0.0,0.0,0.0,0.0,0.0,0.0,0.0,0.0,0.0,0.0,0.0,29574061.76477243,0.0,-5167801.934484659,0.0,4174676.7346900827,-6573971.035578795,15069500.936833562,-2480033.8852429627,-870384.307903542,-2823579.6415363075,0.0,0.0,0.0,0.0,0.0,0.0,0.0,0.0,0.0,0.0,0.0,0.0,30902468.6315498,30871572.084434256,-21116248.08443679,0.0,9755323.999997467
0,1.0,2008,190,2522641888.0,2541057031.0,2608864140.999998,2692308348.999999,83444208.00000104,2805721919.0845685,59130013.43265491,71889164.49129106,0.0,0.9010416255067859,0.0,9988399.397412283,0.5581048095106869,3.9554554445044965,36238.91881751508,9.4554621860263,4.508747727850302,0.0,0.0,0.0,0.0,0.0,0.0,0.0,0.0,0.0,0.0,0.07104663719910444,0.0,14098694.994556585,0.0,3752657.6006316114,0.0,2760568.5788588254,3022788.0104671805,34525581.58471967,228656.30082338874,856032.9292643918,-1712926.0049149015,0.0,0.0,0.0,0.0,0.0,0.0,0.0,0.0,0.0,0.0,-2112367.8547606203,0.0,55419686.139646135,55789253.48366592,27654954.51633513,0.0,83444208.00000104
0,1.0,2009,190,2522641888.0,2541057031.0,2692308348.999999,2564111221.0,-128197127.99999961,2677643535.1347666,-128078383.949803,70967398.25016546,0.0,0.9931869137659665,0.0,9910892.792191492,0.5605866487545621,2.9101362046971992,34545.635455789095,9.56712468936851,4.71934066604225,0.0,0.0,0.0,0.0,0.0,0.0,0.0,0.0,0.0,0.0,0.07104663719910444,0.0,-18799414.220938873,0.0,-19282815.786666486,0.0,-2612197.0003254144,2713866.7841578247,-92092978.97493269,9159085.53484491,607870.3356980099,-4609820.946356098,0.0,0.0,0.0,0.0,0.0,0.0,0.0,0.0,0.0,0.0,0.0,0.0,-124916404.27451885,-123719481.49670778,-4477646.503291827,0.0,-128197127.99999961
0,1.0,2010,190,2522641888.0,2541057031.0,2564111221.0,2477369489.000001,-86741731.99999885,2632251276.328732,-45392258.80603365,67087317.041166835,0.0,1.011159790656542,0.0,9893600.100512411,0.56410963816295,3.3619635552803038,33716.16047501595,9.777768115309279,4.947970199525997,0.0,0.0,0.0,0.0,0.0,0.0,0.0,0.0,0.0,0.0,0.12768546400986416,0.0,-82131572.25644916,0.0,-3476584.016199736,0.0,298428.4185099979,3442696.0511028618,41555317.637137584,4366575.095075753,1134000.2697638727,-4767307.9419121565,0.0,0.0,0.0,0.0,0.0,0.0,0.0,0.0,0.0,0.0,-1801333.084715179,0.0,-41379779.82768616,-42426305.104385436,-44315426.8956134,0.0,-86741731.99999885
0,1.0,2011,190,2522641888.0,2541057031.0,2477369489.000001,2507911502.000001,30542012.999999788,2628129000.755088,-4122275.5736446977,64589050.37874564,0.0,1.0324809727559339,0.0,9986664.09812566,0.5597171562192801,4.092877324958459,33057.754898560874,10.06543443647519,4.895036823554085,0.0,0.0,0.0,0.0,0.12496612797067758,0.0,0.0,0.0,0.0,0.0,0.16867203705134062,0.0,-54940043.70571249,0.0,-3770829.189995545,0.0,5516663.454968098,-4193481.4970409875,57066685.9594922,3401078.3204032765,1476021.9834035565,1130336.5067358257,0.0,0.0,0.0,0.0,-6042881.983486108,0.0,0.0,0.0,0.0,0.0,-1247174.3797498248,0.0,-1603624.5309819821,-2945508.3077773396,33487521.30777713,0.0,30542012.999999788
0,1.0,2012,190,2522641888.0,2541057031.0,2507911502.000001,2541057030.9999995,33145528.99999903,2587041837.866698,-41087162.888389766,63654979.010832,0.0,1.0331937282706827,0.0,10106162.130560195,0.5556667393908061,4.140214257275543,32885.7085785359,9.958940532822863,4.987356848646763,0.0,0.0,0.0,0.0,0.5049977494070688,0.0,0.0,0.0,0.0,0.0,0.20578687227443668,0.0,-21242083.634802748,0.0,88628.80486638795,0.0,6968356.663108818,-3779464.6124717235,3277858.6516186013,1022946.2558447346,-564420.8224340858,-2103142.5674540717,0.0,0.0,0.0,0.0,-21065401.17773612,0.0,0.0,0.0,0.0,0.0,-780101.2008150686,0.0,-38176823.64027527,-38054856.19751947,71200385.19751848,0.0,33145528.99999903
0,1.0,2013,190,2522641888.0,2541057031.0,2541057030.9999995,2538567550.000001,-2489480.9999990985,2550632352.861746,-36409485.00495283,64440490.50185641,0.0,1.0525608051525281,0.0,10218543.93976726,0.5554845763010797,3.9654549378235004,33089.926406244245,9.695200702110121,4.990027977129983,0.0,0.0,0.0,0.0,1.3142978187952767,0.0,0.0,0.0,0.0,0.0,0.20578687227443668,0.0,23519831.800245974,0.0,-3313811.9467229214,0.0,6520452.827254377,-136554.60846740266,-12725327.202676212,-1021775.4378594519,-1321194.4354891572,-30840.96226569252,0.0,0.0,0.0,0.0,-46049239.45940913,0.0,0.0,0.0,0.0,0.0,0.0,0.0,-34558459.42538961,-34864956.69143684,32375475.691437744,0.0,-2489480.9999990985
0,1.0,2014,190,2522641888.0,2541057031.0,2538567550.000001,2510923485.999999,-27644064.000002045,2482427459.920502,-68204892.94124305,64472290.6259952,0.0,1.0552857020000461,0.0,10358402.722098505,0.5549177180414916,3.757632076906906,33372.44649362026,9.64365408837213,5.143028107483799,0.0,0.0,0.0,0.0,2.1833497858733715,0.0,0.0,0.0,0.0,0.0,0.4721236239140731,0.0,4329647.794536297,0.0,-995562.1228380774,0.0,7739083.390334906,-521607.51689227583,-15863537.275778765,-1487649.1628509217,-327078.7854094398,-3342701.3580778013,0.0,0.0,0.0,0.0,-49290758.29831576,0.0,0.0,0.0,0.0,0.0,-8433613.751457565,0.0,-68193777.0867494,-67707135.52119029,40063071.52118823,0.0,-27644064.000002045
0,1.0,2015,190,2522641888.0,2541057031.0,2510923485.999999,2445688117.000001,-65235368.99999772,2363869938.761544,-118557521.15895797,65239258.51204985,0.0,1.0818127292498356,0.0,10472818.645738743,0.5556199069237358,2.8576666928336514,34516.89053111851,9.510527451972603,5.284222653366168,0.0,0.0,0.018557417611548017,0.0,3.1833497858733715,0.0,0.0,0.0,0.0,0.0,0.7236305595667644,0.0,24821487.978831053,0.0,-5299247.763171136,0.0,6679879.244527658,641267.9500527827,-77019260.52522895,-5751098.794527425,-652526.946241847,-2745791.432761354,0.0,0.0,1560648.6670304867,0.0,-55700821.860430524,0.0,0.0,0.0,0.0,0.0,-7213467.982782589,0.0,-120678931.46470183,-119737546.5224861,54502177.52248837,0.0,-65235368.99999772
0,1.0,2016,190,2522641888.0,2541057031.0,2445688117.000001,2323506883.0000005,-122181234.00000072,2286336557.471232,-77533381.29031198,66113243.24680118,0.0,1.104717302622811,0.0,10554924.899873944,0.5550432384951618,2.5185717610537024,35303.22951100643,9.381259123522486,5.715785148652855,0.0,0.0,0.037114835223096034,0.0,4.183349785873372,0.0,0.0,0.0,0.0,0.0,0.9827746569155519,0.0,23784368.922619052,0.0,-4212058.670906338,0.0,5036063.355933586,-507700.31606871955,-32340466.319734152,-3697829.96291201,-658043.6862218505,-8629794.74149999,0.0,0.0,1536370.893281708,0.0,-54253679.52896231,0.0,0.0,0.0,0.0,0.0,-6997548.524835209,0.0,-80940318.57930623,-80433009.60278134,-41748224.39721939,0.0,-122181234.00000072
0,1.0,2017,190,2522641888.0,2541057031.0,2323506883.0000005,2230802096.9999995,-92704786.00000066,2272244588.991597,-14091968.479634855,66222639.767624594,0.0,1.0654314734435388,0.0,10662889.412182815,0.5538005359420408,2.7392459466138064,36103.068578746366,9.23344619094028,5.884423667787759,0.0,0.0,0.0531878990189827,0.0,5.183349785873371,0.0,0.0,0.0,0.0,0.0,0.9827746569155519,0.0,12129417.451580148,0.0,6327378.88397578,0.0,5846926.312532556,-1066958.12351307,20895376.52685327,-3659370.1465738257,-687781.8747036438,-3185006.2148028226,0.0,0.0,1697387.4620109638,0.0,-51543284.25500548,0.0,0.0,0.0,0.0,0.0,0.0,0.0,-13245913.977646122,-13794465.52309511,-78910320.47690555,0.0,-92704786.00000066
0,1.0,2018,190,2522641888.0,2541057031.0,2230802096.9999995,2176386603.0000005,-54415493.99999925,2207997258.963527,-64247330.02807018,66335689.74926932,0.0,1.0328058269144271,0.0,10741812.06997656,0.5547824939235894,3.04606558246051,36989.70148767346,9.096285973060793,6.1187931809606075,0.0,0.0,0.03214612759177333,0.0,6.183349785873371,0.0,0.0,0.0,0.0,0.0,1.0,0.5358203458960399,9335267.802145531,0.0,5197460.041131182,0.0,4526749.166933174,800582.754435342,25647768.67058502,-3717103.5360693433,-626912.1565061992,-4280369.096859938,0.0,0.0,-1409615.598465387,0.0,-49486776.83875544,0.0,0.0,0.0,0.0,0.0,-336207.3688489482,-48133879.98757669,-62483036.14785168,-63021484.231630795,8605990.231631551,0.0,-54415493.99999925
0,2.0,2002,1093,692881970.0000001,791460778.0,0.0,692881970.0000001,0.0,715312120.1773808,0.0,0.0,13378352.20863712,0.0,0.9242591681285973,2412902.9857398923,0.35736541727276155,1.9468195567767472,35715.45159949252,7.815646243403477,3.298935109539652,0.0,0.0,0.0,0.0,0.0,0.0,0.0,0.0,0.0,0.0,0.04739470995326952,0.0,0.0,0.0,0.0,0.0,0.0,0.0,0.0,0.0,0.0,0.0,0.0,0.0,0.0,0.0,0.0,0.0,0.0,0.0,0.0,0.0,0.0,0.0,0.0,0.0,0.0,692881970.0000001,692881970.0000001
0,2.0,2003,1232,757372407.0000001,869325834.0,692881970.0000001,770883561.0000001,13511153.999999965,802598497.4552064,13433756.16521454,0.0,13026932.796544729,0.0,0.8726761567930796,2374560.06403818,0.3548065050909656,2.2027861871074212,35129.657977308365,7.603248713845739,3.3806762574596942,0.0,0.0,0.0,0.0,0.0,0.0,0.0,0.0,0.0,0.0,0.04335903935301408,0.0,0.0,362506.1244967876,0.0,710000.8722308142,3727094.9818806993,-684762.0512551644,8770976.93508441,952689.7950115971,-53582.20694697447,0.0,0.0,0.0,0.0,0.0,0.0,0.0,0.0,0.0,0.0,0.0,0.0,0.0,13474157.458427873,13335613.107235001,-506754.1072350246,64490437.00000002,77319296.00000003
0,2.0,2004,1344,784947601.0000001,898816466.0,770883561.0000001,811791151.0,13332395.999999821,868578483.9621602,22053956.099961914,0.0,12498024.033456318,0.0,0.8578654345548248,2380930.337738726,0.3576984250748726,2.525741959821213,34149.20774718695,7.517428873038875,3.409599719765243,0.0,0.0,0.0,0.0,0.0,0.0,0.0,0.0,0.0,0.0,0.04183583714143996,0.0,0.0,-1052229.0890749237,0.0,4447919.65685438,4728918.143226546,-1399517.6258904971,10756489.949061435,1608670.889256256,-57836.66749323527,0.0,0.0,0.0,0.0,0.0,0.0,0.0,0.0,0.0,0.0,0.0,0.0,0.0,18498987.96537667,18708737.582229998,-5752041.582230153,27575194.000000004,40531889.999999836
0,2.0,2005,1391,807867575.0000001,924924849.0,811791151.0,855440924.0,20729799.000000414,917930163.4816563,23023569.268825177,0.0,12247363.809401672,0.0,0.8701483600801563,2431976.7748505455,0.3513818746693334,2.985415509479262,33180.000316565,7.492289932938576,3.4123453178573233,0.0,0.0,0.0,0.0,0.0,0.0,0.0,0.0,0.0,0.0,0.04064891452042743,0.0,0.0,1180033.2010903284,0.0,-1643826.966555485,4901989.674372612,-917732.0789079068,14789735.710633542,1563473.22850424,-45706.65299890668,0.0,0.0,0.0,0.0,0.0,0.0,0.0,0.0,0.0,0.0,0.0,0.0,0.0,19827966.11613843,19942067.17187602,787731.8281243851,22919974.000000007,43649773.00000043
0,2.0,2006,1415,823614839.0000001,941394513.0,855440924.0,913931565.0000001,42743376.99999987,952870592.8323377,17391272.21545481,0.0,12189060.458303766,0.0,0.8745361144032591,2489143.4711173256,0.3498992384089256,3.267890040711128,31707.039385882163,7.526042945032465,3.573585135223625,0.0,0.0,0.0,0.0,0.0,0.0,0.0,0.0,0.0,0.0,0.03987171969833826,0.0,0.0,2660604.798315331,0.0,-3693320.8217493678,5939491.964005142,-86432.49992464916,8686830.606243644,2583808.104232892,7209.577449075331,-1294752.379749292,0.0,0.0,0.0,0.0,0.0,0.0,0.0,0.0,0.0,0.0,0.0,0.0,14803439.348822774,14943204.720954485,27800172.279045388,15747264.000000026,58490640.99999989
0,2.0,2007,1436,832303107.0000001,958899929.0,913931565.0000001,924926555.0,2306721.9999998305,967153257.4941044,3703044.308504134,0.0,12139213.002662905,0.0,0.895757297618231,2506046.0194194596,0.34780737583798604,3.4551355017601795,31993.077300879882,7.428921805166348,3.7473472551869267,0.0,0.0,0.0,0.0,0.0,0.0,0.0,0.0,0.0,0.0,0.03945550572118674,0.0,0.0,3327191.13468587,0.0,-4815265.217297516,2475131.6650839522,-1263775.8491551478,5770367.373909964,-700079.7101092135,-163541.38764297814,-1341711.4332273388,0.0,0.0,0.0,0.0,0.0,0.0,0.0,0.0,0.0,0.0,0.0,0.0,3288316.5762475925,3175736.2775271586,-869014.2775273282,8688267.999999998,10994989.999999827
0,2.0,2008,1436,832303107.0000001,958899929.0,924926555.0,988529403.0000001,63602848.00000024,992379054.9259254,25225797.431820787,0.0,12290406.974323366,0.0,0.8949319157018631,2511974.2483535623,0.34768094753883916,3.86519583198288,31801.15427399655,7.60595589291727,3.801241314722138,0.0,0.0,0.0,0.0,0.0,0.0,0.0,0.0,0.0,0.0,0.03945550572118674,0.0,0.0,7383784.4145591175,0.0,1599840.5060446993,1114090.4070569465,-85100.1753248347,12117885.37713191,432773.4118960451,323243.49375811,-295172.94662363594,0.0,0.0,0.0,0.0,0.0,0.0,0.0,0.0,0.0,0.0,0.0,0.0,22591344.488498364,22998326.27558584,40604521.724414386,0.0,63602848.00000024
0,2.0,2009,1436,832303107.0000001,958899929.0,988529403.0000001,908879793.0,-79649610.00000037,920933926.8349317,-71445128.0909936,0.0,11963645.855133768,0.0,1.0103714186644657,2493193.3027503705,0.35148787587781644,2.8103374921298956,30173.234862315603,7.709680988226808,4.009220187255651,0.0,0.0,0.0,0.0,0.0,0.0,0.0,0.0,0.0,0.0,0.03945550572118674,0.0,0.0,-7151515.232686796,0.0,-33951959.967017025,-1042168.9431637113,1491419.2949555689,-34811996.3900725,3506453.601155077,181211.70989847745,-1735334.5554794562,0.0,0.0,0.0,0.0,0.0,0.0,0.0,0.0,0.0,0.0,0.0,0.0,-73513890.48241034,-71605899.76565774,-8043710.234342603,0.0,-79649610.00000037
0,2.0,2010,1460,834611629.0000001,961216518.0,908879793.0,898704146.9999999,-12484167.99999988,937098920.0850636,13818118.73634257,0.0,11662173.301157078,0.0,1.0147581535574084,2506860.1969974237,0.3513498825254088,3.269849533510993,29669.122375049657,7.925990832461792,4.027879329848159,0.0,0.0,0.0,0.0,0.0,0.0,0.0,0.0,0.0,0.0,0.03934637244312827,0.0,0.0,-6409899.474461284,0.0,782705.3101962922,1853312.394901281,175179.03564376154,15261032.946991585,1004693.6251101308,468642.39137173287,-7776.524446381066,0.0,0.0,0.0,0.0,0.0,0.0,0.0,0.0,0.0,0.0,0.0,0.0,13127889.705307119,13332626.2673351,-25816794.267334986,2308521.999999999,-10175645.999999883
0,2.0,2011,1460,834611629.0000001,961216518.0,898704146.9999999,936058350.9999999,37354203.999999985,957698425.676528,20599505.591464873,0.0,11462779.635000493,0.0,0.9974284523821851,2526455.2832451183,0.3441031962358014,4.0111020093807,29100.830016762302,8.21325535454527,4.1277261650759955,0.0,0.0,0.0,0.0,0.0,0.0,0.0,0.0,0.0,0.0,0.052275766936384235,0.0,0.0,-6090502.401858621,0.0,4095946.451999036,1510568.1065724564,-2496930.153820139,21329947.899553116,1231423.8929118593,482886.31883612595,-877437.9400572422,0.0,0.0,0.0,0.0,0.0,0.0,0.0,0.0,0.0,0.0,-158507.0294537698,0.0,19027395.144682825,18964835.996616784,18389368.0033832,0.0,37354203.999999985
0,2.0,2012,1460,834611629.0000001,961216518.0,936058350.9999999,961216517.9999998,25158166.999999605,952534612.6729645,-5163813.003563916,0.0,11264859.97852807,0.0,0.992574394229256,2552570.2182420236,0.33060451780988964,4.025635842023475,28874.30950212684,8.25691541066462,4.125146976115281,0.0,0.0,0.0,0.0,0.0,0.0,0.0,0.0,0.0,0.0,0.08932640213667568,0.0,0.0,-3548886.762884036,0.0,35221.355088843324,2040344.7741795348,-4533842.85471435,408983.3228801709,618328.1562871777,52141.17805896431,20386.11804489211,0.0,0.0,0.0,0.0,0.0,0.0,0.0,0.0,0.0,0.0,-455114.3212250458,0.0,-5362439.0342838485,-5377753.630568578,30535920.630568195,0.0,25158166.999999605
0,2.0,2013,1460,834611629.0000001,961216518.0,961216517.9999998,943429917.9999999,-17786599.999999646,944640183.0812374,-7894429.591727132,0.0,11263611.05969423,0.0,1.02084820166258,2586254.4538100096,0.32980914648163084,3.8688140678341774,29012.009098915678,8.061410663150488,4.209983574408115,0.0,0.0,0.0,0.0,0.0,0.0,0.0,0.0,0.0,0.0,0.14992332918955767,0.0,0.0,2964300.949227138,0.0,-7882870.153335989,3487977.5659551136,-303140.01345584576,-4466080.949101002,-295624.0836508286,-354769.55711706146,-520128.36941000243,0.0,0.0,0.0,0.0,0.0,0.0,0.0,0.0,0.0,0.0,-702287.943211177,0.0,-8072622.554099655,-8068218.883142272,-9718381.116857376,0.0,-17786599.999999646
0,2.0,2014,1460,834611629.0000001,961216518.0,943429917.9999999,939315734.0,-4114183.9999997607,943891787.5498153,-748395.5314215212,0.0,11419119.683224887,0.0,1.0016930398073778,2619700.4193235864,0.3284601264596993,3.648912589689066,29100.59214070388,8.10393323624538,4.286909931253786,0.0,0.0,0.0,0.0,0.0,0.16161767259535742,0.0,0.0,0.0,0.0,0.27427024863560834,0.0,0.0,6747061.983265975,0.0,3522814.8194792396,2642181.5514467964,-545029.7459474189,-6322097.507003045,-225799.09911570075,69718.63031939621,-652896.0722300827,0.0,0.0,0.0,0.0,0.0,-4785959.958719307,0.0,0.0,0.0,0.0,-1077251.9794569851,0.0,-627257.3779611343,-698644.2055696828,-3415539.7944300785,0.0,-4114183.9999997607
0,2.0,2015,1460,834611629.0000001,961216518.0,939315734.0,913699509.0000002,-25616225.000000145,894573822.3212371,-49317965.22857829,0.0,11782498.880544942,0.0,1.0041721746130894,2653957.930823444,0.3292756080897387,2.6811130935646244,30303.426469331953,7.89858692563221,4.435976714625912,0.0,0.0,0.009690498812831658,0.0,0.0,1.0007329349109753,0.0,0.0,0.0,0.0,0.4943164397245658,0.0,0.0,13167027.603025537,0.0,-1966916.0979440424,2589033.1827183166,324556.8763411581,-31773340.537822213,-2501598.520561984,-400169.5836988586,-1133965.039038547,0.0,0.0,514610.233657122,0.0,0.0,-25883908.936219867,0.0,0.0,0.0,0.0,-2349382.6692048223,0.0,-49414053.4887482,-49047515.998951785,23431290.998951636,0.0,-25616225.000000145
0,2.0,2016,1460,834611629.0000001,961216518.0,913699509.0000002,871357915.0,-42341593.999999925,858907138.0057712,-35666684.31546597,0.0,12159503.951854233,0.0,1.0184609172565577,2686779.490681187,0.32603077162588595,2.375580169433513,31096.219490803018,7.7279764475579835,4.946688749888003,0.0,0.0,0.009690498812831658,0.0,0.0,1.9321347378446365,0.0,0.0,0.0,0.0,0.6363086872349343,0.0,0.0,12748759.510215564,0.0,-3619168.618086255,2411579.8271646705,-1240075.349263619,-11392475.19477957,-1532147.6166175238,-251503.2049617399,-3765733.8366504204,0.0,0.0,0.0,0.0,0.0,-28584631.759631258,0.0,0.0,0.0,0.0,-1516899.7028564508,0.0,-36742295.94546659,-36594915.645932786,-5746678.35406715,0.0,-42341593.999999925
0,2.0,2017,1460,834611629.0000001,961216518.0,871357915.0,831552342.0000001,-39805573.00000009,841130295.1493292,-14288640.198912678,0.0,12281198.976827214,0.0,1.0133404202490515,2723302.8340536105,0.32283668878671495,2.5871111280765544,31229.15029256711,7.447846200594936,5.1713650493599825,0.0,0.0,0.019440298860249883,0.0,0.0,2.8696980053701124,0.0,0.0,0.0,0.0,0.73091161422099,0.0,0.0,3898386.4907846637,0.0,2827428.373521626,2445158.8902647886,-471250.3569147305,7800176.897869913,-301770.4185937493,-519049.4633334535,-1598607.2266559033,0.0,0.0,422454.87626747764,0.0,0.0,-27422826.68112433,0.0,0.0,0.0,0.0,-1094737.7394430588,0.0,-14262242.923054693,-14611087.502896512,-24985831.49710359,0.0,-39596919.00000009
0,2.0,2018,1460,834611629.0000001,961216518.0,831552342.0000001,809531783.0000001,-22020558.999999903,823472295.4035693,-21797681.54899478,0.0,12605880.249967996,0.0,1.0085579264681765,2755043.820597202,0.3266516078332754,2.8661268903790953,31624.666409858393,7.199429888269627,5.46755028277949,0.0,0.0,0.02919009890766811,0.0,0.0,3.8596753736341722,0.0,0.0,0.0,0.0,0.8247575867409823,0.41079761662415076,0.0,7211681.093385831,0.0,3803870.2046204023,2123062.9966498096,657146.6148829971,9059688.16917037,-711981.5287956017,-420461.23325005465,-1986755.6900937883,0.0,0.0,419086.74951412535,0.0,0.0,-27884904.4537889,0.0,0.0,0.0,0.0,-1047187.2171914787,-12191019.263007972,-21266453.85226266,-21605208.58890441,-401243.41109549545,0.0,-22006451.999999903
0,3.0,2002,1525,91839566.0,119736581.0,0.0,91839566.0,0.0,101714425.76921034,0.0,0.0,2467741.4477013866,0.0,0.9067337542946856,632649.6012550486,0.23854567408536814,1.9331869778652921,34270.851310989565,6.673953989068285,3.2885198096428288,0.0,0.0,0.0,0.0,0.0,0.0,0.0,0.0,0.0,0.0,0.030875973433933692,0.0,0.0,0.0,0.0,0.0,0.0,0.0,0.0,0.0,0.0,0.0,0.0,0.0,0.0,0.0,0.0,0.0,0.0,0.0,0.0,0.0,0.0,0.0,0.0,0.0,0.0,91839566.0,91839566.0
0,3.0,2003,1816,105495314.0,137493660.0,91839566.0,105124324.00000003,-370989.99999998463,119511813.05497268,3596479.136774946,0.0,2257291.7871993156,0.0,0.8609688375586876,612364.7827592428,0.236611529539007,2.17617825077804,33157.75096314265,6.824645806163485,3.181163276124284,0.0,0.0,0.0,0.0,0.0,0.0,0.0,0.0,0.0,0.0,0.026879260248469424,0.0,0.0,145740.20289172124,0.0,764608.68084269,574968.3006341353,-134329.44146322348,1104135.9005687358,230257.630066075,29064.922148794558,0.0,0.0,0.0,0.0,0.0,0.0,0.0,0.0,0.0,0.0,0.0,0.0,0.0,2765422.276812169,2836386.4358882853,-3206775.435888269,13655748.0,13285359.000000011
0,3.0,2004,2402,150446053.0,188649905.0,105124324.00000003,150874416.0,799352.9999999804,170081897.53041363,4704253.070747613,0.0,2323900.1449489,0.0,0.853900079187085,615786.5993968004,0.24298354945346312,2.4986297480453006,30559.454649532152,7.071599313609112,3.097980385700116,0.0,0.0,0.0,0.0,0.0,0.0,0.0,0.0,0.0,0.0,0.018848191384588868,0.0,0.0,1133339.8094332519,0.0,291796.6592534697,764365.1040490163,-32.75934441587606,1494331.7154445932,351790.9251904406,24238.438838451566,0.0,0.0,0.0,0.0,0.0,0.0,0.0,0.0,0.0,0.0,0.0,0.0,0.0,4048185.1187935453,4151934.9628076493,-3355588.9628076684,44950739.0,45747084.999999985
0,3.0,2005,2954,177960271.0,224915837.0,150874416.0,182182709.0,3794074.9999999944,204619769.23112005,3764814.017287632,0.0,2112023.342671674,0.0,0.8340864636678216,627077.9759178474,0.22989629208830725,2.9642032164825145,29289.80231366426,7.051556052193245,3.1447111422975977,0.0,0.0,0.0,0.0,0.0,0.0,0.0,0.0,0.0,0.0,0.015934095762306408,0.0,0.0,-1489997.5347624677,0.0,482810.7430744333,1201380.9262324222,-367193.73281923437,2833490.4393548965,440914.9135905207,33251.187184315466,0.0,0.0,0.0,0.0,0.0,0.0,0.0,0.0,0.0,0.0,0.0,0.0,0.0,3075922.637141717,3110952.0781714846,604926.9218285093,27514218.0,31230096.999999993
0,3.0,2006,3572,204428369.0,258023386.0,182182709.0,217686416.00000003,9035609.00000004,241244166.59909576,6544860.346218647,0.0,2002379.0250845957,0.0,0.8633148906679846,628294.4710464465,0.2271927363800625,3.2558719494553117,27797.77031770478,7.035496936093053,3.5862117184919673,0.0,0.0,0.0,0.0,0.0,0.0,0.0,0.0,0.0,0.0,0.013871049374756788,0.0,0.0,2230501.9888886283,0.0,-616371.4170324821,1545828.1075480154,-32017.216674613253,1855973.7976020153,739931.0625208266,49179.27271502339,-500652.89991921047,0.0,0.0,0.0,0.0,0.0,0.0,0.0,0.0,0.0,0.0,0.0,0.0,5335379.247931902,5372772.624340903,3699573.375659135,26468097.999999993,35540444.00000003
0,3.0,2007,3864,216611918.0,271594000.0,217686416.00000003,238428606.0,8558640.999999985,260444734.8321391,5363533.994628616,0.0,2008783.3373197133,0.0,0.8596421699092329,625843.4003339551,0.220044464868717,3.4336277962337225,28091.690173375555,7.178545048430809,3.7084639331802607,0.0,0.0,0.0,0.0,0.0,0.0,0.0,0.0,0.0,0.0,0.013090858647953065,0.0,0.0,2922185.6966246357,0.0,307711.35410295846,569636.8412564367,-230956.6568881414,1312240.546912307,-190171.2518492314,32206.023270810565,-190642.65460756476,0.0,0.0,0.0,0.0,0.0,0.0,0.0,0.0,0.0,0.0,0.0,0.0,4471914.397783268,4469016.367745531,4011471.632254455,12183549.000000002,20664036.999999978
0,3.0,2008,3896,220627517.0,276453889.0,238428606.0,259871212.0,17427007.000000022,272146025.17550427,6657866.567556612,0.0,2050227.9052127758,0.0,0.8410916683422103,634102.0275564906,0.21350319037247864,3.855861662457996,28301.096348405077,7.138332755745969,3.714253908772404,0.0,0.0,0.0,0.0,0.0,0.0,0.0,0.0,0.0,0.0,0.012852594447681701,0.0,0.0,1607980.3420775072,0.0,1078989.4494196323,201435.57276615463,-416508.78024982574,3197706.2327657263,-123934.4200690118,-15018.577444547314,36746.75906284898,0.0,0.0,0.0,0.0,0.0,0.0,0.0,0.0,0.0,0.0,0.0,0.0,5545539.051315204,5598048.2271170365,11853204.772882978,4015598.999999997,21466852.000000007
0,3.0,2009,3996,233875858.0,291441912.0,259871212.0,265098009.99999997,-8021543.000000027,274098010.71598625,-10696569.560473725,0.0,2023554.72850863,0.0,0.8827981087637358,611993.8089560001,0.21985552849103612,2.7867546742007026,26718.434630513202,7.1871427256933895,3.719667871833097,0.0,0.0,0.0,0.0,0.0,0.0,0.0,0.0,0.0,0.0,0.012124534888932401,0.0,0.0,1336821.3959025412,0.0,-3916753.579925182,-230598.71586476525,564144.2212533085,-9292447.167569494,923832.3314811744,58833.94225845384,21269.208814897785,0.0,0.0,0.0,0.0,0.0,0.0,0.0,0.0,0.0,0.0,0.0,0.0,-10458830.2678057,-10436468.827949364,2451912.827949332,13248340.999999993,5263784.999999962
0,3.0,2010,4060,235646395.0,294421222.0,265098009.99999997,269876009.00000006,3007462.000000011,283560613.3617873,7044299.447831287,0.0,1982528.3808937962,0.0,0.8651873394513429,615264.398827478,0.22240931049744173,3.246625268415416,26684.410118294196,7.444620992186191,4.076691308602449,0.0,0.0,0.0,0.0,0.0,0.0,0.0,0.0,0.0,0.0,0.02860671388586276,0.0,0.0,503873.9012553971,0.0,1390218.0508198645,473966.5698146772,283991.0236750587,4475956.128073916,-58087.85068761332,147805.90529065026,-634716.6207296774,0.0,0.0,0.0,0.0,0.0,0.0,0.0,0.0,0.0,0.0,-49138.413400119716,0.0,6504014.206839493,6574830.75771642,-3539389.7577164066,1770537.0000000014,4805978.000000013
0,3.0,2011,4125,236919409.0,295668253.0,269876009.00000006,287425110.0,16276087.00000002,293826717.57101846,9545626.169480624,0.0,1949728.199139898,0.0,0.8306906888688399,617020.6268397063,0.21472784525681413,3.990121873518602,26411.56129793655,7.491383058616358,3.94065808428553,0.0,0.0,0.009358467123307734,0.0,0.0,0.0,0.0,0.0,0.0,0.0,0.02845300445604269,0.0,0.0,-304474.25428768527,0.0,2546088.6653424636,348409.7614694497,-688089.9819957247,6469785.217856508,146883.3864371545,36913.284147152335,211657.40468138785,0.0,0.0,110849.76806010588,0.0,0.0,0.0,0.0,0.0,0.0,0.0,0.0,0.0,8804519.682421738,8870213.401818674,7323352.59818134,1273013.9999999995,17466580.000000022
0,3.0,2012,4224,243128737.0,301877581.0,287425110.0,301877580.99999994,8243142.999999913,300764905.042277,-166266.84585961764,0.0,1938777.7689566044,0.0,0.8320068343787885,610469.6234107456,0.20197159924133992,3.9971519447522175,25911.42290646909,7.336937963075916,3.7964090386403018,0.0,0.0,0.018238917598621826,0.0,0.0,0.0,0.0,0.0,0.0,0.0,0.03892407831658338,0.0,0.0,449711.11083933164,0.0,-372556.0259744086,455520.8138672159,-1151277.838732672,73487.50285037216,312293.78259756335,-56985.72642779949,259677.35406205305,0.0,0.0,107220.16681047098,0.0,0.0,0.0,0.0,0.0,0.0,0.0,-31902.668807282902,0.0,92111.6086676212,153300.71943582554,8057956.280564086,6209327.999999999,14420584.999999916
0,3.0,2013,4224,243128737.0,301877581.0,301877580.99999994,298783692.0,-3093888.9999998854,295015498.0248475,-5749407.017429435,0.0,1949416.4415301268,0.0,0.8907611278946178,620172.3706358834,0.2014419008932525,3.8470331297283056,25928.25258784839,7.3329968277679995,3.70735055148993,0.0,0.0,0.018238917598621826,0.0,0.0,0.0,0.0,0.0,0.0,0.0,0.03892407831658338,0.0,0.0,1097901.7188801353,0.0,-6130261.073780628,797491.2729542232,-46555.26932853016,-1345688.3905061018,-1341.0122188563896,-9072.709499923318,258652.93918076757,0.0,0.0,0.0,0.0,0.0,0.0,0.0,0.0,0.0,0.0,0.0,0.0,-5326544.200765289,-5328118.831669268,2297622.8316693846,0.0,-3030495.9999998864
0,3.0,2014,4224,243128737.0,301877581.0,298783692.0,298485687.0,-298005.00000004907,296924218.70738626,1908720.682538807,0.0,1983243.1022708763,0.0,0.8781128274456821,625088.393797057,0.1988145399328957,3.6342585401930494,26258.916469161846,7.459929426207468,3.8690884562115744,0.0,0.0,0.018238917598621826,0.0,0.0,0.0,0.0,0.0,0.0,0.0,0.0568101828291898,0.0,0.0,3251565.317402568,0.0,1104443.4658447683,472929.2206056794,-270373.03801065346,-1963611.8730571852,-269670.05299308663,64435.86624464215,-366572.01307237317,0.0,0.0,0.0,0.0,0.0,0.0,0.0,0.0,0.0,0.0,-73645.35832267466,0.0,1950125.0894466215,1986122.552656203,-2231769.552656251,0.0,-245647.00000004825
0,3.0,2015,4224,243128737.0,301877581.0,298485687.0,287131858.0,-11353828.999999998,279773423.09729964,-17150795.61008672,0.0,2035892.230277209,0.0,0.9288045453145295,630679.6698876423,0.19578084518176364,2.634675120128644,27161.345336738632,7.265623268859762,3.905388078004124,0.0,0.0,0.018238917598621826,0.0,0.0,0.0,0.5922098916673927,0.0,0.0,0.0,0.11737915621220868,0.0,0.0,3106939.992975945,0.0,-3831482.3947295896,560548.1677308385,-360854.62327273673,-10490451.255377924,-684038.8898364597,-124066.33128077225,-81971.02904601692,0.0,0.0,0.0,0.0,0.0,0.0,-5518188.6503956085,0.0,0.0,0.0,-183809.8331849038,0.0,-17497226.086736966,-17198323.254103344,5912894.254103348,0.0,-11285429.000000002
0,3.0,2016,4224,243128737.0,301877581.0,287131858.0,269108254.0,-18023603.999999985,266409989.7822146,-13363433.315085033,0.0,2074499.4807082796,0.0,0.9851889404050371,635504.8899012532,0.19976252570766106,2.3492466644512686,27554.01532728462,7.094047136216157,4.455275382769746,0.0,0.0,0.018238917598621826,0.0,0.0,0.0,1.3982034546578506,0.0,0.0,0.0,0.1974374876138151,0.0,0.0,2064160.7824940912,0.0,-4197114.922705036,512750.696248556,484009.87782892963,-3404733.58066355,-260005.52433972753,-72185.62720879783,-1233270.903765717,0.0,0.0,0.0,0.0,0.0,0.0,-7445185.35714394,0.0,0.0,0.0,-291168.8765817355,0.0,-13802150.78046945,-13532547.03572616,-4397844.964273828,0.0,-17930391.999999985
0,3.0,2017,4224,243128737.0,301877581.0,269108254.0,261033003.0,-8075250.999999996,261026360.46357605,-4495866.453307381,0.0,2097168.8927671597,0.0,0.978206292968993,640250.3144717482,0.19822757899235907,2.5621947828668237,27745.640499643363,7.061538468128416,4.764771028280382,0.0,0.0,0.018238917598621826,0.0,0.0,0.0,2.2840134977544833,0.0,0.0,0.0,0.42404111612688544,0.0,0.0,1689686.8472291124,0.0,558281.003769759,432605.0195638629,-65017.76891682698,2448467.8877218966,-179496.64240035138,-12653.691428374268,-702134.6554891269,0.0,0.0,0.0,0.0,0.0,0.0,-7718416.494750728,0.0,0.0,0.0,-683561.3691128307,0.0,-4298791.729004973,-4411631.44304778,-3558785.556952215,0.0,-7970416.999999996
0,3.0,2018,4224,243128737.0,301877581.0,261033003.0,258031418.0,-3001585.000000016,257022169.96761277,-4938023.092160269,0.0,2115304.4930434856,0.0,0.9782572760231991,645580.8202127365,0.1981275504767327,2.818959303276437,28075.87722930301,6.992259606684222,5.13436458860476,0.0,0.0,0.018238917598621826,0.0,0.0,0.0,3.270026763640038,0.0,0.0,0.0,0.5792960747375576,0.06724367181654876,0.0,1700203.2465048584,0.0,920046.4401449541,455382.6473579459,-114199.1403875309,2682213.1833595056,-224836.09766772532,-22460.79700291843,-816266.0454796402,0.0,0.0,0.0,0.0,0.0,0.0,-8371976.854505288,0.0,0.0,0.0,-464483.49490555207,-740180.7041970183,-5005548.257537706,-5074845.243769945,2168954.2437699265,0.0,-2905891.0000000177
0,10.0,2002,100,1201007994.0000014,1032661299.0,0.0,1201007994.0000014,0.0,1052453768.1737912,0.0,253905652.00000006,0.0,0.9795634856000001,0.0,25697520.38999998,0.7031992213674026,1.9740000000000002,42439.07499999996,31.709999999999997,3.5,0.0,0.0,0.0,0.0,0.0,0.0,0.0,0.0,0.0,0.0,0.0,0.0,0.0,0.0,0.0,0.0,0.0,0.0,0.0,0.0,0.0,0.0,0.0,0.0,0.0,0.0,0.0,0.0,0.0,0.0,0.0,0.0,0.0,0.0,0.0,0.0,0.0,1201007994.0000014,1201007994.0000014
0,10.0,2003,100,1201007994.0000014,1032661299.0,1201007994.0000014,1127691152.9999995,-73316841.0000019,994695777.8960907,-57757990.277700424,232535028.99999985,0.0,1.1512130358200001,0.0,26042245.26999999,0.7019812107303405,2.2467999999999995,41148.63500000003,31.36,3.5,0.0,0.0,0.0,0.0,0.0,0.0,0.0,0.0,0.0,0.0,0.0,0.0,-70496396.73656301,0.0,-15029581.524140134,0.0,3412580.731123093,-563639.9154558657,15560629.939233765,2543306.3015591586,-858597.8929972929,0.0,0.0,0.0,0.0,0.0,0.0,0.0,0.0,0.0,0.0,0.0,0.0,0.0,-65431699.09724029,-65910551.26464985,-7406289.735352054,0.0,-73316841.0000019
0,10.0,2004,100,1201007994.0000014,1032661299.0,1127691152.9999995,1109237034.0000017,-18454118.999997854,1040922367.6228766,46226589.7267859,243107286.99999982,0.0,1.20597552096,0.0,26563773.749999993,0.6983934181649077,2.5669,39531.590000000004,31.0,3.5,0.0,0.0,0.0,0.0,0.0,0.0,0.0,0.0,0.0,0.0,0.0,0.0,35029327.21074341,0.0,-4284843.787133991,0.0,4771229.215487238,-1558202.7630109466,15660915.919096584,3101436.76895889,-829209.2031849031,0.0,0.0,0.0,0.0,0.0,0.0,0.0,0.0,0.0,0.0,0.0,0.0,0.0,51890653.36095628,52407296.207205415,-70861415.20720327,0.0,-18454118.999997854
0,10.0,2005,100,1201007994.0000014,1032661299.0,1109237034.0000017,1185413968.9999993,76176934.99999762,1100736721.8390517,59814354.21617508,254087770.99999955,0.0,1.1702642382000001,0.0,27081157.49999996,0.6960498952101299,3.0314999999999994,38116.91999999998,30.68,3.5,0.0,0.0,0.0,0.0,0.0,0.0,0.0,0.0,0.0,0.0,0.0,0.0,34231795.24685078,0.0,2745027.610539621,0.0,4565415.265198445,-1001392.0839701347,20101824.51516003,2772677.1409724606,-725042.6002313868,0.0,0.0,0.0,0.0,0.0,0.0,0.0,0.0,0.0,0.0,0.0,0.0,0.0,62690305.09451982,63739908.87802062,12437026.121976994,0.0,76176934.99999762
0,10.0,2006,100,1201007994.0000014,1032661299.0,1185413968.9999993,1159540668.9999998,-25873299.999999523,1113428889.0604725,12692167.221420765,252268421.00000003,0.0,1.202828105,0.0,27655014.75000005,0.700814212384599,3.3499999999999996,36028.75000000002,30.18,3.7000000000000006,0.0,0.0,0.0,0.0,0.0,0.0,0.0,0.0,0.0,0.0,0.0,0.0,-5846314.841907931,0.0,-2670590.355208572,0.0,5304585.611989257,2178593.342616368,13295272.05754502,4584220.195794547,-1210457.0276356044,-1928618.7636528355,0.0,0.0,0.0,0.0,0.0,0.0,0.0,0.0,0.0,0.0,0.0,0.0,13706690.21954025,13668547.639638022,-39541847.639637545,0.0,-25873299.999999523
0,10.0,2007,100,1201007994.0000014,1032661299.0,1159540668.9999998,1100711966.9999993,-58828702.00000048,1127652762.5295458,14223873.469073296,256261700.99999994,0.0,1.23098549827,0.0,27714120.0,0.699781056604655,3.4605999999999995,36660.58,30.400000000000002,3.6,0.0,0.0,0.0,0.0,0.0,0.0,0.0,0.0,0.0,0.0,0.0,0.0,12597367.614961434,0.0,-2228233.8903657845,0.0,527241.2117475577,-461606.617274037,4278234.299738398,-1380161.1264383448,521359.68220032717,944414.543839906,0.0,0.0,0.0,0.0,0.0,0.0,0.0,0.0,0.0,0.0,0.0,0.0,14798615.718409456,14812943.978863128,-73641645.9788636,0.0,-58828702.00000047
0,10.0,2008,100,1201007994.0000014,1032661299.0,1100711966.9999993,1112567173.9999998,11855207.000000477,1158040733.4845042,30387970.95495844,260943221.0000002,0.0,1.24213280256,0.0,27956797.669999957,0.698611198618527,3.9194999999999998,36716.94000000002,30.420000000000005,3.7000000000000006,0.0,0.0,0.0,0.0,0.0,0.0,0.0,0.0,0.0,0.0,0.0,0.0,13795599.179502761,0.0,-830503.9823368686,0.0,2045253.8008170323,-496153.00232520845,15924288.673160275,-115829.95058785383,44982.51340440493,-895770.5746970937,0.0,0.0,0.0,0.0,0.0,0.0,0.0,0.0,0.0,0.0,0.0,0.0,29471866.65693745,29661970.771871135,-17806763.771870658,0.0,11855207.000000477
0,10.0,2009,100,1201007994.0000014,1032661299.0,1112567173.9999998,1079011273.9999983,-33555900.00000143,1116371943.9146507,-41668789.569853544,261208990.99999958,0.0,1.29848948775,0.0,27734538.00000004,0.7070517472051521,2.8430999999999997,35494.290000000015,30.61,3.8999999999999995,0.0,0.0,0.0,0.0,0.0,0.0,0.0,0.0,0.0,0.0,0.0,0.0,779489.9470013129,0.0,-4174784.50587421,0.0,-1889290.46185891,3625017.997143337,-39575891.417528965,2584228.1468277755,432011.5004757966,-1810100.0863105317,0.0,0.0,0.0,0.0,0.0,0.0,0.0,0.0,0.0,0.0,0.0,0.0,-40029318.8801244,-40032553.359534286,6476653.359532855,0.0,-33555900.00000143
0,10.0,2010,100,1201007994.0000014,1032661299.0,1079011273.9999983,1055804062.9999982,-23207211.00000012,1052592435.9544833,-63779507.96016741,234440206.99999973,0.0,1.3328625246499994,0.0,27553600.74999996,0.7119828236147823,3.2889999999999997,35213.00000000002,30.93,3.8999999999999995,0.0,0.0,0.0,0.0,0.0,0.0,0.0,0.0,0.0,0.0,0.0,0.0,-77352327.9673419,0.0,-2422855.8371816706,0.0,-1502751.2878259523,2052518.782905749,17514748.109266073,588299.240478941,705747.1149157155,0.0,0.0,0.0,0.0,0.0,0.0,0.0,0.0,0.0,0.0,0.0,0.0,0.0,-60416621.84478306,-61645053.437902085,38437842.437901966,0.0,-23207211.00000012
0,10.0,2011,100,1201007994.0000014,1032661299.0,1055804062.9999982,1024067732.9999994,-31736329.999998808,1058549524.0980632,5957088.14357996,228510747.99999994,0.0,1.4103132355200003,0.0,27682634.670000013,0.7118492125651293,4.0656,34147.68000000002,31.299999999999997,3.8999999999999995,0.0,0.0,0.0,0.0,0.0,0.0,0.0,0.0,0.0,0.0,0.0,0.0,-18445434.65626774,0.0,-5209260.516771189,0.0,1050863.0919453842,-54365.227973507855,26089986.53224472,2224347.358063316,798510.0584598576,0.0,0.0,0.0,0.0,0.0,0.0,0.0,0.0,0.0,0.0,0.0,0.0,0.0,6454646.639700837,5975264.167595552,-37711594.16759436,0.0,-31736329.999998808
0,10.0,2012,100,1201007994.0000014,1032661299.0,1024067732.9999994,1032661299.000001,8593566.00000155,1053603782.9999607,-4945741.09810257,227959423.99999982,0.0,1.36910030643,0.0,27909105.42000003,0.7070256588618667,4.109300000000001,33963.31,31.51,4.1,0.0,0.0,0.0,1.0,0.0,0.0,0.0,0.0,0.0,0.0,0.0,0.0,-1700536.1189333904,0.0,2678163.837002813,0.0,1778180.626905933,-1901949.0630813392,1291107.5943226411,379878.2453194372,439513.59865569975,-1666115.2110273656,0.0,0.0,0.0,-6065502.879975566,0.0,0.0,0.0,0.0,0.0,0.0,0.0,0.0,-4767259.370811136,-4784635.729399867,13378201.729401417,0.0,8593566.00000155
0,10.0,2013,100,1201007994.0000014,1032661299.0,1032661299.000001,1031511812.0000011,-1149486.9999998808,1030120096.0334198,-23483686.966540813,232024740.99999997,0.0,1.6314814638000001,0.0,28818049.080000035,0.7081898861779363,3.9420000000000006,33700.32,29.93,4.2,0.0,0.0,0.0,2.0,0.0,0.0,0.0,0.0,0.0,0.0,1.0,0.0,12635358.280626718,0.0,-16296376.735878661,0.0,7071147.362665722,463446.71850908606,-5030578.217256465,550073.4305220037,-3328474.9858165598,-840390.250134056,0.0,0.0,0.0,-6116402.149274454,0.0,0.0,0.0,0.0,0.0,0.0,-12047091.631304113,0.0,-22939288.177340783,-23016901.684927184,21867414.684927303,0.0,-1149486.9999998808
0,10.0,2014,100,1201007994.0000014,1032661299.0,1031511812.0000011,1020949725.9999985,-10562086.000002623,1022170671.5750966,-7949424.45832324,232003465.00000018,0.0,1.6276280739800004,0.0,29110612.08000001,0.7103362327597715,3.7523999999999997,33580.79999999999,30.2,4.2,0.0,0.0,0.0,3.0,0.0,0.0,0.0,0.0,0.0,0.0,1.0,0.0,-65077.28380082731,0.0,228941.62214429103,0.0,2220941.3354048864,853611.744666377,-5902115.521407546,251093.6960556419,569231.5109823431,0.0,0.0,0.0,0.0,-6109593.79423668,0.0,0.0,0.0,0.0,0.0,0.0,0.0,0.0,-7952966.690191513,-7960164.313789061,-2601921.6862135613,0.0,-10562086.000002623
0,10.0,2015,100,1201007994.0000014,1032661299.0,1020949725.9999985,997331165.9999996,-23618559.999998808,981475465.0667814,-40695206.508315206,232760765.0,0.0,1.6811518782800001,0.0,29378317.829999972,0.7135012348669447,2.7030000000000003,34173.339999999975,30.169999999999998,4.1,0.0,0.0,0.0,4.0,0.0,0.0,0.0,0.0,0.0,0.0,1.0,0.0,2291660.4739736686,0.0,-3113005.74819614,0.0,1991961.3280410594,1246091.544244184,-36689296.19080277,-1222638.5975820767,-62581.13869438103,831535.965526161,0.0,0.0,0.0,-6047035.0776722105,0.0,0.0,0.0,0.0,0.0,0.0,0.0,0.0,-40773307.44116251,-40646597.56883402,17028037.568835214,0.0,-23618559.999998808
0,10.0,2016,100,1201007994.0000014,1032661299.0,997331165.9999996,999255570.0000013,1924404.000001669,957230642.0735056,-24244822.99327576,232107588.99999964,0.0,1.68756526155,0.0,29437697.49999995,0.7142650075002228,2.4255,35302.049999999996,29.879999999999995,4.5,0.0,0.0,0.0,5.0,0.0,0.0,0.0,0.0,0.0,0.0,1.0,0.0,-1926386.6350526973,0.0,-360785.6504932309,0.0,428885.38151236984,293612.1978243045,-11330554.741049258,-2217721.475519709,-590799.1793376725,-3242591.9498343915,0.0,0.0,0.0,-5907143.506944565,0.0,0.0,0.0,0.0,0.0,0.0,0.0,0.0,-24853485.55889485,-24636497.239084873,26560901.239086542,0.0,1924404.000001669
0,10.0,2017,100,1201007994.0000014,1032661299.0,999255570.0000013,942661585.999999,-56593984.000002265,957402556.8135582,171914.74005258083,230935446.9999999,0.0,1.7337943710600001,0.0,29668394.669999976,0.7155507514900755,2.6928000000000005,35945.81999999998,30.000000000000004,4.5,0.0,0.0,0.0,6.0,0.0,0.0,0.0,0.0,0.0,0.0,1.0,0.0,-3474589.7241279623,0.0,-2577538.978554143,0.0,1662325.0602236392,495273.824862915,11074015.247283187,-1236346.1431936938,245042.9593070667,0.0,0.0,0.0,0.0,-5918541.657309143,0.0,0.0,0.0,0.0,0.0,0.0,0.0,0.0,269640.58849186543,179462.2466226736,-56773446.24662494,0.0,-56593984.000002265
0,10.0,2018,100,1201007994.0000014,1032661299.0,942661585.999999,935808062.9999993,-6853522.999999762,958110952.6283615,708395.8148032427,230662402.0000001,0.0,1.7232403280000002,0.0,29807700.83999996,0.7144049260778089,2.9199999999999995,36801.50000000002,30.010000000000005,4.6,0.0,0.0,0.0,7.0,0.0,0.0,0.0,0.0,0.0,0.0,1.0,0.0,-766960.3088665,0.0,552353.6860884689,0.0,940734.9515593214,-416183.6953214778,8291975.54955128,-1518036.416403753,19261.557740357344,-767147.5698929087,0.0,0.0,0.0,-5583338.269994425,0.0,0.0,0.0,0.0,0.0,0.0,0.0,0.0,752659.4844603641,697488.7601310659,-7551011.760130827,0.0,-6853522.999999762
1,1.0,2002,140,1288939109.9999993,1600147407.0,0.0,1288939109.9999993,0.0,1001003843.3666238,0.0,49932404.401088044,0.0,1.6442848039163855,0.0,8455732.946906213,0.4434556536420732,1.9562821014237048,43683.908616914974,11.084471518324863,3.9025609440930067,0.0,0.0,0.0,0.0,0.0,0.0,0.0,0.0,0.0,0.0,0.0,0.0,0.0,0.0,0.0,0.0,0.0,0.0,0.0,0.0,0.0,0.0,0.0,0.0,0.0,0.0,0.0,0.0,0.0,0.0,0.0,0.0,0.0,0.0,0.0,0.0,0.0,1288939109.9999993,1288939109.9999993
1,1.0,2003,140,1288939109.9999993,1600147407.0,1288939109.9999993,1274900577.9999995,-14038531.999999512,1299696643.206254,62967172.51783887,53602940.28816924,0.0,1.6341998736408214,0.0,8598581.789669557,0.4474937843691494,2.234123263712589,42670.71677801889,10.997673646437804,3.9025609440930067,0.0,0.0,0.0,0.0,0.0,0.0,0.0,0.0,0.0,0.0,0.0,0.0,55079866.344601125,0.0,345965.73230161006,0.0,4993501.660876718,-2697205.0992056765,16977433.377277188,2105306.7416384397,-228443.53027813463,0.0,0.0,0.0,0.0,0.0,0.0,0.0,0.0,0.0,0.0,0.0,0.0,0.0,71386088.37524351,72137582.07450244,-82414170.07450229,0.0,-10276587.999999873
1,1.0,2004,150,1296634996.9999993,1611534497.0,1274900577.9999995,1354636471.0000007,72040006.00000082,1356248435.3246794,49800923.57054995,53750208.32053817,0.0,1.6039632578583236,0.0,8769753.884576874,0.4460377742324066,2.5561682244003165,41259.96284920821,10.890791800554803,3.8966104678570535,0.0,0.0,0.0,0.0,0.0,0.0,0.0,0.0,0.0,0.0,0.0,0.0,20940067.25783003,0.0,2635803.807260299,0.0,5984350.820628274,-736360.9373932431,18007443.892618164,2856337.8817975656,-225272.78060975706,0.0,0.0,0.0,0.0,0.0,0.0,0.0,0.0,0.0,0.0,0.0,0.0,0.0,49462369.94213135,50293447.428481184,21746558.571519643,7695887.0000000065,79735893.00000083
1,1.0,2005,160,1304536664.9999993,1622733011.0,1354636471.0000007,1404388432.999999,41850293.99999857,1404229890.8840451,39062349.4971783,53886815.94728081,0.0,1.6171605728613287,0.0,8932883.770892609,0.44446829477549893,3.015366314497108,40066.28686063777,10.770660834933297,3.8984481190492253,0.0,0.0,0.0,0.0,0.0,0.0,0.0,0.0,0.0,0.0,0.0,0.0,8221409.920491791,0.0,-1345741.0384930037,0.0,6501806.343381344,-528537.3905899753,24406894.14822888,2784260.003608073,-252583.5692878561,0.0,0.0,0.0,0.0,0.0,0.0,0.0,0.0,0.0,0.0,0.0,0.0,0.0,39787508.41733925,40060388.60489107,1789905.3951075068,7901667.999999994,49751961.99999857
1,1.0,2006,160,1304536664.9999993,1622733011.0,1404388432.999999,1466313949.0000007,61925516.00000182,1464931350.8709903,60701459.986945495,55602614.908346206,0.0,1.658079210260276,0.0,9184079.128083345,0.4443989649861208,3.3069910161743135,38280.206029726636,10.702248974849624,4.164099051137056,0.0,0.0,0.0,0.0,0.0,0.0,0.0,0.0,0.0,0.0,0.0,0.0,40116773.30796291,0.0,-2928436.4373637824,0.0,8574543.216315636,-9027.365688807331,14528824.395234149,4446449.007723949,-201188.64922616194,-3058356.816588226,0.0,0.0,0.0,0.0,0.0,0.0,0.0,0.0,0.0,0.0,0.0,0.0,61469580.658369675,61915203.46819244,10312.53180937795,0.0,61925516.00000182
1,1.0,2007,160,1304536664.9999993,1622733011.0,1466313949.0000007,1490391379.0000002,24077429.999999464,1528402055.431707,63470704.56071621,59370868.79309195,0.0,1.6687248847563712,0.0,9248151.068920162,0.436462752570804,3.4716298018220133,38809.484575858114,10.561024614543891,4.380766749396039,0.0,0.0,0.0,0.0,0.0,0.0,0.0,0.0,0.0,0.0,0.0,0.0,69054298.8420626,0.0,-1200780.7566149235,0.0,2459368.1104831058,-4397874.728817881,8060074.797631299,-1341916.3998184062,-409840.45197679574,-2588511.851777679,0.0,0.0,0.0,0.0,0.0,0.0,0.0,0.0,0.0,0.0,0.0,0.0,69634817.56117132,69447546.88304135,-45370116.883041896,0.0,24077429.999999464
1,1.0,2008,160,1304536664.9999993,1622733011.0,1490391379.0000002,1563634307.000001,73242928.00000069,1574197125.9414606,45795070.509754,60720696.18024268,0.0,1.722467661812845,0.0,9291879.474183628,0.4400733086625724,3.9047266684501354,38748.318441506344,10.706049757620264,4.476041056308677,0.0,0.0,0.0,0.0,0.0,0.0,0.0,0.0,0.0,0.0,0.18946376796546413,0.0,29897357.2829495,0.0,-4890807.212057352,0.0,2080501.2393563096,1934299.263472584,20374260.72051998,74027.65801469627,440726.3933217912,-1082740.1113789384,0.0,0.0,0.0,0.0,0.0,0.0,0.0,0.0,0.0,0.0,-3316020.75039381,0.0,45511604.483804755,45623174.324776076,27619753.675224595,0.0,73242928.00000069
1,1.0,2009,170,1315885005.9999993,1636775019.0,1563634307.000001,1542166468.9999995,-32816179.000001542,1530257899.4532254,-59453850.67512299,60228814.57282232,0.0,1.8289380326975502,0.0,9223489.118233902,0.4415106811686826,2.8462521151519984,37103.4499177851,10.803246040976623,4.639437237040757,0.0,0.0,0.0,0.0,0.0,0.0,0.0,0.0,0.0,0.0,0.18782981101921636,0.0,4025610.8214138583,0.0,-10312024.228255972,0.0,-681914.3140399654,696651.5179075932,-54914876.225031726,4732367.491397474,389606.6332894618,-2120389.8078597225,0.0,0.0,0.0,0.0,0.0,0.0,0.0,0.0,0.0,0.0,0.0,0.0,-58184968.111179,-58138755.254665434,25322576.2546639,11348341.000000006,-21467838.00000153
1,1.0,2010,190,1357920541.9999993,1684310471.0,1542166468.9999995,1584263533.0000002,61528.000000629574,1609668305.7803028,32449975.068732843,58542062.920650855,0.0,1.846390263400272,0.0,9075411.166639486,0.45550484064964714,3.304943030857029,36269.585627315035,11.060411609569712,4.865012725022904,0.0,0.0,0.0,0.0,0.0,0.0,0.0,0.0,0.0,0.0,0.19551027088004713,0.0,-3684261.911127081,0.0,-119585.06979498384,0.0,900544.8503456247,8715834.287859146,25597325.41978202,2567016.8451254154,896803.0706914412,-2894614.731206485,0.0,0.0,0.0,0.0,0.0,0.0,0.0,0.0,0.0,0.0,-346398.74803839356,0.0,31632664.013636716,31295970.12331195,-31234442.12331133,42035535.99999999,42097064.000000626
1,1.0,2011,190,1357920541.9999993,1684310471.0,1584263533.0000002,1649966415.0000002,65702881.99999989,1652541010.3301523,42872704.54984957,58648128.68359217,0.0,1.863772877404261,0.0,9159450.960259007,0.4507592559067491,4.056169194948374,35668.31905650291,11.3570696908715,4.82736323558761,0.0,0.0,0.0,0.0,0.0,0.0,0.0,0.0,0.1208466872136027,0.0,0.3589718366599392,0.0,5370334.249297954,0.0,-1473328.32522691,0.0,3478132.4937633746,-2836370.17976949,37739599.620622426,1819648.0555344005,966454.2728311691,503612.1969742838,0.0,0.0,0.0,0.0,0.0,0.0,0.0,0.0,53639.71033314,0.0,-2768753.970388399,0.0,42852968.12397195,42973058.5000833,22729823.499916594,0.0,65702881.99999989
1,1.0,2012,190,1357920541.9999993,1684310471.0,1649966415.0000002,1684310471.0000002,34344055.99999991,1687133092.5280638,34592082.19791133,60228514.52697459,0.0,1.8775762907935953,0.0,9265369.143684365,0.4466755296707426,4.085068444387153,35332.063055995495,11.244313444527004,4.885890043704782,0.0,0.0,0.0,0.0,0.0,0.0,0.0,0.0,0.6199917424918077,0.0,0.3646392426398688,0.0,34473675.10322414,0.0,-902024.6851716348,0.0,4412041.1541047385,-2566056.7275974024,1400610.181093275,1030524.344640005,-381244.75901991694,-805577.9738797277,0.0,0.0,0.0,0.0,0.0,0.0,0.0,0.0,231793.2065954471,0.0,-125852.27290577408,0.0,36767887.57108316,36914351.179059826,-2570295.1790599152,0.0,34344055.99999991
1,1.0,2013,190,1357920541.9999993,1684310471.0,1684310471.0000002,1692923428.0000007,8612957.000000417,1702425172.6523392,15292080.12427546,61513379.605220124,0.0,2.0084616362367496,0.0,9360035.10936126,0.447001312958766,3.9264334458579833,35625.734670719845,10.910247641198138,4.8874813217163915,0.0,0.0,0.0,0.0,0.0,0.0,0.0,0.0,1.5435997977560605,0.0,0.3646392426398688,0.0,32167905.510588627,0.0,-11214281.434621759,0.0,3997519.661484261,175258.1995950262,-7866674.257292399,-995583.6175780746,-1148345.8023765138,-39844.11203086929,0.0,0.0,0.0,0.0,0.0,0.0,0.0,0.0,445064.891301989,0.0,0.0,0.0,15521019.039070297,15262424.491525298,-6649467.491524878,0.0,8612957.000000417
1,1.0,2014,190,1357920541.9999993,1684310471.0,1692923428.0000007,1741056553.0,48133124.999999456,1733847897.127785,31422724.47544563,63396051.76603467,0.0,1.9796424919522995,0.0,9471627.209540077,0.4466202100586377,3.7159925873714332,35762.04471530624,10.881987696176997,5.140236139531057,0.0,0.0,0.0,0.0,0.0,0.0,0.0,0.0,2.4966078729516705,0.0,0.5987567783623675,0.0,44211483.8433237,0.0,1991490.4304491105,0.0,4717118.209578033,-238034.44045827686,-10793957.710992455,-603504.691877278,-130423.94582041181,-3346646.2949444996,0.0,0.0,0.0,0.0,0.0,0.0,0.0,0.0,462706.43509539106,0.0,-4713413.421932568,0.0,31556818.412420757,31474441.01517026,16658683.9848292,0.0,48133124.999999456
1,1.0,2015,190,1357920541.9999993,1684310471.0,1741056553.0,1722971063.9999995,-18085489.000000395,1665262043.0269234,-68585854.10086162,64060397.62307824,0.0,2.122487683628581,0.0,9569548.79507277,0.44756879555497125,2.7360909293352447,36783.35747773423,10.884981084644346,5.16425613723428,0.0,0.0910076931438012,0.0,0.0,0.0,0.0,0.0,0.0,3.4966078729516705,0.0,0.9008946342311095,0.0,22171950.197685383,0.0,-10909338.720845964,0.0,4368588.053411571,545073.3625044766,-57898826.18326934,-3494486.800510583,-43392.80970881367,-440760.3581763295,0.0,-17755045.54733113,0.0,0.0,0.0,0.0,0.0,0.0,505280.2685583725,0.0,-6032928.660855613,0.0,-68983887.19853795,-68694033.39406171,50608544.39406133,0.0,-18085489.000000395
1,1.0,2016,190,1357920541.9999993,1684310471.0,1722971063.9999995,1698078949.999999,-24892114.000000734,1644910514.2378812,-20351528.789042428,64564961.195389844,0.0,2.171830991596365,0.0,9643203.331598146,0.44732073067716066,2.4334024777688352,37603.83612886715,10.803431240610838,5.6704454833263735,0.0,0.1820153862876024,0.0,0.0,0.0,0.0,0.0,0.0,4.49660787295167,0.0,0.9949276288361797,0.0,28192905.834902026,0.0,-3374337.712783241,0.0,3290933.2413946907,-147473.2781131981,-21427022.336127542,-2550241.658513621,-350049.1871843415,-6988104.766197406,0.0,-17067543.011808306,0.0,0.0,0.0,0.0,0.0,0.0,500031.5931358634,0.0,-2173701.10699006,0.0,-22094602.388285138,-21746590.18529724,-3145523.8147034952,0.0,-24892114.000000734
1,1.0,2017,190,1357920541.9999993,1684310471.0,1698078949.999999,1666633098.0000002,-31445851.999998268,1695245362.2708373,50334848.03295663,66495613.31006766,0.0,2.1295453972595495,0.0,9739666.04848402,0.4462680239800177,2.64736159722076,38453.509365151076,10.609794983468186,5.822516760041766,0.0,0.1820153862876024,0.0,0.0,0.0,0.0,0.0,0.0,5.496607872951671,0.0,0.9949276288361797,0.0,35894566.3982929,0.0,2638710.0606284305,0.0,4026574.055205418,-732507.0094725474,15154418.83866095,-2580593.7917534327,-580424.2859614252,-2069618.7710261485,0.0,0.0,0.0,0.0,0.0,0.0,0.0,0.0,492807.53483331477,0.0,0.0,0.0,52243933.02940746,52599701.06349306,-84045553.06349131,0.0,-31445851.999998268
1,1.0,2018,190,1357920541.9999993,1684310471.0,1666633098.0000002,1636184632.9999995,-30448465.000000685,1700760435.011355,5515072.740517372,67315268.82172273,0.0,2.116286539335175,0.0,9822983.810592208,0.4470219405706023,2.920064226607745,39392.24943188705,10.449703000913876,6.063117554101335,0.0,0.0910076931438012,0.0,0.0,0.0,0.0,0.0,0.0,6.496607872951672,0.0,1.0,0.6438468076433298,13419822.499034194,0.0,595114.004598788,0.0,3513571.342174323,509743.9173810594,18130051.108555857,-2725076.5050240755,-497213.989537568,-3215564.3413622,0.0,16269743.558883537,0.0,0.0,0.0,0.0,0.0,0.0,483681.4851847679,0.0,-100985.31328323745,-39955230.11553814,6427657.651067302,5791717.11133025,-36240182.11133094,0.0,-30448465.000000685
1,2.0,2002,131,47103514.99999999,65733970.0,0.0,47103514.99999999,0.0,45765599.2171268,0.0,0.0,2988066.6864974704,0.0,1.2244613250611416,2748238.41346597,0.3866640822278649,1.9586372174560647,35513.76978510316,7.6754355225931645,3.550166844236571,0.0,0.0,0.0,0.0,0.0,0.0,0.0,0.0,0.0,0.0,0.31724360697922416,0.0,0.0,0.0,0.0,0.0,0.0,0.0,0.0,0.0,0.0,0.0,0.0,0.0,0.0,0.0,0.0,0.0,0.0,0.0,0.0,0.0,0.0,0.0,0.0,0.0,0.0,47103514.99999999,47103514.99999999
1,2.0,2003,155,47563478.99999999,66035486.0,47103514.99999999,47597707.99999998,34228.99999998859,50119785.15606146,3976315.310159684,0.0,3067152.004992234,0.0,0.9542567032798952,2800412.087069391,0.3834665949560622,2.224829338305972,34792.15395338046,7.721179241325051,3.558385180360755,0.0,0.0,0.0,0.0,0.0,0.0,0.0,0.0,0.0,0.0,0.31417569349794594,0.0,0.0,480539.82156774396,0.0,3486906.7150224564,183354.7191098843,-52164.933500125044,597880.3211708473,61848.3848176601,4270.757788610161,0.0,0.0,0.0,0.0,0.0,0.0,0.0,0.0,0.0,0.0,0.0,0.0,0.0,4762635.785977077,4992384.007035503,-4958155.007035514,459964.0,494192.9999999886
1,2.0,2004,155,47563478.99999999,66035486.0,47597707.99999998,52276659.00000001,4678951.000000035,52868253.85640928,2748468.70034782,0.0,2963269.754665506,0.0,0.8875860043211086,2846929.327745254,0.38021307951249844,2.5316819613868025,33820.02908885765,7.764047847719464,3.558385180360755,0.0,0.0,0.0,0.0,0.0,0.0,0.0,0.0,0.0,0.0,0.31417569349794594,0.0,0.0,596467.6712919708,0.0,1001629.3798375207,199219.7140985195,-58747.531346248594,638289.282640357,89551.29891329455,4466.2357732487835,0.0,0.0,0.0,0.0,0.0,0.0,0.0,0.0,0.0,0.0,0.0,0.0,0.0,2470876.0512086623,2523210.5078216684,2155740.4921783665,0.0,4678951.000000035
1,2.0,2005,155,47563478.99999999,66035486.0,52276659.00000001,58690113.00000001,6413453.999999994,56212607.50202844,3344353.645619166,0.0,3111608.723926416,0.0,0.8444540385382715,2900400.9844958903,0.37600376212261766,2.9878722656284245,32966.477874574084,7.782543499393725,3.558385180360755,0.0,0.0,0.0,0.0,0.0,0.0,0.0,0.0,0.0,0.0,0.31417569349794594,0.0,0.0,1442132.6722049892,0.0,620886.9613648185,250932.46793372105,-83842.62036692997,932907.472169677,85117.0060193536,2265.0478552241857,0.0,0.0,0.0,0.0,0.0,0.0,0.0,0.0,0.0,0.0,0.0,0.0,0.0,3250399.0071808533,3317769.2993412297,3095684.7006587638,0.0,6413453.999999994
1,2.0,2006,155,47563478.99999999,66035486.0,58690113.00000001,64424944.99999997,5734831.999999959,59408712.56190317,3196105.0598747274,0.0,3372635.915642189,0.0,0.8251541095091743,2968493.450452537,0.37538676958347605,3.273630072875872,31633.004303496185,7.8729895351010795,3.603952780661818,0.0,0.0,0.0,0.0,0.0,0.0,0.0,0.0,0.0,0.0,0.31417569349794594,0.0,0.0,1829181.211271934,0.0,474006.7545997778,326625.76100931776,-7781.974537277194,597353.1959137124,160759.4093292146,13219.908906075456,-31977.713524274008,0.0,0.0,0.0,0.0,0.0,0.0,0.0,0.0,0.0,0.0,0.0,0.0,3361386.552968481,3404804.667391196,2330027.3326087627,0.0,5734831.999999959
1,2.0,2007,199,49238964.999999985,73818234.0,64424944.99999997,70014924.00000001,3914493.000000055,64161076.32350128,865330.5537333535,0.0,3742531.768847252,0.0,0.9980241334568685,2929215.472349011,0.37154202438963596,3.471538263771386,32002.695562030396,7.680723815579795,3.9632681860798664,0.0,0.0,0.0,0.0,0.0,0.0,0.0,0.0,0.0,0.0,0.30348503466715826,0.0,0.0,2506155.197279308,0.0,-1425742.0350984647,104157.76117258883,-156850.6334441949,445470.29818761715,-75634.38899246573,-34115.904090273885,-189651.59376567707,0.0,0.0,0.0,0.0,0.0,0.0,0.0,0.0,0.0,0.0,0.0,0.0,1173788.7012484372,1177526.795433678,2736966.2045663777,1675486.0000000012,5589979.000000056
1,2.0,2008,223,53725603.999999985,78291320.0,70014924.00000001,83554060.99999996,9052497.999999935,75878957.02472763,7395492.101898066,0.0,3896924.8286649873,0.0,0.9397704566662355,2895500.6518289633,0.35047201012238266,3.8638884750686096,32021.54596663316,7.630155217612816,3.987652155571858,0.0,0.0,0.0,0.0,0.0,0.0,0.0,0.0,0.0,0.0,0.27814092141244223,0.0,0.0,5017934.472139608,0.0,-575019.6523542351,29833.19519493549,18768.551779763206,861676.2460307402,40983.97981909838,18527.538784533604,18598.065348729255,0.0,0.0,0.0,0.0,0.0,0.0,0.0,0.0,0.0,0.0,0.0,0.0,5431302.396743172,5376017.783275057,3676480.216724878,4486638.999999996,13539136.999999931
1,2.0,2009,223,53725603.999999985,78291320.0,83554060.99999996,73672879.00000001,-9881181.999999946,70478617.55003859,-5400339.474689048,0.0,3862212.998123986,0.0,1.1350311080918885,2873615.5909563685,0.3530681851555629,2.800585588102462,30718.835568126135,7.974824460233151,4.058198755662198,0.0,0.0,0.0,0.0,0.0,0.0,0.0,0.0,0.0,0.0,0.27814092141244223,0.0,0.0,274714.8573752512,0.0,-4294504.043459834,-102455.33066900172,80456.59422775623,-2962085.7218414345,216557.29978691493,59750.21357652132,-52102.67041297911,0.0,0.0,0.0,0.0,0.0,0.0,0.0,0.0,0.0,0.0,0.0,0.0,-6779668.801416805,-6560739.917019083,-3320442.082980863,0.0,-9881181.999999946
1,2.0,2010,245,54891290.999999985,79420623.0,73672879.00000001,70894166.99999999,-3944399.000000025,72057111.27929233,589520.2148820267,0.0,3651703.660462585,0.0,1.1679414328146647,2852151.6969436985,0.35513308630725005,3.2660852247490406,29966.431743469093,7.930105432754352,4.0089942719693,0.0,0.0,0.0,0.0,0.0,0.0,0.0,0.0,0.0,0.0,0.2722342420403264,0.0,0.0,-645203.630753182,0.0,-453567.4944379265,38054.34331266562,52561.33955507041,1264465.3256318734,131308.67645310613,6480.255180059588,52559.65029004373,0.0,0.0,0.0,0.0,0.0,0.0,0.0,0.0,0.0,0.0,0.0,0.0,446658.4652317105,461737.4994451583,-4406136.499445183,1165687.0000000005,-2778712.000000024
1,2.0,2011,268,55360618.999999985,80022377.0,70894166.99999999,75273404.99999997,3909909.999999983,76078715.06143788,4021603.7821455514,0.0,3875937.024187538,0.0,1.197579923785102,2865273.642831006,0.3532018858437294,3.992770496037986,29426.82216751658,8.350291656962867,4.079186161195199,0.0,0.0,0.0,0.0,0.0,0.0,0.0,0.0,0.0,0.0,0.269926335180609,0.0,0.0,2337475.855799879,0.0,-310408.7465601218,98650.48951500516,-71253.3070488666,1641420.951260142,101789.01071292048,69265.67052519773,-60082.69248639146,0.0,0.0,0.0,0.0,0.0,0.0,0.0,0.0,0.0,0.0,0.0,0.0,3806857.2317177644,3810090.895473599,99819.10452638385,469328.00000000006,4379237.999999982
1,2.0,2012,290,57011928.999999985,81673687.0,75273404.99999997,81673687.00000003,4748972.000000066,81013614.85086165,3126600.5828065556,0.0,4140949.1879227594,0.0,1.1695809610757317,2873847.8133243476,0.34747122969710204,4.003753191483839,29075.687025196436,8.362440679388342,4.424885790129991,0.0,0.0,0.0,0.0,0.0,0.0,0.0,0.0,0.0,0.0,0.34080460599745693,0.0,0.0,2785395.1953873457,0.0,403651.6147335621,155025.7756097065,-205728.96482429878,28245.96823803261,72184.49683647633,-1642.328600234846,-181396.39516294768,0.0,0.0,0.0,0.0,0.0,0.0,0.0,0.0,0.0,0.0,-50385.49218815048,0.0,3047768.3617102625,2978001.7745541455,1638544.2254459208,1651310.0000000002,6267856.000000066
1,2.0,2013,290,57011928.999999985,81673687.0,81673687.00000003,85768165.99999997,4094478.9999999423,83982437.36206761,2968822.5112059405,0.0,4862612.5704346225,0.0,1.250058703893384,2917601.6226869817,0.34637836707024877,3.8547261390717016,29719.319661893907,8.199510983920575,4.380354557026127,0.0,0.0,0.0,0.0,0.0,0.0,0.0,0.0,0.0,0.0,0.5100678842141967,0.0,0.0,4951317.775917579,0.0,-1548170.0775174897,232018.75856407115,-48062.29177999701,-363235.0944107565,-118532.48423513063,-25422.21685854407,-6000.285830679122,0.0,0.0,0.0,0.0,0.0,0.0,0.0,0.0,0.0,0.0,-226369.78873422998,0.0,2851926.5863574184,2683597.5804978837,1197604.4195020583,0.0,3881201.9999999423
1,2.0,2014,290,57011928.999999985,81673687.0,85768165.99999997,84117985.99999999,-1650179.9999999802,84358962.18430032,376524.8222327139,0.0,4904447.609659306,0.0,1.2614354281215399,2945078.256791731,0.3441530957093445,3.6457047931179454,29682.614953850454,8.201402916572075,4.447543507956028,0.0,0.0,0.0,0.0,0.0,0.0,0.0,0.0,0.0,0.2349181870341555,0.5181357396274032,0.0,0.0,1113179.7446968525,0.0,111094.68268816522,195822.97144301326,-72068.24812298978,-540135.4776911695,-15236.061490154865,-2080.979072279254,-60198.09574385154,0.0,0.0,0.0,0.0,0.0,0.0,0.0,0.0,0.0,-276190.0627153502,-3461.6708336204133,0.0,434946.5608889266,416240.10858603485,-2029283.1085860147,0.0,-1613042.9999999797
1,2.0,2015,290,57011928.999999985,81673687.0,84117985.99999999,82760977.00000003,-1357008.9999999716,79768445.87026645,-4590516.314033845,0.0,4977211.784673998,0.0,1.2778337219458034,2976106.336919764,0.34353704348631453,2.670304746222497,31204.059856400225,7.951851918920337,4.584447344344374,0.0,0.0,0.0,0.0,0.0,0.0,0.0,0.0,0.0,1.208919136905541,0.6795255603436957,0.0,0.0,543958.9597784791,0.0,-699769.9746311319,213543.89274857912,-7819.086927556557,-2873017.315083081,-295844.3805723505,-40043.86947907325,-118734.59091878809,0.0,0.0,0.0,0.0,0.0,0.0,0.0,0.0,0.0,-1186362.6323011494,-119903.08248586165,0.0,-4665503.030220868,-4581348.510219707,3164484.510219736,0.0,-1416863.9999999711
1,2.0,2016,290,57011928.999999985,81673687.0,82760977.00000003,81652157.00000003,-1108819.999999999,79424252.84949353,-344193.0207729409,0.0,5050092.680462525,0.0,1.2250585189097662,2998380.811708595,0.34039172880135266,2.36845730098871,31958.851422673306,7.482956867325082,5.269407688345365,0.0,0.0,0.0,0.0,0.0,0.0,0.0,0.0,0.0,2.2089191369055414,0.7795800945447751,0.0,0.0,1345547.5958936024,0.0,1274803.5869647572,175430.0835033202,-114402.33830355942,-1033420.2862442664,-102837.2483910797,-50948.650192741676,-455845.4089973445,0.0,0.0,0.0,0.0,0.0,0.0,0.0,0.0,0.0,-1280742.1226226073,-60879.17406458944,0.0,-332609.8526440107,-358199.338886869,-723438.661113131,0.0,-1081638.0000000002
1,2.0,2017,290,57011928.999999985,81673687.0,81652157.00000003,78504089.99999999,-3148067.000000043,78331974.95907882,-1092277.8904146974,0.0,5041073.941953198,0.0,1.2577969833949754,3021319.5660561216,0.33817861116871034,2.5841557617845203,31693.827253182753,7.404936930129131,5.509938058752582,0.0,0.0,0.0,0.0,0.0,0.0,0.0,0.0,0.0,3.208919136905541,0.8055791446733894,0.0,0.0,126443.27900299928,0.0,-447646.8447830126,181292.78405947346,-86973.3432323246,757261.5763781649,30821.81347101077,-37029.024092689826,-225719.96349016763,0.0,0.0,0.0,0.0,0.0,0.0,0.0,0.0,0.0,-1263582.9187093137,-94184.32528331365,0.0,-1099384.8056773492,-1101120.5915735667,-2061912.4084264762,0.0,-3163033.000000043
1,2.0,2018,290,57011928.999999985,81673687.0,78504089.99999999,76851197.00000004,-1652892.9999999441,78003979.24272753,-327995.7163512883,0.0,5087908.412124013,0.0,1.2557276465082503,3045539.47900957,0.34064764087298893,2.867404808737484,31798.715648167254,7.234377963250462,5.8615759225582424,0.0,0.0,0.0,0.0,0.0,0.0,0.0,0.0,0.0,4.208919136905541,0.8403890175335061,0.5472642751659921,0.0,1445916.8867870136,0.0,282584.09740604623,161244.48247627827,90278.60602851879,909683.066954959,-21173.390285437286,-37658.0582532138,-275933.7350714586,0.0,0.0,0.0,0.0,0.0,0.0,0.0,0.0,0.0,-1214865.9731404106,-25340.9050924474,-1701839.0047275291,-418388.2260157094,-333128.6603119027,-1302100.3396880412,0.0,-1635228.9999999437
1,10.0,2002,100,2028458449.0000012,2929500931.0,0.0,2028458449.0000012,0.0,2362765982.119225,0.0,474570591.9999994,0.0,1.7610024586000002,0.0,25697520.38999998,0.7031992213674026,1.9740000000000002,42439.07499999996,31.71,3.5,0.0,0.0,0.0,0.0,0.0,0.0,0.0,0.0,0.0,0.0,0.0,0.0,0.0,0.0,0.0,0.0,0.0,0.0,0.0,0.0,0.0,0.0,0.0,0.0,0.0,0.0,0.0,0.0,0.0,0.0,0.0,0.0,0.0,0.0,0.0,0.0,0.0,2028458449.0000012,2028458449.0000012
1,10.0,2003,100,2028458449.0000012,2929500931.0,2028458449.0000012,1999850729.9999993,-28607719.000001907,2480107348.2650976,117341366.1458726,503552796.99999994,0.0,1.92921531457,0.0,26042245.26999999,0.7019812107303405,2.2467999999999995,41148.63500000003,31.36,3.5,0.0,0.0,0.0,0.0,0.0,0.0,0.0,0.0,0.0,0.0,0.0,0.0,84438508.47305907,0.0,-18086358.679719266,0.0,5763723.681710341,-951967.1429431766,26281333.204848815,4295551.055085328,-1450140.347978363,0.0,0.0,0.0,0.0,0.0,0.0,0.0,0.0,0.0,0.0,0.0,0.0,0.0,100290650.24406275,100738747.4583113,-129346466.45831321,0.0,-28607719.000001907
1,10.0,2004,100,2028458449.0000012,2929500931.0,1999850729.9999993,2115153451.9999995,115302722.00000024,2593291904.836143,113184556.5710454,521860484.00000006,0.0,1.9019918870399999,0.0,26563773.749999993,0.6983934181649077,2.5669,39531.590000000004,31.0,3.5,0.0,0.0,0.0,0.0,0.0,0.0,0.0,0.0,0.0,0.0,0.0,0.0,49744813.03672283,0.0,2829851.9019719986,0.0,8461311.596003521,-2763321.255829218,27773113.27658693,5500096.874885457,-1470521.982814604,0.0,0.0,0.0,0.0,0.0,0.0,0.0,0.0,0.0,0.0,0.0,0.0,0.0,90075343.44752692,91267105.12819964,24035616.8718006,0.0,115302722.00000024
1,10.0,2005,100,2028458449.0000012,2929500931.0,2115153451.9999995,2507212522.9999957,392059070.9999962,2718596385.526431,125304480.69028807,527998936.9999998,0.0,1.60869959421,0.0,27081157.49999996,0.6960498952101299,3.0314999999999994,38116.91999999998,30.68,3.5,0.0,0.0,0.0,0.0,0.0,0.0,0.0,0.0,0.0,0.0,0.0,0.0,17086226.842040982,0.0,34405430.682096176,0.0,8705581.910816342,-1909508.8410245962,38331251.31191652,5287091.438753189,-1382550.6286931916,0.0,0.0,0.0,0.0,0.0,0.0,0.0,0.0,0.0,0.0,0.0,0.0,0.0,100523522.71590543,102201454.60249569,289857616.3975005,0.0,392059070.9999962
1,10.0,2006,100,2028458449.0000012,2929500931.0,2507212522.9999957,2603647774.9999986,96435252.00000286,2816295049.55725,97698664.03081894,539962610.0000004,0.0,1.58764677875,0.0,27655014.75000005,0.700814212384599,3.3499999999999996,36028.75000000002,30.18,3.7,0.0,0.0,0.0,0.0,0.0,0.0,0.0,0.0,0.0,0.0,0.0,0.0,38948723.06271194,0.0,3078531.9184235986,0.0,11219475.916016534,4607838.825908235,28120195.53598563,9695865.396947745,-2560179.901373628,-4079129.521649125,0.0,0.0,0.0,0.0,0.0,0.0,0.0,0.0,0.0,0.0,0.0,0.0,89031321.23297094,90102125.95092715,6333126.049075708,0.0,96435252.00000286
1,10.0,2007,100,2028458449.0000012,2929500931.0,2603647774.9999986,2751026060.0000033,147378285.00000477,2849104737.803731,32809688.24648094,543107373.0000006,0.0,1.5239354946199999,0.0,27714120.0,0.699781056604655,3.4605999999999995,36660.58,30.4,3.6,0.0,0.0,0.0,0.0,0.0,0.0,0.0,0.0,0.0,0.0,0.0,0.0,10423319.155668186,0.0,9848210.875681443,0.0,1183874.3086421508,-1036497.5322748448,9606403.219172088,-3099031.8339517326,1170667.845316936,2120600.7615645,0.0,0.0,0.0,0.0,0.0,0.0,0.0,0.0,0.0,0.0,0.0,0.0,30217546.79981872,30332358.7543937,117045926.24561107,0.0,147378285.00000477
1,10.0,2008,100,2028458449.0000012,2929500931.0,2751026060.0000033,2818659238.999998,67633178.99999475,2943261087.206273,94156349.40254211,558408347.0,0.0,1.54893287952,0.0,27956797.669999957,0.698611198618527,3.9195,36716.94000000002,30.42,3.7,0.0,0.0,0.0,0.0,0.0,0.0,0.0,0.0,0.0,0.0,0.0,0.0,53092327.12756458,0.0,-4102860.040166993,0.0,5111733.745111282,-1240042.6996937443,39799815.4287595,-289495.5466543945,112425.47581007403,-2238812.939855033,0.0,0.0,0.0,0.0,0.0,0.0,0.0,0.0,0.0,0.0,0.0,0.0,90245090.55087526,90915075.00020282,-23281896.000208065,0.0,67633178.99999475
1,10.0,2009,100,2028458449.0000012,2929500931.0,2818659238.999998,2717269399.9999986,-101389838.99999952,2845315640.4301257,-97945446.77614737,562176551.0000006,0.0,1.63249305102,0.0,27734538.00000004,0.7070517472051521,2.8430999999999997,35494.290000000015,30.61,3.9,0.0,0.0,0.0,0.0,0.0,0.0,0.0,0.0,0.0,0.0,0.0,0.0,13072610.678406943,0.0,-13735405.666244393,0.0,-4786466.956711768,9183886.337805377,-100264464.55778569,6547073.032499838,1094489.6053263894,-4585840.253987105,0.0,0.0,0.0,0.0,0.0,0.0,0.0,0.0,0.0,0.0,0.0,0.0,-93474117.78069042,-93798963.22266778,-7590875.77733174,0.0,-101389838.99999952
1,10.0,2010,100,2028458449.0000012,2929500931.0,2717269399.9999986,2812782058.0000014,95512658.00000286,2861637790.8289056,16322150.39877987,552453533.999999,0.0,1.6339541182000001,0.0,27553600.74999996,0.7119828236147823,3.2889999999999997,35213.00000000003,30.93,3.9,0.0,0.0,0.0,0.0,0.0,0.0,0.0,0.0,0.0,0.0,0.0,0.0,-32421522.840397995,0.0,-228317.1152907558,0.0,-3784372.034485394,5168849.127071345,44107314.013121806,1481511.4194966876,1777279.891052148,0.0,0.0,0.0,0.0,0.0,0.0,0.0,0.0,0.0,0.0,0.0,0.0,0.0,16100742.46056784,15587613.26532368,79925044.73467918,0.0,95512658.00000286
1,10.0,2011,100,2028458449.0000012,2929500931.0,2812782058.0000014,2875478446.9999957,62696388.99999428,2890765566.61743,29127775.788524628,542784231.0,0.0,1.7392984156800004,0.0,27682634.670000013,0.7118492125651293,4.0656,34147.68000000002,31.299999999999997,3.9,0.0,0.0,0.0,0.0,0.0,0.0,0.0,0.0,0.0,0.0,0.0,0.0,-33964255.79999095,0.0,-16655132.967286974,0.0,2799618.7493724274,-144835.14809410516,69506690.2876275,5925914.24751906,2127321.5781974345,0.0,0.0,0.0,0.0,0.0,0.0,0.0,0.0,0.0,0.0,0.0,0.0,0.0,29595320.9473444,28630487.54457392,34065901.45542036,0.0,62696388.99999428
1,10.0,2012,100,2028458449.0000012,2929500931.0,2875478446.9999957,2929500930.999995,54022483.99999952,2960515163.8904605,69749597.27303028,542311539.0000002,0.0,1.6964752675200003,0.0,27909105.42000003,0.7070256588618667,4.109300000000001,33963.31,31.51,4.1,0.0,0.0,0.0,0.0,0.0,0.0,0.0,1.0,0.0,0.0,0.0,0.0,-1723111.8970473206,0.0,6869515.812326617,0.0,4992951.054674969,-5340480.284600696,3625299.3240563036,1066659.627777003,1234109.65834803,-4678282.720121641,0.0,0.0,0.0,0.0,0.0,0.0,0.0,63219792.736905985,0.0,0.0,0.0,0.0,69266453.31231925,69380743.27494271,-15358259.274943188,0.0,54022483.99999952
1,10.0,2013,100,2028458449.0000012,2929500931.0,2929500930.999995,3028731445.999999,99230515.00000381,3022376689.741238,61861525.850777626,554417452.0000008,0.0,1.75772764368,0.0,28818049.080000035,0.7081898861779363,3.942,33700.32,29.93,4.2,0.0,0.0,0.0,0.0,0.0,0.0,0.0,2.0,0.0,0.0,1.0,0.0,44836872.981469,0.0,-9948020.368872128,0.0,20059755.1222527,1314726.9048002341,-14270974.989759054,1560473.534152043,-9442370.484109523,-2384057.601998924,0.0,0.0,0.0,0.0,0.0,0.0,0.0,64407522.11988084,0.0,0.0,-34175742.0210512,0.0,61958185.19676399,61213467.096309446,38017047.90369437,0.0,99230515.00000381
1,10.0,2014,100,2028458449.0000012,2929500931.0,3028731445.999999,3137384053.9999976,108652607.99999857,3110782564.320547,88405874.57930899,561346638.9999994,0.0,1.74858594174,0.0,29110612.08000001,0.7103362327597715,3.7523999999999997,33580.79999999999,30.2,4.2,0.0,0.0,0.0,0.0,0.0,0.0,0.0,3.0,0.0,0.0,1.0,0.0,25993006.90277346,0.0,1523379.2344853613,0.0,6521141.865762759,2506380.153546875,-17329828.577485736,737262.8837488171,1671381.129435205,0.0,0.0,0.0,0.0,0.0,0.0,0.0,0.0,66589187.782519236,0.0,0.0,0.0,0.0,88211911.37478599,88591754.05181158,20060853.948186994,0.0,108652607.99999857
1,10.0,2015,100,2028458449.0000012,2929500931.0,3137384053.9999976,3049980992.999996,-87403061.00000143,3055438332.5737004,-55344231.746846676,562540969.0000007,0.0,1.8840690435600003,0.0,29378317.829999972,0.7135012348669447,2.7030000000000003,34173.339999999975,30.17,4.1,0.0,0.0,0.0,0.0,0.0,0.0,0.0,4.0,0.0,0.0,1.0,0.0,4591030.556909567,0.0,-22777899.906296294,0.0,6121307.981800357,3829246.0844795224,-112746406.49789217,-3757175.051985795,-192312.17916102713,2555314.5391306696,0.0,0.0,0.0,0.0,0.0,0.0,0.0,68978006.02083734,0.0,0.0,0.0,0.0,-53398888.45217784,-55817501.40783717,-31585559.592164263,0.0,-87403061.00000143
1,10.0,2016,100,2028458449.0000012,2929500931.0,3049980992.999996,3072351667.999999,22370675.00000286,3067122270.148128,11683937.574427605,562018755.9999993,0.0,1.8938954433000004,0.0,29437697.49999995,0.7142650075002228,2.4255000000000004,35302.049999999996,29.88,4.5,0.0,0.0,0.0,0.0,0.0,0.0,0.0,5.0,0.0,0.0,1.0,0.0,-1948259.8624671607,0.0,-1570640.584957805,0.0,1311592.6849399996,897907.9900498006,-34650452.907180324,-6782108.67031405,-1806748.1786284596,-9916308.797121953,0.0,0.0,0.0,0.0,0.0,0.0,0.0,67056376.80231333,0.0,0.0,0.0,0.0,12591358.47663337,11663068.812580064,10707606.187422797,0.0,22370675.00000286
1,10.0,2017,100,2028458449.0000012,2929500931.0,3072351667.999999,3093336562.0000005,20984894.00000143,3030321945.95782,-36800324.190308094,565251751.0000007,0.0,1.8978347704800003,0.0,29668394.669999976,0.7155507514900755,2.6928000000000005,35945.81999999998,30.0,4.5,1.0,0.0,0.0,0.0,0.0,0.0,0.0,6.0,0.0,0.0,1.0,0.0,12148692.72087866,0.0,-632865.6719758537,0.0,5111051.991970673,1522788.9717285382,34048616.02767736,-3801319.9518782822,753419.0124741774,0.0,-149095255.55693698,0.0,0.0,0.0,0.0,0.0,0.0,67548214.75657113,0.0,0.0,0.0,0.0,-32396657.699490577,-36863068.195704214,57847962.195705645,0.0,20984894.00000143
1,10.0,2018,100,2028458449.0000012,2929500931.0,3093336562.0000005,3028681761.0000014,-64654800.99999905,3091662269.898684,61340323.940864086,560645668.0000006,0.0,1.9555512670000001,0.0,29807700.83999996,0.7144049260778089,2.9199999999999995,36801.50000000002,30.01,4.6,1.0,0.0,0.0,0.0,0.0,0.0,0.0,7.0,0.0,0.0,1.0,0.0,-17364569.458345454,0.0,-9224805.620682482,0.0,3087014.326273555,-1365703.5147777807,27210052.387386717,-4981424.531400382,63206.64985633726,-2517388.701992984,0.0,0.0,0.0,0.0,0.0,0.0,0.0,68009585.15935406,0.0,0.0,0.0,0.0,62915966.69567159,62615877.175790705,-127270678.17578974,0.0,-64654800.99999904
