CLUSTER_APTA4,RAIL_FLAG,Year,CLUSTER_APTA,UPT_ADJ_first_year,UPT_ADJ_base,UPT_ADJ,UPT_ADJ_diff,fitted_exp,fitted_exp_diff,VRM_ADJ,FARE_per_UPT_2018,POP_EMP,GAS_PRICE_2018,TOTAL_MED_INC_INDIV_2018,PCT_HH_NO_VEH,JTW_HOME_PCT,YEARS_SINCE_TNC_NEW_YORK_BUS,YEARS_SINCE_TNC_BUS_HI_FAV,YEARS_SINCE_TNC_BUS_MID_FAV,YEARS_SINCE_TNC_BUS_LOW_FAV,YEARS_SINCE_TNC_BUS_HI_UNFAV,YEARS_SINCE_TNC_BUS_MID_UNFAV,YEARS_SINCE_TNC_BUS_LOW_UNFAV,YEARS_SINCE_TNC_NEW_YORK_RAIL,YEARS_SINCE_TNC_RAIL_HI_FAV,YEARS_SINCE_TNC_RAIL_MID_FAV,YEARS_SINCE_TNC_RAIL_HI_UNFAV,YEARS_SINCE_TNC_RAIL_MID_UNFAV,BIKE_SHARE,scooter_flag_BUS,scooter_flag_RAIL,VRM_ADJ_log_FAC,FARE_per_UPT_2018_log_FAC,POP_EMP_log_FAC,GAS_PRICE_2018_log_FAC,TOTAL_MED_INC_INDIV_2018_log_FAC,PCT_HH_NO_VEH_FAC,JTW_HOME_PCT_FAC,YEARS_SINCE_TNC_NEW_YORK_BUS_FAC,YEARS_SINCE_TNC_BUS_HI_FAV_FAC,YEARS_SINCE_TNC_BUS_MID_FAV_FAC,YEARS_SINCE_TNC_BUS_LOW_FAV_FAC,YEARS_SINCE_TNC_BUS_HI_UNFAV_FAC,YEARS_SINCE_TNC_BUS_MID_UNFAV_FAC,YEARS_SINCE_TNC_BUS_LOW_UNFAV_FAC,YEARS_SINCE_TNC_NEW_YORK_RAIL_FAC,YEARS_SINCE_TNC_RAIL_HI_FAV_FAC,YEARS_SINCE_TNC_RAIL_MID_FAV_FAC,YEARS_SINCE_TNC_RAIL_HI_UNFAV_FAC,YEARS_SINCE_TNC_RAIL_MID_UNFAV_FAC,BIKE_SHARE_FAC,scooter_flag_BUS_FAC,scooter_flag_RAIL_FAC,FAC_Sum,Known_FAC,Unknown_FAC,New_Reporter_FAC,Total_Change
1.0,0,2002,170,2217749581.3899984,0.0,2217749581.3899984,0.0,2017222484.714267,0.0,69431799.7197327,0.9102786426790755,9573567.147229096,1.9989229721513273,39381.46996217698,9.917688031220283,3.943894077151392,0.0,0.0,0.0,0.0,0.0,0.0,0.0,0.0,0.0,0.0,0.0,0.0,0.0,0.0,0.0,0.0,0.0,0.0,0.0,0.0,0.0,0.0,0.0,0.0,0.0,0.0,0.0,0.0,0.0,0.0,0.0,0.0,0.0,0.0,0.0,0.0,0.0,0.0,0.0,0.0,2217749581.3899984,2217749581.3899984
1.0,0,2003,170,2217749581.3899984,2217749581.3899984,2150502599.5,-67246981.8899984,2075238688.4231193,58016203.708852604,69475683.98892178,0.9054507006567448,9715711.205998616,2.3077092528111955,38481.401176415784,9.826644161827897,3.943894077151392,0.0,0.0,0.0,0.0,0.0,0.0,0.0,0.0,0.0,0.0,0.0,0.0,0.0,0.0,0.0,-2214963.4888551803,4256483.248290954,10437250.696750948,40104536.27579018,12739838.353205772,-2125832.5873910366,0.0,0.0,0.0,0.0,0.0,0.0,0.0,0.0,0.0,0.0,0.0,0.0,0.0,0.0,0.0,0.0,63197312.49779165,64341606.451356046,-131588588.34135446,0.0,-67246981.8899984
1.0,0,2004,180,2396974804.189998,2150502599.5,2410970009.3499994,81242187.04999955,2363046423.6427712,109598967.50928025,71765534.36699252,0.8811162919632667,9734314.785986489,2.6074594940671103,38183.5899208982,9.786967610316058,3.9555663395189544,0.0,0.0,0.0,0.0,0.0,0.0,0.0,0.0,0.0,0.0,0.0,0.0,0.0,0.0,0.0,35537687.743125506,10440525.034686014,12391988.753793726,36210567.19646683,17382712.031468,-2027563.3368481258,0.0,0.0,0.0,0.0,0.0,0.0,0.0,0.0,0.0,0.0,0.0,0.0,0.0,0.0,0.0,0.0,109935917.42269197,112525378.33926627,-31283191.28926673,179225222.7999998,260467409.84999937
1.0,0,2005,190,2522641887.5899982,2410970009.3499994,2568753504.359998,32116411.60999866,2573079871.81801,43168601.88154788,70767074.62729827,0.9087090062317907,9670224.813841425,3.062916995899679,37264.378429144956,9.582088125114511,3.9826876644101383,0.0,0.0,0.0,0.0,0.0,0.0,0.0,0.0,0.0,0.0,0.0,0.0,0.0,0.0,0.0,-27839372.82976474,-7856259.670932749,14300306.276750334,52840125.35639662,16784569.084127177,-3023165.897938232,0.0,0.0,0.0,0.0,0.0,0.0,0.0,0.0,0.0,0.0,0.0,0.0,0.0,0.0,0.0,0.0,45206202.31863842,44764042.8624928,-12647631.252494132,125667083.39999999,157783495.00999865
1.0,0,2006,190,2522641887.5899982,2568753504.359998,2599108816.4200006,30355312.06000215,2646307077.8524866,73227206.03447706,70624705.95700414,0.8882597678785299,9915449.72534454,3.3556920653529003,35771.54082544715,9.461948548694796,4.301551787507873,0.0,0.0,0.0,0.0,0.0,0.0,0.0,0.0,0.0,0.0,0.0,0.0,0.0,0.0,0.0,-6554537.503968375,11253637.89329591,19375066.442784052,33211136.19357546,27189212.712823123,-3372270.596885944,-4859570.874241766,0.0,0.0,0.0,0.0,0.0,0.0,0.0,0.0,0.0,0.0,0.0,0.0,0.0,0.0,0.0,76242674.26738247,76832579.20949139,-46477267.14948924,0.0,30355312.06000215
1.0,0,2007,190,2522641887.5899982,2599108816.4200006,2608864140.5399995,9755324.119999122,2663357704.5848355,17050626.732348427,71582714.22176692,0.9208602306780258,9964969.767975949,3.5310062794088344,36276.70610707583,9.294565236313069,4.427488539822927,0.0,0.0,0.0,0.0,0.0,0.0,0.0,0.0,0.0,0.0,0.0,0.0,0.0,0.0,0.0,29711303.351933025,-19352702.330091882,5338879.572357331,18963788.63859777,-9384919.7820131,-4479603.569741729,-2093975.547349935,0.0,0.0,0.0,0.0,0.0,0.0,0.0,0.0,0.0,0.0,0.0,0.0,0.0,0.0,0.0,18702770.333691478,18427960.672896836,-8672636.552897712,0.0,9755324.119999122
1.0,0,2008,190,2522641887.5899982,2608864140.5399995,2692308348.7999997,83444208.26,2741735983.8155127,78378279.23067705,71889164.48625225,0.9010416257843538,9988399.399665158,3.955455444520034,36238.9188156954,9.45546218646883,4.5087477275865275,0.0,0.0,0.0,0.0,0.0,0.0,0.0,0.0,0.0,0.0,0.0,0.0,0.07104663713136958,0.0,0.0,14165244.875541765,10309850.268112347,3530325.9000302367,43488075.39850891,886310.6640092665,4437964.460528841,-1270634.2487415033,0.0,0.0,0.0,0.0,0.0,0.0,0.0,0.0,0.0,0.0,0.0,0.0,-382449.70865263464,0.0,0.0,75164687.60933723,75968070.11002982,7476138.149970191,0.0,83444208.26
1.0,0,2009,190,2522641887.5899982,2692308348.7999997,2564111221.5099993,-128197127.29000038,2586477277.2158346,-155258706.5996778,70967398.2597386,0.9931869138552726,9910892.794405615,2.910136204717093,34545.63545432737,9.567124689695598,4.719340665911408,0.0,0.0,0.0,0.0,0.0,0.0,0.0,0.0,0.0,0.0,0.0,0.0,0.07104663713136958,0.0,0.0,-18881227.94501422,-51769933.00514271,-3336811.196498401,-115284232.4724597,34915492.722469546,3155090.955099226,-3418007.8847707794,0.0,0.0,0.0,0.0,0.0,0.0,0.0,0.0,0.0,0.0,0.0,0.0,0.0,0.0,0.0,-154619628.82631704,-153436393.22210607,25239265.932105698,0.0,-128197127.29000038
1.0,0,2010,190,2522641887.5899982,2564111221.5099993,2477369488.950001,-86741732.55999818,2563710720.2073493,-22766557.008485384,67087317.12761723,1.0111597906938308,9893600.102716183,3.361963555301827,33716.16047364013,9.777768115564363,4.947970199308635,0.0,0.0,0.0,0.0,0.0,0.0,0.0,0.0,0.0,0.0,0.0,0.0,0.12768546404250905,0.0,0.0,-82490314.74538857,-9222242.760708848,384308.74327183794,52362211.041228384,16607716.232724886,5882316.053869828,-3534631.5764093483,0.0,0.0,0.0,0.0,0.0,0.0,0.0,0.0,0.0,0.0,0.0,0.0,-326136.05235972087,0.0,0.0,-20336773.06377154,-21679709.919912506,-65062022.64008567,0.0,-86741732.55999818
1.0,0,2011,190,2522641887.5899982,2477369488.950001,2507911504.070001,30542015.120000165,2593256115.8086314,29545395.601282313,64589050.40171328,1.0324809729209732,9986664.100329852,4.092877324962317,33057.75489723392,10.06543443684577,4.895036823332479,0.0,0.12496612787206522,0.0,0.0,0.0,0.0,0.0,0.0,0.0,0.0,0.0,0.0,0.16867203693208302,0.0,0.0,-55182809.68974557,-10127094.312249139,7054248.223592685,71970293.09305651,12934516.576519584,7647616.696780759,836833.4238485912,0.0,-3541546.61983128,0.0,0.0,0.0,0.0,0.0,0.0,0.0,0.0,0.0,0.0,-225804.17500405008,0.0,0.0,31366253.216968097,29719173.833725836,822841.2862743279,0.0,30542015.120000165
1.0,0,2012,190,2522641887.5899982,2507911504.070001,2541057031.46,33145527.389999144,2570427176.905639,-22828938.902992204,63654979.07574218,1.0331937285891017,10106162.13278052,4.140214257288694,32885.7085771413,9.958940533088446,4.987356848543623,0.0,0.45518208424620604,0.0,0.0,0.049815665084375425,0.0,0.0,0.0,0.0,0.0,0.0,0.0,0.2057868721612113,0.0,0.0,-21336582.985152364,326409.7383450654,8911187.467646688,4123313.584698381,3902951.976699234,-2907303.4211905925,-1559586.1091962901,0.0,-10412697.01674462,0.0,0.0,-3058909.1152367517,0.0,0.0,0.0,0.0,0.0,0.0,0.0,-141239.35695822036,0.0,0.0,-22152455.237089463,-22107633.036325373,55253160.4263245,0.0,33145527.389999144
1.0,0,2013,190,2522641887.5899982,2541057031.46,2538567549.7399993,-2489481.7200006917,2536139269.5695806,-34287907.33605826,64440490.63005058,1.0525608051699178,10218543.942008624,3.9654549378294117,33089.9264047304,9.695200702428131,4.990027977099028,0.0,1.11603445722914,0.0,0.0,0.19826336149036797,0.0,0.0,0.0,0.0,0.0,0.0,0.0,0.2057868721612113,0.0,0.0,23627714.501357723,-8791388.61563325,8338464.504844614,-15990624.391384099,-3864434.653754898,-6811296.168004793,-23529.232085467724,0.0,-21793710.207521923,0.0,0.0,-8219494.266513105,0.0,0.0,0.0,0.0,0.0,0.0,0.0,0.0,0.0,0.0,-33528298.528695196,-33585350.85307267,31095869.133071985,0.0,-2489481.7200006917
1.0,0,2014,190,2522641887.5899982,2538567549.7399993,2510923486.29,-27644063.449999895,2484199659.935627,-51939609.633954056,64472290.59926341,1.055285702396916,10358402.724363951,3.7576320769200686,33372.446492304414,9.643654088682203,5.143028107286641,0.0,1.7768868302120744,0.0,0.0,0.40646295573073854,0.0,0.0,0.0,0.0,0.0,0.0,0.0,0.47212362400269914,0.0,0.0,4349923.1010406185,-2543260.44583519,9897258.553684298,-19931107.345639896,-5622503.7977717165,-1674803.1046560241,-2478712.4472233807,0.0,-21706201.19501436,0.0,0.0,-11364135.680056265,0.0,0.0,0.0,0.0,0.0,0.0,0.0,-1526927.7646487125,0.0,0.0,-52600470.12612062,-52317219.36872782,24673155.918727912,0.0,-27644063.449999895
1.0,0,2015,190,2522641887.5899982,2510923486.29,2445688116.9100003,-65235369.37999947,2343740824.6223965,-140458835.31323066,65239258.60482983,1.0818127290391877,10472818.648014693,2.857666692886607,34516.890529812736,9.51052745206854,5.284222653346558,0.0,2.478985480961134,0.0,0.0,0.7043643049816791,0.0,0.0,0.0,0.0,0.0,0.0,0.0,0.7236305596447341,0.0,0.0,24935412.71098082,-14300730.137268566,8542206.81472524,-96441367.43343155,-21721333.535604592,-3357172.8682149304,-2036027.1021969155,0.0,-22842330.358100265,0.0,0.0,-15510985.919806179,0.0,0.0,0.0,0.0,0.0,0.0,0.0,-1306017.1909746262,0.0,0.0,-144038345.01989156,-142324365.08768946,77088995.70769,0.0,-65235369.37999947
1.0,0,2016,190,2522641887.5899982,2445688116.9100003,2323506881.359999,-122181235.55000073,2263542046.086563,-80198778.53583384,66113243.19299227,1.1047173028827815,10554924.902146837,2.5185717610868115,35303.22950945066,9.381259123706192,5.715785148555129,0.0,3.181084131710193,0.0,0.0,1.0022656542326196,0.0,0.0,0.0,0.0,0.0,0.0,0.0,0.9827746570316752,0.0,0.0,23893634.258892644,-11363972.917370092,6440002.563360064,-40594565.249256074,-13975940.08773544,-3389490.430882105,-6398885.547728165,0.0,-22218364.592218544,0.0,0.0,-15156276.049350264,0.0,0.0,0.0,0.0,0.0,0.0,0.0,-1266924.4097500336,0.0,0.0,-84030782.462038,-83300272.4885427,-38880963.06145802,0.0,-122181235.55000073
1.0,0,2017,190,2522641887.5899982,2323506881.359999,2230802098.420001,-92704782.9399985,2271239237.086775,7697191.000211835,66222639.74115435,1.0654314733480394,10662889.414457604,2.739245946662193,36103.06857712348,9.233446191252261,5.884423667658378,0.0,3.883182782459253,0.0,0.0,1.3001670034835604,0.0,0.0,0.0,0.0,0.0,0.0,0.0,0.9827746570316752,0.0,0.0,12186398.740330068,17264303.12455775,7477111.160838933,26305234.580331083,-13824026.400851648,-3535489.7189229764,-2361089.3609507596,0.0,-20930993.49080353,0.0,0.0,-14679803.433065437,0.0,0.0,0.0,0.0,0.0,0.0,0.0,0.0,0.0,0.0,7901645.201463475,7437963.559938578,-100142746.49993706,0.0,-92704782.9399985
1.0,0,2018,190,2522641887.5899982,2230802098.420001,2176386602.559999,-54415495.86000177,2244623806.251126,-26615430.83564876,66335689.83015846,1.03280582700462,10741812.072237335,3.0460655825296783,36989.701485937905,9.09628597348562,6.118793180787955,0.0,4.585281433208312,0.0,0.0,1.5980683527345008,0.0,0.0,0.0,0.0,0.0,0.0,0.0,1.0,0.5358203456223932,0.0,9378595.15724899,14181732.951894294,5788668.524985284,32299811.3882096,-14052049.010283418,-3231155.8614865732,-3173036.5112276166,0.0,-19971904.822970595,0.0,0.0,-14290269.5359312,0.0,0.0,0.0,0.0,0.0,0.0,0.0,-60871.22030316081,-32936894.23577469,0.0,-26067373.175639085,-26843114.569996413,-27572381.290005356,0.0,-54415495.86000177
1.0,1,2002,150,1292016172.5949993,0.0,1292016172.5949993,0.0,1183857678.2080603,0.0,49814785.837593086,1.6449755566535376,8445944.208764294,1.9566243795032225,43672.13383228606,11.080959920611178,3.9039838038382775,0.0,0.0,0.0,0.0,0.0,0.0,0.0,0.0,0.0,0.0,0.0,0.0,0.0,0.0,0.0,0.0,0.0,0.0,0.0,0.0,0.0,0.0,0.0,0.0,0.0,0.0,0.0,0.0,0.0,0.0,0.0,0.0,0.0,0.0,0.0,0.0,0.0,0.0,0.0,0.0,1292016172.5949993,1292016172.5949993
1.0,1,2003,150,1292016172.5949993,1292016172.5949993,1278422091.6810002,-13594080.91399919,1266967751.4959133,83110073.28785272,53476957.58721301,1.6347740643837454,8588747.43852169,2.2347407563483705,42662.37788032985,10.992892176240376,3.9039838038382775,0.0,0.0,0.0,0.0,0.0,0.0,0.0,0.0,0.0,0.0,0.0,0.0,0.0,0.0,0.0,55935296.003404066,1222937.478266859,6410667.712750897,21453996.010839216,7997278.186547803,-1197185.5992210414,0.0,0.0,0.0,0.0,0.0,0.0,0.0,0.0,0.0,0.0,0.0,0.0,0.0,0.0,0.0,0.0,91822989.79258782,93406384.21319462,-107000465.12719381,0.0,-13594080.91399919
1.0,1,2004,160,1299712059.5949993,1278422091.6810002,1357509236.6500003,71391257.96900019,1342483300.887157,67799084.46246296,53624570.103271864,1.6039997649316908,8759934.6702704,2.5567289223946603,41255.15616538221,10.884847512904322,3.898038990256585,0.0,0.0,0.0,0.0,0.0,0.0,0.0,0.0,0.0,0.0,0.0,0.0,0.0,0.0,0.0,20962925.952084787,7713086.740331282,7687268.949307374,22738568.815928467,10867955.096224045,-1183336.5961562423,0.0,0.0,0.0,0.0,0.0,0.0,0.0,0.0,0.0,0.0,0.0,0.0,0.0,0.0,0.0,0.0,68786468.9577197,70744017.5256422,647240.4433579771,7695887.0000000065,79087144.9690002
1.0,1,2005,170,1307613727.5949993,1357509236.6500003,1408403512.1489987,42992607.49899834,1403905506.2377532,53569690.41250873,53761949.39243679,1.6174486986368706,8923104.810944263,3.0157989098024327,40064.462041665276,10.763717372789449,3.899863684810936,0.0,0.0,0.0,0.0,0.0,0.0,0.0,0.0,0.0,0.0,0.0,0.0,0.0,0.0,0.0,8661479.103613365,-3632776.8975093714,8342776.026864687,30816147.657566674,10590894.390193917,-1318745.4825403744,0.0,0.0,0.0,0.0,0.0,0.0,0.0,0.0,0.0,0.0,0.0,0.0,0.0,0.0,0.0,0.0,53459774.79818891,53955098.17471025,-10962490.675711911,7901667.999999994,50894275.49899834
1.0,1,2006,170,1307613727.5949993,1408403512.1489987,1469130428.7560003,60726916.60700168,1473232447.8795047,69326941.64175141,55473498.65236845,1.6742843869295325,9174149.746337045,3.307445202683942,38281.879251449885,10.693748671060616,4.166772040979554,0.0,0.0,0.0,0.0,0.0,0.0,0.0,0.0,0.0,0.0,0.0,0.0,0.0,0.0,0.0,40005026.3449223,-12280083.580194794,11012292.743880525,18344971.250370666,16950286.429464363,-1065663.0338789502,-2287933.678639119,0.0,0.0,0.0,0.0,0.0,0.0,0.0,0.0,0.0,0.0,0.0,0.0,0.0,0.0,0.0,70678896.475925,71448053.01487471,-10721136.407873016,0.0,60726916.60700168
1.0,1,2007,170,1307613727.5949993,1469130428.7560003,1495052842.8490002,25922414.092999835,1545612356.0100274,72379908.13052242,59233535.81825415,1.67051057653981,9238295.08192003,3.4721448446421004,38811.654394336845,10.552856638475225,4.381753285049412,0.0,0.0,0.0,0.0,0.0,0.0,0.0,0.0,0.0,0.0,0.0,0.0,0.0,0.0,0.0,70087226.74792671,2243305.143445238,3159424.742132117,10164340.55679272,-5092238.6952633485,-2109301.6544630593,-1910740.276322211,0.0,0.0,0.0,0.0,0.0,0.0,0.0,0.0,0.0,0.0,0.0,0.0,0.0,0.0,0.0,76542016.56424817,76576225.64530075,-50653811.55230091,0.0,25922414.092999835
1.0,1,2008,170,1307613727.5949993,1495052842.8490002,1569203375.2910001,74150532.44200017,1594173604.606778,48561248.596750766,60581042.71299612,1.7239372852996093,9282061.637516273,3.905201949756878,38751.5528802063,10.697540509983583,4.477509350268148,0.0,0.0,0.0,0.0,0.0,0.0,0.0,0.0,0.0,0.0,0.0,0.0,0.1890179241652565,0.0,0.0,31140009.172599304,-13096290.819817811,2675231.4902057927,25738385.848486573,279637.7126957944,2285256.6724397372,-811686.7641197273,0.0,0.0,0.0,0.0,0.0,0.0,0.0,0.0,0.0,0.0,0.0,0.0,-600374.2058731643,0.0,0.0,47610169.1066165,47667496.527716935,26483035.914283216,0.0,74150532.44200017
1.0,1,2009,180,1318962068.5949993,1569203375.2910001,1550224964.1730003,-30326752.118000053,1536700681.5653422,-72227635.81346723,60094979.98770912,1.8300204329204683,9213955.770409191,2.8468452606109254,37106.287686101634,10.794676571134195,4.640511703953867,0.0,0.0,0.0,0.0,0.0,0.0,0.0,0.0,0.0,0.0,0.0,0.0,0.18739161518366126,0.0,0.0,7721935.1744509535,-27766996.05908879,-865533.2780509675,-68956850.40230638,18102333.257873476,2023512.8413242598,-1572356.803855411,0.0,0.0,0.0,0.0,0.0,0.0,0.0,0.0,0.0,0.0,0.0,0.0,0.0,0.0,0.0,-71313955.26965287,-71511838.45706572,41185086.33906567,11348341.000000006,-18978411.118000053
1.0,1,2010,190,1348461646.2149994,1550224964.1730003,1584263531.962,4538990.168999616,1609544215.2224646,45595787.12133312,58921440.66080457,1.840247587642783,9102911.018569246,3.303280175013524,36265.80852528784,11.084825245593883,4.860558555016313,0.0,0.0,0.0,0.0,0.0,0.0,0.0,0.0,0.0,0.0,0.0,0.0,0.19688169434050815,0.0,0.0,-803104.2536249831,-495497.6367392321,1161007.750971195,32409138.24439783,9849184.87262677,4690327.547314811,-2165585.091972946,0.0,0.0,0.0,0.0,0.0,0.0,0.0,0.0,0.0,0.0,0.0,0.0,-62716.397542535226,0.0,0.0,44582755.0354309,44930072.7652236,-40391082.59622399,29499577.620000016,34038567.78899964
1.0,1,2011,190,1348461646.2149994,1584263531.962,1649966415.230001,65702883.268000945,1676650310.004689,67106094.782223955,59029313.63960212,1.8564863384241075,9187108.46527087,4.054846028440162,35665.44924494415,11.381459884658561,4.824749345030966,0.0,0.0,0.0,0.0,0.0,0.0,0.0,0.0,0.12169437611192951,0.0,0.0,0.0,0.36148987509451175,0.0,0.0,5400691.955344704,-3784749.1218635915,4447550.895350123,47600362.60375748,6919426.217707351,5009015.851402814,372523.6774677564,0.0,0.0,0.0,0.0,0.0,0.0,0.0,0.0,-317757.04381106317,0.0,0.0,0.0,-501290.1282598651,0.0,0.0,65145774.90709571,65847377.27941516,-144494.01141420566,0.0,65702883.268000945
1.0,1,2012,190,1348461646.2149994,1649966415.230001,1684310468.9199998,34344053.68999935,1715475690.3700895,38825380.365400255,60620024.073051795,1.869854583958953,9293102.743062079,4.083216373029591,35327.40469373815,11.26917532511556,4.881582319391129,0.0,0.0,0.0,0.0,0.0,0.0,0.0,0.0,0.615044237425619,0.0,0.002281905129921206,0.0,0.3671970355625915,0.0,0.0,34635655.25829688,-2348479.4558375794,5642061.272721758,1761843.8045255397,3928936.1484631645,-1964612.6224426252,-597772.8546605082,0.0,0.0,0.0,0.0,0.0,0.0,0.0,0.0,-1349175.8982424256,0.0,313378.70857480104,0.0,-22785.882239855466,0.0,0.0,39999048.47915914,40393966.112123296,-6049912.422123939,0.0,34344053.68999935
1.0,1,2013,190,1348461646.2149994,1684310468.9199998,1692923428.0300004,8612959.110000275,1702663318.7357523,-12812371.634336995,61912327.934826724,2.002397801301633,9387755.497116785,3.924960617966536,35621.55127684294,10.930591668791251,4.883886218205322,0.0,0.0,0.0,0.0,0.0,0.0,0.0,0.0,1.4505093665445934,0.0,0.08988897349526381,0.0,0.3671970355625915,0.0,0.0,32317633.50547104,-30104998.807310026,5111996.220391268,-9885700.120318048,-3767309.4824427217,-5921990.041410127,-29824.36071633488,0.0,0.0,0.0,0.0,0.0,0.0,0.0,0.0,-2392408.318404562,0.0,3194587.771150031,0.0,0.0,0.0,0.0,-11478013.633589476,-11827279.857844722,20440238.967845004,0.0,8612959.110000277
1.0,1,2014,190,1348461646.2149994,1692923428.0300004,1741056553.210001,48133125.180000454,1741639328.1680317,38976009.43227992,63808073.793991886,1.9743789867208155,9499424.735073447,3.7144731766283368,35751.00141050884,10.899748533775846,5.136309630592854,0.0,0.0,0.0,0.0,0.0,0.0,0.0,0.0,2.285974495663568,0.0,0.20710229057525073,0.0,0.5959422248038283,0.0,0.0,44422342.24097785,5654591.579391017,6032268.856221705,-13561426.201893628,-2279753.8750546146,-666941.6457942463,-2481394.8542722804,0.0,0.0,0.0,0.0,0.0,0.0,0.0,0.0,-2399561.6353105516,0.0,4468582.200315648,0.0,-853375.7924618274,0.0,0.0,38335330.87211908,38783380.10190245,9349745.078098005,0.0,48133125.180000454
1.0,1,2015,190,1348461646.2149994,1741056553.210001,1722971062.7099998,-18085490.50000111,1658824543.2113702,-82814784.95666161,64475637.48586407,2.1168833719434477,9597316.039837401,2.732754028452884,36768.10200499802,10.906340356939642,5.159796660181718,0.0,0.0,0.0,0.0,0.0,0.0,0.0,0.0,3.137576082916948,0.0,0.35550070332187067,0.0,0.9001994515715406,0.0,0.0,22278991.969736435,-29368829.153884705,5586383.11138604,-72478140.80476658,-13200646.277349424,-217230.34952360322,-327167.415076331,0.0,0.0,0.0,0.0,0.0,0.0,0.0,0.0,-2518940.9590487946,0.0,6206755.473092246,0.0,-1092277.4683082928,0.0,0.0,-85131101.87374301,-84477683.22351326,66392192.72351214,0.0,-18085490.50000111
1.0,1,2016,190,1348461646.2149994,1722971062.7099998,1698078950.2549999,-24892112.455000028,1641458228.9044576,-17366314.306912944,64972951.69795492,2.167094731642097,9670646.832043575,2.430953704128684,37585.313675043144,10.821973808224305,5.667432338680993,0.0,0.0,0.0,0.0,0.0,0.0,0.0,0.0,3.9891776701703283,0.0,0.5038991160684905,0.0,0.9948920484565997,0.0,0.0,28327663.86413989,-9366299.439825786,4208183.5871204585,-26898575.255792126,-9639697.062783845,-1802312.88794946,-5181665.868052451,0.0,0.0,0.0,0.0,0.0,0.0,0.0,0.0,-2471653.0877875555,0.0,6418689.43383426,0.0,-393554.2550490202,0.0,0.0,-16799220.972145643,-17213507.934038848,-7678604.5209611785,0.0,-24892112.455000028
1.0,1,2017,190,1348461646.2149994,1698078950.2549999,1666633095.772,-31445854.482999638,1697631903.483677,56173674.57921977,66908995.60762588,2.1253750246064596,9766946.324643364,2.644824854503181,38434.43818378598,10.630065689622107,5.8191674156742605,0.0,0.0,0.0,0.0,0.0,0.0,0.0,0.0,4.8407792574237085,0.0,0.6522975288151103,0.0,0.9948920484565997,0.0,0.0,36061503.14434265,6928367.284120473,5149082.724198388,19077745.458080016,-9752365.690612543,-2983124.604590463,-1534196.6642357134,0.0,0.0,0.0,0.0,0.0,0.0,0.0,0.0,-2408604.3930088817,0.0,6683738.252167264,0.0,0.0,0.0,0.0,57222145.51046118,57671574.61679055,-89117429.0997902,0.0,-31445854.482999638
1.0,1,2018,190,1348461646.2149994,1666633095.772,1636184633.7979994,-30448461.974000704,1705158165.9775767,7526262.493899431,67730287.37213336,2.113511071980437,9850048.84495557,2.916697677167386,39371.947472739805,10.470464082387418,6.059877643044029,0.0,0.0,0.0,0.0,0.0,0.0,0.0,0.0,5.692380844677088,0.0,0.8006959415617301,0.0,1.0,0.0,0.6413485417419948,13481691.008206196,295711.05304106884,4493009.15301373,22830391.745701622,-10303908.165652925,-2562072.0545391953,-2383686.3214172274,0.0,0.0,0.0,0.0,0.0,0.0,0.0,0.0,-2346357.990809896,0.0,6790842.162070541,0.0,-18283.654518873253,0.0,-24070493.869176734,6206843.0659183115,5660708.596034972,-36109170.57003569,0.0,-30448461.974000704
2.0,0,2002,1093,692881967.729,0.0,692881967.729,0.0,670883509.6648833,0.0,13378352.228658194,0.9242591688037091,2412902.9878453766,1.9468195568848055,35715.451600980785,7.815646238962684,3.298935110050969,0.0,0.0,0.0,0.0,0.0,0.0,0.0,0.0,0.0,0.0,0.0,0.0,0.04739471010861112,0.0,0.0,0.0,0.0,0.0,0.0,0.0,0.0,0.0,0.0,0.0,0.0,0.0,0.0,0.0,0.0,0.0,0.0,0.0,0.0,0.0,0.0,0.0,0.0,0.0,0.0,0.0,692881967.729,692881967.729
2.0,0,2003,1232,757372404.6170001,692881967.729,770883560.3019999,13511155.684999948,753317011.9358637,18866208.508615725,13026932.81597948,0.8726761569940144,2374560.0659472104,2.202786187266334,35129.65798006082,7.60324871078861,3.38067625821408,0.0,0.0,0.0,0.0,0.0,0.0,0.0,0.0,0.0,0.0,0.0,0.0,0.04335903948943916,0.0,0.0,916752.8736932643,380675.0434771478,4768720.376757711,11047719.950745743,3628508.330312452,-271399.1174166151,0.0,0.0,0.0,0.0,0.0,0.0,0.0,0.0,0.0,0.0,0.0,0.0,0.0,0.0,0.0,0.0,20470977.457569703,20420690.818227615,-6909535.133227669,64490436.88800002,78001592.57299997
2.0,0,2004,1344,784947598.593,770883560.3019999,811791150.9799998,13332396.70199989,805920373.0738076,27477980.324696094,12498024.024741018,0.8568677854110632,2380930.33959454,2.5257419599753392,34149.207752352726,7.517428871186448,3.4095997209145006,0.0,0.0,0.0,0.0,0.0,0.0,0.0,0.0,0.0,0.0,0.0,0.0,0.04183583726972733,0.0,0.0,-1379840.8125129938,3334786.5872886167,6051340.614171013,13550001.950389944,6127737.811006805,-291443.4764619828,0.0,0.0,0.0,0.0,0.0,0.0,0.0,0.0,0.0,0.0,0.0,0.0,0.0,0.0,0.0,0.0,27392582.673881404,27649745.064112388,-14317348.362112492,27575193.976000004,40907590.67799989
2.0,0,2005,1391,807867572.593,811791150.9799998,855440923.1149998,20729798.13500025,861967385.8837496,31725067.558818586,12247363.824061703,0.8701483605011865,2431976.776694732,2.9854155095982247,33180.00032234723,7.492289932742605,3.412345318982156,0.0,0.0,0.0,0.0,0.0,0.0,0.0,0.0,0.0,0.0,0.0,0.0,0.04064891464153879,0.0,0.0,1968306.118685538,-1584042.2722229785,6272613.985473078,18641028.054147687,5953578.512868774,-229328.12833089932,0.0,0.0,0.0,0.0,0.0,0.0,0.0,0.0,0.0,0.0,0.0,0.0,0.0,0.0,0.0,0.0,31022156.270621203,31331598.133940693,-10601799.998940432,22919974.000000007,43649772.135000266
2.0,0,2006,1415,823614836.593,855440923.1149998,913931564.033,42743376.91799987,915020900.2608821,36632233.72826082,12189060.523953905,0.8551097518302682,2489143.4729631264,3.267890040824742,31707.039391994178,7.526042947598658,3.5735851361260127,0.0,0.0,0.0,0.0,0.0,0.0,0.0,0.0,0.0,0.0,0.0,0.0,0.03987171981486267,0.0,0.0,4065007.2490039044,3080179.3488271106,7600828.753604592,10937393.504577722,9856039.69785768,50014.21881623053,-961486.2570418353,0.0,0.0,0.0,0.0,0.0,0.0,0.0,0.0,0.0,0.0,0.0,0.0,0.0,0.0,0.0,34627976.51564541,35474007.86262031,7269369.055379557,15747264.000000026,58490640.917999916
2.0,0,2007,1436,832303104.592,913931564.033,924926553.1959999,2306721.1639999817,925001965.3081332,807827.4993681824,12139213.023315044,0.8957572980955756,2506046.0212742044,3.4551355018846617,31993.077307701584,7.428921806157321,3.7473472564012833,0.0,0.0,0.0,0.0,0.0,0.0,0.0,0.0,0.0,0.0,0.0,0.0,0.039455505835338495,0.0,0.0,5162611.55230753,-8143415.836878283,3166418.143578563,7262117.96645967,-2640989.434389303,-833797.0527864487,-995758.0253959838,0.0,0.0,0.0,0.0,0.0,0.0,0.0,0.0,0.0,0.0,0.0,0.0,0.0,0.0,0.0,2977187.312895747,2918394.9556135307,-611673.7916135489,8688267.999000002,10994989.162999986
2.0,0,2008,1436,832303104.592,924926553.1959999,988529404.1610003,63602850.96500036,957526941.12246,32524975.814326867,12290406.975490842,0.8949319161618998,2511974.2502300115,3.8651958320924917,31801.154280673756,7.605955894808157,3.8012413156888387,0.0,0.0,0.0,0.0,0.0,0.0,0.0,0.0,0.0,0.0,0.0,0.0,0.039455505835338495,0.0,0.0,11204175.948071165,1011867.4499331586,1425615.6921792012,15263347.581578624,1657095.027365997,1691378.4481084438,-220359.7633058309,0.0,0.0,0.0,0.0,0.0,0.0,0.0,0.0,0.0,0.0,0.0,0.0,0.0,0.0,0.0,32033120.383930758,32673876.256862402,30928974.70813795,0.0,63602850.96500036
2.0,0,2009,1436,832303104.592,988529404.1610003,908879792.4549997,-79649611.70600072,894569197.4122962,-62957743.71016427,11963645.883598369,1.0103714192149764,2493193.3046335983,2.8103374922478386,30173.2348690659,7.709680988603306,4.009220188241233,0.0,0.0,0.0,0.0,0.0,0.0,0.0,0.0,0.0,0.0,0.0,0.0,0.039455505835338495,0.0,0.0,-10380890.556365015,-24068881.592439964,-1330912.7687276946,-43572970.39347601,13385907.481735718,958918.9819978853,-1287642.743941601,0.0,0.0,0.0,0.0,0.0,0.0,0.0,0.0,0.0,0.0,0.0,0.0,0.0,0.0,0.0,-66296471.59121668,-65133087.55909498,-14516524.14690575,0.0,-79649611.70600072
2.0,0,2010,1460,834611626.858,908879792.4549997,898704145.8359997,-12484168.88499961,915710895.9937567,18798680.548064005,11662173.3291043,1.0147581543897652,2506860.1983665186,3.2698495336436975,29669.122382910267,7.925990831864103,4.027879330178633,0.0,0.0,0.0,0.0,0.0,0.0,0.0,0.0,0.0,0.0,0.0,0.0,0.03934637254410929,0.0,0.0,-9191899.936470458,418056.59431270167,2372261.3935338086,19231223.334491916,3845716.169021378,2441036.5032608323,-7277.631566013756,0.0,0.0,0.0,0.0,0.0,0.0,0.0,0.0,0.0,0.0,0.0,0.0,0.0,0.0,0.0,19109116.426584154,19421024.41894357,-31905193.303943176,2308522.2660000017,-10175646.618999612
2.0,0,2011,1460,834611626.858,898704145.8359997,936058347.778,37354201.94199995,946050376.5670954,30339480.573338687,11462779.625307804,0.9974284532887375,2526455.2846342525,4.011102009447115,29100.830023805654,8.213255354364243,4.127726166513298,0.0,0.0,0.0,0.0,0.0,0.0,0.0,0.0,0.0,0.0,0.0,0.0,0.05227576707054807,0.0,0.0,-8900465.877653884,2828046.819319768,1931853.1712326729,26902786.65508393,4695497.399386538,2512905.094232162,-653715.6046034836,0.0,0.0,0.0,0.0,0.0,0.0,0.0,0.0,0.0,0.0,0.0,0.0,-28698.111078430866,0.0,0.0,29288209.545919273,29277082.021359332,8077119.920640617,0.0,37354201.94199995
2.0,0,2012,1460,834611626.858,936058347.778,961216518.975,25158171.19699976,946666960.9953442,616584.4282488427,11264859.97834154,0.9925743948634373,2552570.219655734,4.025635842141261,28874.30950977705,8.256915411187537,4.125146976677537,0.0,0.0,0.0,0.0,0.0,0.0,0.0,0.0,0.0,0.0,0.0,0.0,0.08932640197053511,0.0,0.0,-5081541.277708251,-34702.460289293376,2609366.2658493523,514601.9459965775,2358860.1338082547,284264.8465597724,13015.433821431936,0.0,0.0,0.0,0.0,0.0,0.0,0.0,0.0,0.0,0.0,0.0,0.0,-82399.6346753492,0.0,0.0,581465.2533624951,530884.204860874,24627286.992138896,0.0,25158171.19699976
2.0,0,2013,1460,834611626.858,961216518.975,943429915.8970001,-17786603.077999774,940753853.899606,-5913107.095738206,11263611.07272525,1.0208482023136396,2586254.4548805575,3.868814067925636,29012.0091057778,8.061410663054062,4.209983575598471,0.0,0.0,0.0,0.0,0.0,0.0,0.0,0.0,0.0,0.0,0.0,0.0,0.14992332911902878,0.0,0.0,4485799.571134305,-5568480.879247092,4470531.789186483,-5612346.328063144,-1099980.763316704,-1814556.6073737736,-386915.2645397755,0.0,0.0,0.0,0.0,0.0,0.0,0.0,0.0,0.0,0.0,0.0,0.0,-127151.06385413007,0.0,0.0,-5653099.546073832,-5601608.185805842,-12184994.892193938,0.0,-17786603.077999774
2.0,0,2014,1460,834611626.858,943429915.8970001,939315735.8610001,-4114180.035999736,943304748.7674303,2550894.8678243374,11419119.733811356,1.001693040404654,2619700.420411556,3.6489125898236,29100.592148915563,8.103933237428214,4.286909933151268,0.0,0.0,0.08663681095866448,0.0,0.0,0.07498086076345459,0.0,0.0,0.0,0.0,0.0,0.0,0.2742702488842112,0.0,0.0,10065052.860007029,2436257.4977408275,3379183.563197374,-7942669.647421516,-844043.2669346159,374731.3269682652,-484962.33791567845,0.0,0.0,-1839963.1719900304,0.0,0.0,-2335810.0380332805,0.0,0.0,0.0,0.0,0.0,0.0,-195039.2804183665,0.0,0.0,2612737.505200004,2540558.2799342573,-6654738.315933994,0.0,-4114180.035999736
2.0,0,2015,1460,834611626.858,939315735.8610001,913699509.7710003,-25616226.089999966,889565206.3166522,-53739542.45077814,11782498.879741047,1.0041721750520232,2653957.9319366883,2.681113093838233,30303.426476594,7.898586925825586,4.435976716500871,0.0,0.0,0.4734065847925501,0.0,0.0,0.5273263487747702,0.0,0.0,0.0,0.0,0.0,0.0,0.4943164397806705,0.0,0.0,19864078.39276407,-1414915.9865186068,3311183.7428090894,-39771972.39476868,-9432514.324253155,-2046778.9079844875,-842487.2203974606,0.0,0.0,-10115327.190459501,0.0,0.0,-12483560.051888514,0.0,0.0,0.0,0.0,0.0,0.0,-425361.86077727954,0.0,0.0,-53357655.80147451,-53253450.04989525,27637223.959895294,0.0,-25616226.089999966
2.0,0,2016,1460,834611626.858,913699509.7710003,871357912.7650001,-42341597.00600023,860684713.4787585,-28880492.837893702,12159503.968070898,1.0184609177989752,2686779.4918045425,2.3755801696424443,31096.219498515795,7.72797644756597,4.946688751150995,0.0,0.0,0.9413339612792972,0.0,0.0,0.9908007750456295,0.0,0.0,0.0,0.0,0.0,0.0,0.6363086873439349,0.0,0.0,19065291.7549911,-2583559.1636877977,3084352.225704141,-14301703.465004116,-5779518.961421374,-1277497.3579899373,-2793147.5428569657,0.0,0.0,-12890823.60008492,0.0,0.0,-12223646.878879946,0.0,0.0,0.0,0.0,0.0,0.0,-274638.6475364069,0.0,0.0,-29974891.63676622,-30050450.516171005,-12291146.489829209,0.0,-42341597.00600023
2.0,0,2017,1460,834611626.858,871357912.7650001,831552342.074,-39805570.690999985,851841515.6294373,-8843197.849321127,12281198.999156006,1.0133404209314982,2723302.8351998106,2.587111128318453,31229.150299464894,7.44784620037302,5.171365051111893,0.0,0.0,1.4092613377660448,0.0,0.0,1.4604366659600612,0.0,0.0,0.0,0.0,0.0,0.0,0.7309116146626478,0.0,0.0,5848229.505611421,1951722.502558483,3127286.131241652,9819566.296389662,-1128299.8664102366,-2667319.2946979934,-1186028.4205030836,0.0,0.0,-12322005.294177271,0.0,0.0,-11767590.176251078,0.0,0.0,0.0,0.0,0.0,0.0,-198205.12304728915,0.0,0.0,-8522643.739285737,-8909244.694559768,-30896325.996440213,0.0,-39805570.690999985
2.0,0,2018,1460,834611626.858,831552342.074,809531783.5980002,-22020558.475999832,839733782.6148059,-12107733.014631102,12605880.28948464,1.00855792694148,2755043.821763279,2.8661268906981574,31624.666416307315,7.199429887816254,5.467550284745095,0.0,0.0,1.894566728772673,0.0,0.0,1.9651086431917704,0.0,0.0,0.0,0.0,0.0,0.0,0.8247575865068983,0.4107976167163236,0.0,10821361.072502697,2620415.9014710984,2715180.2396886153,11408367.083128875,-2689853.645656749,-2165160.403988396,-1473264.1942449005,0.0,0.0,-12214495.957017355,0.0,0.0,-12252134.31786729,0.0,0.0,0.0,0.0,0.0,0.0,-189595.97751974635,-8342030.863544093,0.0,-11761211.063047243,-12216538.568665083,-9804019.907334743,0.0,-22020558.475999832
2.0,1,2002,177,47452824.65639998,0.0,47452824.65639998,0.0,42788440.83979832,0.0,2968147.6581054074,1.2154478741037484,2770542.6833559438,1.9581685986983146,35531.351161575556,7.675141660306437,3.5465972047693852,0.0,0.0,0.0,0.0,0.0,0.0,0.0,0.0,0.0,0.0,0.0,0.0,0.3149083138507031,0.0,0.0,0.0,0.0,0.0,0.0,0.0,0.0,0.0,0.0,0.0,0.0,0.0,0.0,0.0,0.0,0.0,0.0,0.0,0.0,0.0,0.0,0.0,0.0,0.0,0.0,0.0,47452824.65639998,47452824.65639998
2.0,1,2003,177,47452824.65639998,47452824.65639998,47755010.070099965,302185.41369997925,46274177.185956955,3485736.346158634,3075048.9974624915,0.9466322646901045,2814945.361398362,2.2252878842732264,34839.27799774473,7.718809353788715,3.5465972047693852,0.0,0.0,0.0,0.0,0.0,0.0,0.0,0.0,0.0,0.0,0.0,0.0,0.3149083138507031,0.0,0.0,828610.9444639316,2310711.708325259,235280.55116116023,757876.4012792392,237859.1062339319,22092.028294661344,0.0,0.0,0.0,0.0,0.0,0.0,0.0,0.0,0.0,0.0,0.0,0.0,0.0,0.0,0.0,0.0,4392430.739758183,4590714.0029372275,-4288528.5892372485,0.0,302185.41369997914
2.0,1,2004,199,48097598.65639998,47755010.070099965,53869702.55789999,5469918.4878000235,49535002.56699244,2887100.495869625,2932927.638124809,0.9451620031242602,2834174.95883072,2.5351971551250343,33792.657754273074,7.760880473536916,3.535248117052813,0.0,0.0,0.0,0.0,0.0,0.0,0.0,0.0,0.0,0.0,0.0,0.0,0.3106867997039099,0.0,0.0,1016994.8229693677,696518.7868782047,255038.61752983107,806765.8679973307,342533.89033268916,23410.646177804883,0.0,0.0,0.0,0.0,0.0,0.0,0.0,0.0,0.0,0.0,0.0,0.0,0.0,0.0,0.0,0.0,3141262.6318852277,3214743.8380917157,2255174.6497083083,644773.9999999995,6114692.487800023
2.0,1,2005,199,48097598.65639998,53869702.55789999,61106761.72639997,7237059.168499976,54564267.7458086,5029265.178816168,3081301.51183402,0.9084037346465131,2886878.1872530584,2.990385455788874,32948.83510415257,7.775963179025527,3.535248117052813,0.0,0.0,0.0,0.0,0.0,0.0,0.0,0.0,0.0,0.0,0.0,0.0,0.3106867997039099,0.0,0.0,2781809.6528240754,414219.1618498801,327136.4697237347,1210627.0340369025,331821.11825039284,9056.343598722915,0.0,0.0,0.0,0.0,0.0,0.0,0.0,0.0,0.0,0.0,0.0,0.0,0.0,0.0,0.0,0.0,5074669.780283709,5213989.226404848,2023069.9420951293,0.0,7237059.168499976
2.0,1,2006,199,48097598.65639998,61106761.72639997,67460493.81599995,6353732.089599991,59238091.766026534,4673824.020217931,3340081.7579764007,0.8913179790826883,2953629.6232219003,3.276391418979004,31637.036304327637,7.867588385492911,3.5924046189155976,0.0,0.0,0.0,0.0,0.0,0.0,0.0,0.0,0.0,0.0,0.0,0.0,0.3106867997039099,0.0,0.0,2959170.1085337875,308708.95782102004,424522.01463067025,782587.243228242,632795.6994352794,69066.7711184531,-27816.99642850515,0.0,0.0,0.0,0.0,0.0,0.0,0.0,0.0,0.0,0.0,0.0,0.0,0.0,0.0,0.0,5149033.798338948,5269058.534247625,1084673.555352367,0.0,6353732.089599991
2.0,1,2007,267,49915575.14539998,67460493.81599995,73228318.37140007,3949848.06640012,64570784.49966316,2638035.3599483185,3697437.6534001767,1.0340992575368084,2913069.512762634,3.4746087310801883,31981.14454023015,7.653426524723514,3.9465082867934047,0.0,0.0,0.0,0.0,0.0,0.0,0.0,0.0,0.0,0.0,0.0,0.0,0.29937126751462667,0.0,0.0,3971291.557906644,-1014456.7878078312,129780.3214836373,590035.6356807991,-266748.3803565183,-184687.98399742492,-140272.7742512222,0.0,0.0,0.0,0.0,0.0,0.0,0.0,0.0,0.0,0.0,0.0,0.0,0.0,0.0,0.0,3084941.5886580837,3114186.165582767,835661.9008173529,1817976.4890000005,5767824.55540012
2.0,1,2008,291,54402213.73839998,73228318.37140007,86665209.44920002,8950252.484799935,77607377.4534685,9305284.01631679,3853125.224903552,0.9962659575969636,2880700.3997722156,3.8661371819019927,31976.599704053464,7.6325647008758315,3.978949832687936,0.0,0.0,0.0,0.0,0.0,0.0,0.0,0.0,0.0,0.0,0.0,0.0,0.2746816346823074,0.0,0.0,7715848.516607115,-424086.72524252336,27456.03267428753,1133638.432724048,187454.62768240977,124319.64545940867,6378.785771259367,0.0,0.0,0.0,0.0,0.0,0.0,0.0,0.0,0.0,0.0,0.0,0.0,0.0,0.0,0.0,8771009.315676006,8830759.35172142,119493.13307851394,4486638.5929999985,13436891.077799933
2.0,1,2009,313,55753300.73839998,86665209.44920002,78047144.00700001,-9969152.442199994,73851288.36592181,-4505122.840984918,3745933.3881009785,1.2319343301235886,2819079.653615653,2.8002629584386116,30659.16864688513,7.8948707398241815,4.061452327485971,0.0,0.0,0.0,0.0,0.0,0.0,0.0,0.0,0.0,0.0,0.0,0.0,0.2680251895778401,0.0,0.0,444216.584176937,-3126817.925746733,-146827.66967671158,-3842519.598445074,878392.1344221849,306810.42218377034,-37801.80392965818,0.0,0.0,0.0,0.0,0.0,0.0,0.0,0.0,0.0,0.0,0.0,0.0,0.0,0.0,0.0,-5524547.857015286,-5404418.9054776365,-4564733.536722356,1351087.0,-8618065.442199994
2.0,1,2010,313,55753300.73839998,78047144.00700001,73994753.89839998,-4052390.108600044,75672745.60350144,1821457.2375796319,3607222.7706852513,1.234150661402426,2831384.6703998097,3.2686216047881897,29919.448609587307,7.908270994817325,4.013773385206073,0.0,0.0,0.0,0.0,0.0,0.0,0.0,0.0,0.0,0.0,0.0,0.0,0.2680251895778401,0.0,0.0,476284.6502645381,-342128.59287351824,56952.89534934823,1687628.453177244,506490.8387199987,37087.33511035965,38190.846531963965,0.0,0.0,0.0,0.0,0.0,0.0,0.0,0.0,0.0,0.0,0.0,0.0,0.0,0.0,0.0,2460506.426279934,2611058.248668416,-6663448.35726846,0.0,-4052390.108600044
2.0,1,2011,336,56222628.73839998,73994753.89839998,78590940.59859999,4126858.700200018,83051071.97765532,6707657.942778071,3832466.2446029545,1.2562266012301222,2844276.086156447,3.9951032143778304,29380.209129056642,8.340989474750407,4.071260982146563,0.0,0.0,0.0,0.0,0.0,0.0,0.0,0.0,0.0,0.0,0.0,0.0,0.2657878035111108,0.0,0.0,3855257.8581619277,-509799.6255516576,128727.54720047858,2163567.4558080635,407633.0807927167,370631.20807773527,-42616.15962420798,0.0,0.0,0.0,0.0,0.0,0.0,0.0,0.0,0.0,0.0,0.0,0.0,0.0,0.0,0.0,6373401.364865055,6502555.858356592,-2375697.1581565747,469328.00000000006,4596186.700200018
2.0,1,2012,358,57873938.73839998,78590940.59859999,85082647.23140004,4840396.632800052,90257332.2016416,5471177.215675317,4096197.643429007,1.2170697271077393,2853386.618307615,4.006850740844655,29034.51154511043,8.345894678516148,4.403836935573432,0.0,0.0,0.0,0.0,0.0,0.0,0.0,0.0,0.0,0.0,0.0,0.0,0.3357284473211086,0.0,0.0,4609963.932586946,228217.01723422928,205982.61366512117,36506.4784715019,271409.2345943493,1433.2281422186566,-134851.44052637514,0.0,0.0,0.0,0.0,0.0,0.0,0.0,0.0,0.0,0.0,0.0,0.0,-9122.42455994092,0.0,0.0,5209538.63960805,5158875.883322282,-318479.2505222295,1651310.0000000002,6491706.632800052
2.0,1,2013,358,57873938.73839998,85082647.23140004,89235248.02039999,4152600.788999946,96259610.7729555,6002278.57131391,4807944.976190271,1.3088528299884872,2896677.132542293,3.8570740558323324,29661.407587213274,8.1782051648507,4.3643269919178636,0.0,0.0,0.0,0.0,0.0,0.0,0.0,0.0,0.0,0.0,0.0,0.0,0.5049326930743454,0.0,0.0,7645875.807163005,-1253479.7186929325,307077.44372194185,-475706.11198182835,-450673.1871704817,-143803.91872198763,-7119.092303100981,0.0,0.0,0.0,0.0,0.0,0.0,0.0,0.0,0.0,0.0,0.0,0.0,-41544.298895699125,0.0,0.0,5580626.923118915,5343046.59131043,-1190445.802310484,0.0,4152600.788999946
2.0,1,2014,358,57873938.73839998,89235248.02039999,87881510.08079997,-1353737.9396000227,97020901.81853977,761291.0455842537,4849260.304169098,1.320891216405385,2923729.8086590273,3.6477574977821567,29628.579943926292,8.185910375194615,4.417027783638063,0.0,0.0,0.0,0.0,0.0,0.0,0.0,0.0,0.0,0.15863376210661229,0.0,0.07998641001305345,0.5062294425549575,0.0,0.0,1699467.3650731025,67761.0536778624,259005.75794247535,-709236.2489511536,-58332.30540852998,-10949.251919560711,-35131.68400066933,0.0,0.0,0.0,0.0,0.0,0.0,0.0,0.0,0.0,-241158.3010190015,0.0,-70703.90446518414,-626.7445326718304,0.0,0.0,900095.7363966691,871409.8441278852,-2225147.7837279076,0.0,-1353737.9396000227
2.0,1,2015,405,59829539.892599985,87881510.08079997,88649529.18659997,-1187582.048399997,92713795.16959721,-6154618.949291612,4774727.39437538,1.3495851473365366,2939215.0171948927,2.682137311535547,31002.367966660368,7.933723016968137,4.576470324967446,0.0,0.0,0.0,0.0,0.0,0.0,0.0,0.0,0.0,0.7509526379218746,0.0,0.47152421735887806,0.662826142607607,0.0,0.0,840655.7163359825,-460297.494426509,285156.5782157571,-3748129.8703200724,-1160830.924931457,-197969.79891339803,-101642.29220932061,0.0,0.0,0.0,0.0,0.0,0.0,0.0,0.0,0.0,-866031.3780881545,0.0,-366891.5459069033,-21708.765724559405,0.0,0.0,-5797689.7759686345,-5688235.749322867,4500653.70092287,1955601.1541999993,768019.1058000021
2.0,1,2016,429,60160277.892599985,88649529.18659997,87510522.03900002,-1469745.1475999411,91984077.60527219,-1004086.4320761652,4817895.946050051,1.3011721840032888,2963657.0597378872,2.3770832298587017,31764.619517120685,7.4541800250748675,5.251199850063506,0.0,0.0,0.0,0.0,0.0,0.0,0.0,0.0,0.0,1.365681814530083,0.0,0.8555719488245784,0.7640570386503155,0.0,0.0,2038776.302636621,827760.5859599661,247528.68578954056,-1394733.5977182302,-447732.0096302074,-297997.2611492792,-350021.4219143557,0.0,0.0,0.0,0.0,0.0,0.0,0.0,0.0,0.0,-980994.792258341,0.0,-378905.42323064886,-16099.716448207313,0.0,0.0,-752418.6479631416,-764015.9294865143,-705729.2181134267,330737.99999999977,-1139007.1475999411
2.0,1,2017,453,62217600.892599985,87510522.03900002,87595005.0852,-1972839.9538000228,94091889.87180203,40091.249646374956,4654993.225538275,1.2812114444669882,2995739.842504058,2.5881753828031946,31626.367296606593,7.300327213445618,5.466533680277478,0.0,0.0,0.0,0.0,0.0,0.0,0.0,0.0,0.0,1.9189175157700433,0.0,1.2950201433045472,0.8114828873159746,0.0,0.0,891093.533169312,-110416.15533472876,258422.19724499446,1016894.069168538,83633.17050871266,-227011.11901260435,-165948.59183395706,0.0,0.0,0.0,0.0,0.0,0.0,0.0,0.0,0.0,-969279.8234066345,0.0,-373178.3529375321,-18958.772719986664,0.0,0.0,385250.1548461138,404521.5210940901,-2377361.4748941134,2057323.000000001,84483.0461999785
2.0,1,2018,475,62285153.87739998,87595005.0852,86439003.46819998,-1223554.6018000194,95664082.49148573,1504639.634883694,4695661.042500221,1.2662802887480384,3019143.137689776,2.872034088884735,31762.88508358125,7.10126748606542,5.792278032235633,0.0,0.0,0.0,0.0,0.0,0.0,0.0,0.0,0.0,2.5189197261520713,0.0,1.6947859012659858,0.8435501336453186,0.0,0.5459632233218061,2473581.1595104854,295834.2783118244,232850.29137210594,1274345.4033423953,-136095.80484483027,-244279.5459791068,-209394.04699771575,0.0,0.0,0.0,0.0,0.0,0.0,0.0,0.0,0.0,-954794.8848268983,0.0,-388429.68960582616,-4588.036129614686,0.0,-1163470.3120904367,1175558.8120623822,1318444.1738659884,-2541998.7756660087,67552.98479999996,-1156001.6170000196
3.0,0,2002,1656,93826393.28260002,0.0,93826393.28260002,0.0,89982990.67145257,0.0,2425840.371972661,0.9017395621589401,622965.2005476045,1.9331687557299713,34175.346418967376,6.674694973030704,3.3004073634047173,0.0,0.0,0.0,0.0,0.0,0.0,0.0,0.0,0.0,0.0,0.0,0.0,0.030222157122241904,0.0,0.0,0.0,0.0,0.0,0.0,0.0,0.0,0.0,0.0,0.0,0.0,0.0,0.0,0.0,0.0,0.0,0.0,0.0,0.0,0.0,0.0,0.0,0.0,0.0,0.0,0.0,93826393.28260002,93826393.28260002
3.0,0,2003,2013,107574216.40290001,93826393.28260002,107286367.3814,-287849.0214999906,107538677.74179724,4754033.87296972,2222983.4636672423,0.8448590417189545,604235.9409218997,2.17621166561087,33099.25179339303,6.815340565556006,3.1937593674922464,0.0,0.0,0.0,0.0,0.0,0.0,0.0,0.0,0.0,0.0,0.0,0.0,0.026359810880514638,0.0,0.0,413843.2078935043,968776.8527588717,757866.8090775526,1420388.5781591053,877887.0868725338,149311.79031937575,0.0,0.0,0.0,0.0,0.0,0.0,0.0,0.0,0.0,0.0,0.0,0.0,0.0,0.0,0.0,0.0,4588074.325080941,4789906.847858526,-5077755.869358518,13747823.120299999,13459974.098800007
3.0,0,2004,2599,152524955.67710003,107286367.3814,153094510.4068,857403.751199989,156632919.04843462,5722068.322017925,2298789.591976455,0.8518320480652238,610117.2190057647,2.4985270245646705,30548.60024682385,7.060445694466377,3.107998052390013,0.0,0.0,0.0,0.0,0.0,0.0,0.0,0.0,0.0,0.0,0.0,0.0,0.018591292076839724,0.0,0.0,1788355.441602474,-300953.7822422761,1002313.4223114356,1920460.603183198,1348433.1709155282,124763.8450698506,0.0,0.0,0.0,0.0,0.0,0.0,0.0,0.0,0.0,0.0,0.0,0.0,0.0,0.0,0.0,0.0,5883372.70084021,6032082.026827425,-5174678.275627437,44950739.27419999,45808143.02539998
3.0,0,2005,3151,180039174.23130006,153094510.4068,184531650.39370003,3922921.4327000054,190030254.62320614,5425361.01603682,2093343.7350193094,0.8317120375427648,622249.7627482752,2.9640767538767996,29290.60925313107,7.041865612971015,3.152658276394836,0.0,0.0,0.0,0.0,0.0,0.0,0.0,0.0,0.0,0.0,0.0,0.0,0.015750105565119955,0.0,0.0,-2098784.972228147,366767.5899624162,1563756.485694327,3623318.904264913,1688906.854054173,173669.61247475463,0.0,0.0,0.0,0.0,0.0,0.0,0.0,0.0,0.0,0.0,0.0,0.0,0.0,0.0,0.0,0.0,5317634.474222438,5385679.344630341,-1462757.911930336,27514218.5542,31437139.9869
3.0,0,2006,3869,207952967.24120003,184531650.39370003,225272064.2217,12826620.818100017,232507798.73832643,13004892.187640289,1982070.150940829,0.85733294113113,620938.8479819344,3.255676829986623,27799.38825274094,7.035486179742705,3.585030912223822,0.0,0.0,0.0,0.0,0.0,0.0,0.0,0.0,0.0,0.0,0.0,0.0,0.013635948732152538,0.0,0.0,4677355.818973481,-251660.6773813616,2008248.5048260174,2366283.253018368,2839859.9142726194,258265.6530847401,-370010.96570648265,0.0,0.0,0.0,0.0,0.0,0.0,0.0,0.0,0.0,0.0,0.0,0.0,0.0,0.0,0.0,11528341.501087386,11887004.637593415,939616.1805065991,27913793.00989999,40740413.828
3.0,0,2007,4161,220136516.9945,225272064.2217,246184325.04080003,8728711.065799989,252450501.03516006,6977416.720997985,1990142.713984119,0.8552012420868136,618999.23293851,3.4335572888505004,28083.743339511093,7.174052358750031,3.706861087619996,0.0,0.0,0.0,0.0,0.0,0.0,0.0,0.0,0.0,0.0,0.0,0.0,0.012881261313273376,0.0,0.0,4719802.947705884,125924.28761880749,786695.1863240045,1720400.0996995852,-679413.1847555662,213385.1341670694,-180536.32069678884,0.0,0.0,0.0,0.0,0.0,0.0,0.0,0.0,0.0,0.0,0.0,0.0,0.0,0.0,0.0,6706258.150062991,6737612.070005087,1991098.9957949012,12183549.7533,20912260.819099978
3.0,0,2008,4193,224152115.9945,246184325.04080003,268473557.9379,18273633.897100005,265399207.2422327,8331935.031637609,2031645.1036805399,0.8334673950283654,627275.1000631237,3.855803373088301,28291.198395512944,7.1381154728004335,3.720729783379489,0.0,0.0,0.0,0.0,0.0,0.0,0.0,0.0,0.0,0.0,0.0,0.0,0.012650498468056298,0.0,0.0,2621816.0293053137,1134986.6698713475,280726.9572848725,4151195.0501412083,-440949.0780503544,-49952.843192684246,26490.532697231247,0.0,0.0,0.0,0.0,0.0,0.0,0.0,0.0,0.0,0.0,0.0,0.0,0.0,0.0,0.0,7724313.318056935,7813238.791935263,10460395.105164751,4015598.999999997,22289232.897100005
3.0,0,2009,4293,237400456.85450006,268473557.9379,273769866.76780003,-7952032.030100019,268481397.7604547,-9142557.110269332,2006912.2011031187,0.8795700893327977,605867.8319192594,2.7867178402801773,26704.944894456454,7.178646979262906,3.709912672511503,0.0,0.0,0.0,0.0,0.0,0.0,0.0,0.0,0.0,0.0,0.0,0.0,0.011944526297764995,0.0,0.0,2470420.6953342287,-3244820.647355658,-287612.27822683286,-12016574.657250838,3670627.8388029295,256884.0074264478,72426.99114289194,0.0,0.0,0.0,0.0,0.0,0.0,0.0,0.0,0.0,0.0,0.0,0.0,0.0,0.0,0.0,-9078648.050126832,-9223097.194147961,1271065.164047942,13248340.860000001,5296308.829899984
3.0,0,2010,4357,239170993.85450006,273769866.76780003,277825788.1412,3220186.3734000092,278213461.6881161,8491865.364196233,1965101.243503356,0.8598040168503387,608647.2524247543,3.2350401154402086,26589.596512437685,7.406227752447066,4.05989788723454,0.0,0.0,0.0,0.0,0.0,0.0,0.0,0.0,0.0,0.0,0.0,0.0,0.028185144408025237,0.0,0.0,1170087.804369136,1029748.5874746359,615401.0358785463,5809358.207320312,-195971.58544100943,785100.9087021363,-495490.527271276,0.0,0.0,0.0,0.0,0.0,0.0,0.0,0.0,0.0,0.0,0.0,0.0,-8896.637902016735,0.0,0.0,8709337.793130465,8771259.995260904,-5551073.621860892,1770537.0000000014,4990723.37340001
3.0,0,2011,4456,240618370.48030004,277825788.1412,297146656.5085,16884383.741500005,292320971.1396415,11558012.800143808,1933415.7830181904,0.82437094734285,610573.6819209581,3.990111035379308,26410.615882115886,7.493496651492798,3.934188756835643,0.0,0.0,0.0,0.0,0.0,0.0,0.0,0.0,0.0,0.0,0.0,0.0,0.028015604072723563,0.0,0.0,-281870.1017489527,2067121.0070922119,465291.60433095053,8405054.348795056,451945.8539051477,306773.8450874713,145794.60454117943,0.0,0.0,0.0,0.0,0.0,0.0,0.0,0.0,0.0,0.0,0.0,0.0,0.0,0.0,0.0,11560111.162003063,11681320.335299123,5203063.406200878,1447376.6257999993,18331760.36730001
3.0,0,2012,4524,241062631.00570005,297146656.5085,306202664.84299994,8611747.809099926,294359206.03322,1577996.379202853,1941108.7201648594,0.8316985124102879,615360.0991281221,3.99854649556948,26006.90038844983,7.366908287976272,3.7949049460783484,0.0,0.0,0.0,0.0,0.0,0.0,0.0,0.0,0.0,0.0,0.0,0.0,0.0392576898398501,0.0,0.0,733551.3446194562,-571203.5800315257,618732.8133778798,88696.79003591678,1275311.9853977924,-337598.7659491132,214406.54816995125,0.0,0.0,0.0,0.0,0.0,0.0,0.0,0.0,0.0,0.0,0.0,0.0,-5776.061391629479,0.0,0.0,2016121.0742287277,2114888.314115306,6496859.494984619,444260.5253999998,9056008.334499922
3.0,0,2013,4621,248760086.60570005,306202664.84299994,307929795.6151,-3317391.6299998937,297008725.92464566,-3153744.774953938,1923290.2032958867,0.8843815190364076,610971.6759877269,3.8253729022554315,25811.782631594695,7.287144351352409,3.693719633414037,0.0,0.0,0.0,0.0,0.0,0.0,0.0,0.0,0.0,0.0,0.0,0.0,0.038042927742666086,0.0,0.0,1650247.5357846352,-4477596.271525916,1097627.8551694276,-1700676.0424339545,-58556.11528521449,92166.58161628374,154432.42074920645,0.0,0.0,0.0,0.0,0.0,0.0,0.0,0.0,0.0,0.0,0.0,0.0,0.0,0.0,0.0,-3242354.03592553,-3242928.113015405,-74463.51698448966,7697455.599999994,4380063.970000094
3.0,0,2014,4621,248760086.60570005,307929795.6151,308990591.9923,-146555.6228000396,300268657.7516259,2004160.1151012718,1958147.9719205766,0.8758131606099765,616392.1280717156,3.62825585038743,26226.864055775906,7.434416131981034,3.8724143557189414,0.0,0.0,0.0,0.0,0.0,0.0,0.0,0.0,0.0,0.0,0.0,0.0,0.055524132462187015,0.0,0.0,4934672.801366117,292090.1320722887,646374.6733208197,-2549642.901571921,-1084830.782435536,140616.11081117752,-302918.5513999972,0.0,0.0,0.0,0.0,0.0,0.0,0.0,0.0,0.0,0.0,0.0,0.0,-13333.684195825394,0.0,0.0,2063027.7979671252,2148539.341892197,-2295094.964692238,0.0,-146555.62280004006
3.0,0,2015,4621,248760086.60570005,308990591.9923,297630861.5868,-11600500.609199986,284580975.68866366,-15812369.412816063,2009376.945049073,0.9119850202598848,621892.6942953215,2.6307483205148,27126.464621568695,7.233653418790621,3.9079827605993214,0.0,0.0,0.0,0.2790703732710844,0.0,0.0,0.29973326486730484,0.0,0.0,0.0,0.0,0.0,0.11472196348055974,0.0,0.0,4706666.8218609225,-2112463.496280391,740558.8234405037,-13590260.575387683,-2524949.195926952,-537817.7955990937,263.3153986751686,0.0,0.0,0.0,-846317.3029238003,0.0,0.0,-2234754.0406037224,0.0,0.0,0.0,0.0,0.0,-33279.24984992955,0.0,0.0,-16432352.695871465,-16348191.245644445,4747690.636444461,0.0,-11600500.609199986
3.0,0,2016,4621,248760086.60570005,297630861.5868,278770243.76699996,-18577643.978199974,274181096.5252403,-10123137.565943368,2047107.403091403,0.9802529821303045,626549.9409967927,2.343425080463277,27495.444807727927,7.07868253214299,4.456243323704163,0.0,0.0,0.0,0.6985412038123091,0.0,0.0,0.6710905471013561,0.0,0.0,0.0,0.0,0.0,0.19296796305625694,0.0,0.0,3197614.124226396,-3573874.7546114516,683003.4202018639,-4427034.288665462,-980351.2684364376,-355987.1367255058,-1003569.4803303198,0.0,0.0,0.0,-1245781.8771920942,0.0,0.0,-2747192.4030250222,0.0,0.0,0.0,0.0,0.0,-52716.88503170734,0.0,0.0,-10505890.549589751,-10323600.30427088,-8254043.673929097,0.0,-18577643.978199974
3.0,0,2017,4621,248760086.60570005,278770243.76699996,270047381.1119999,-8549507.945199985,274755222.3830162,648380.6391570003,2069169.0679734056,0.9726998738435582,631260.7606242768,2.5563702429785926,27700.63488301881,7.028452530325749,4.749337462977225,0.0,0.0,0.0,1.1597711773400277,0.0,0.0,1.093307437881267,0.0,0.0,0.0,0.0,0.0,0.41444181148205805,0.0,0.0,2488675.467994685,376721.63657621783,584266.2014663905,3183051.0465896293,-779236.085693292,-124133.49139070757,-482539.85278189194,0.0,0.0,0.0,-1364782.0647391751,0.0,0.0,-2896270.2411633944,0.0,0.0,0.0,0.0,0.0,-123760.56773631039,0.0,0.0,861992.0491221494,763653.2456283415,-9313161.190828333,0.0,-8549507.945199987
3.0,0,2018,4621,248760086.60570005,270047381.1119999,266625561.4512,-3057888.9888000414,274864173.72254914,549766.4145644689,2086603.0650744524,0.9722850565084596,636317.910461279,2.808392358187924,28006.494382929628,6.947568332569942,5.102702333983586,0.0,0.0,0.0,1.6747389029147168,0.0,0.0,1.5608957496523992,0.0,0.0,0.0,0.0,0.0,0.5666380993383613,0.06607737542017464,0.0,2640174.2606015815,595756.5576300464,610136.0873659173,3491016.2993447827,-927964.6341179742,-156208.47398407795,-595531.9611480819,0.0,0.0,0.0,-1462973.9774624058,0.0,0.0,-3153889.7357242685,0.0,0.0,0.0,0.0,0.0,-85588.15990971579,-516569.7092611237,0.0,438356.5533346772,400384.0316838091,-3458273.020483851,0.0,-3057888.9888000414
10.0,0,2002,100,1201007994.0000014,0.0,1201007994.0000014,0.0,1097448698.6401243,0.0,253905652.10000002,0.979563485,25697520.38999998,1.9740000000000002,42439.07499999996,31.709999999999997,3.5,0.0,0.0,0.0,0.0,0.0,0.0,0.0,0.0,0.0,0.0,0.0,0.0,0.0,0.0,0.0,0.0,0.0,0.0,0.0,0.0,0.0,0.0,0.0,0.0,0.0,0.0,0.0,0.0,0.0,0.0,0.0,0.0,0.0,0.0,0.0,0.0,0.0,0.0,0.0,0.0,1201007994.0000014,1201007994.0000014
10.0,0,2003,100,1201007994.0000014,1201007994.0000014,1127691152.9999998,-73316841.00000167,1022432543.3326005,-75016155.30752385,232535029.09999964,1.1512130359999997,26042245.26999999,2.2467999999999995,41148.63500000003,31.36,3.5,0.0,0.0,0.0,0.0,0.0,0.0,0.0,0.0,0.0,0.0,0.0,0.0,0.0,0.0,0.0,-70806532.63959892,-40353498.638038985,4363736.13895588,19599007.20792811,9671378.81716349,-4430027.9352951525,0.0,0.0,0.0,0.0,0.0,0.0,0.0,0.0,0.0,0.0,0.0,0.0,0.0,0.0,0.0,0.0,-81955937.04888557,-82094955.61398059,8778114.613978922,0.0,-73316841.00000167
10.0,0,2004,100,1201007994.0000014,1127691152.9999998,1109237034.0000017,-18454118.999998093,1074583627.7587585,52151084.42615807,243107287.39999998,1.20597552,26563773.749999993,2.5669,39531.590000000004,31.0,3.5,0.0,0.0,0.0,0.0,0.0,0.0,0.0,0.0,0.0,0.0,0.0,0.0,0.0,0.0,0.0,35190665.18123477,-11591049.1701608,6102244.333872106,19727664.99068553,11804182.946784627,-4278211.824117568,0.0,0.0,0.0,0.0,0.0,0.0,0.0,0.0,0.0,0.0,0.0,0.0,0.0,0.0,0.0,0.0,56955496.45829867,57519996.708089285,-75974115.70808738,0.0,-18454118.9999981
10.0,0,2005,100,1201007994.0000014,1109237034.0000017,1185413968.9999993,76176934.99999762,1153837596.6357386,79253968.87698007,254087771.4,1.1702642379999997,27081157.49999996,3.0314999999999994,38116.91999999998,30.68,3.5,0.0,0.0,0.0,0.0,0.0,0.0,0.0,0.0,0.0,0.0,0.0,0.0,0.0,0.0,0.0,34389443.483957306,7465695.269038005,5838921.8064538175,25335436.272838227,10549222.750143668,-3741412.5815497185,0.0,0.0,0.0,0.0,0.0,0.0,0.0,0.0,0.0,0.0,0.0,0.0,0.0,0.0,0.0,0.0,79837307.0008813,81809768.08029836,-5632833.080300748,0.0,76176934.99999762
10.0,0,2006,100,1201007994.0000014,1185413968.9999993,1159540668.9999998,-25873299.999999523,936156444.3448058,-217681152.29093277,252268420.80000016,2.8162655389999998,27655014.75000005,3.3499999999999996,36028.75000000002,30.18,3.7000000000000006,0.0,0.0,0.0,0.0,0.0,0.0,0.0,0.0,0.0,0.0,0.0,0.0,0.0,0.0,0.0,-5872768.234033505,-245425245.36480492,6784619.09720404,16742008.30475017,17474914.393737815,-6241499.185612621,-1429499.8425337907,0.0,0.0,0.0,0.0,0.0,0.0,0.0,0.0,0.0,0.0,0.0,0.0,0.0,0.0,0.0,-217967470.8312928,-223638300.1091883,197765000.10918877,0.0,-25873299.999999523
10.0,0,2007,100,1201007994.0000014,1159540668.9999998,1100711966.9999993,-58828702.00000048,1184288853.9781477,248132409.6333419,256261700.60000035,1.230985498,27714120.0,3.4605999999999995,36660.58,30.400000000000002,3.6,0.0,0.0,0.0,0.0,0.0,0.0,0.0,0.0,0.0,0.0,0.0,0.0,0.0,0.0,0.0,12654815.812772246,286258175.14497423,673970.4468944554,5382153.927618787,-5224137.411638635,2696546.3124923245,699782.4837733863,0.0,0.0,0.0,0.0,0.0,0.0,0.0,0.0,0.0,0.0,0.0,0.0,0.0,0.0,0.0,303141306.7168869,307341387.22742605,-366170089.2274265,0.0,-58828702.00000048
10.0,0,2008,100,1201007994.0000014,1100711966.9999993,1112567173.9999998,11855207.000000477,1220485760.3224049,36196906.34425712,260943220.70000005,1.242132803,27956797.669999957,3.9194999999999998,36716.94000000002,30.420000000000005,3.7000000000000006,0.0,0.0,0.0,0.0,0.0,0.0,0.0,0.0,0.0,0.0,0.0,0.0,0.0,0.0,0.0,13858564.768902263,-2252495.0206224187,2614950.290453598,20060912.73081544,-439100.0221741028,232457.8744872054,-663878.7272081823,0.0,0.0,0.0,0.0,0.0,0.0,0.0,0.0,0.0,0.0,0.0,0.0,0.0,0.0,0.0,33411411.894653797,33642441.07142223,-21787234.07142175,0.0,11855207.000000477
10.0,0,2009,100,1201007994.0000014,1112567173.9999998,1079011273.9999983,-33555900.00000143,1163728377.796739,-56757382.52566576,261208990.79999962,1.298489488,27734538.00000004,2.8430999999999997,35494.290000000015,30.61,3.8999999999999995,0.0,0.0,0.0,0.0,0.0,0.0,0.0,0.0,0.0,0.0,0.0,0.0,0.0,0.0,0.0,783027.0357715291,-11293783.13657887,-2414349.425182415,-49534216.940413415,9829803.988909869,2234139.3313514334,-1341653.3309312346,0.0,0.0,0.0,0.0,0.0,0.0,0.0,0.0,0.0,0.0,0.0,0.0,0.0,0.0,0.0,-51737032.477073096,-51738744.30418266,18182844.304181233,0.0,-33555900.00000143
10.0,0,2010,100,1201007994.0000014,1079011273.9999983,1055804062.9999982,-23207211.00000012,1099344455.6128495,-64383922.18388963,234440206.99999973,1.3328625240000003,27553600.74999996,3.2889999999999997,35213.00000000002,30.93,3.8999999999999995,0.0,0.0,0.0,0.0,0.0,0.0,0.0,0.0,0.0,0.0,0.0,0.0,0.0,0.0,0.0,-77690231.44043778,-6562879.705429623,-1920467.541680807,22069488.689061332,2232210.439709675,3651779.598183939,0.0,0.0,0.0,0.0,0.0,0.0,0.0,0.0,0.0,0.0,0.0,0.0,0.0,0.0,0.0,0.0,-58220099.960593276,-59696901.120760955,36489690.120760836,0.0,-23207211.00000012
10.0,0,2011,100,1201007994.0000014,1055804062.9999982,1024067732.9999994,-31736329.999998808,1113421728.3672245,14077272.75437498,228510747.49999994,1.410313236,27682634.670000013,4.0656,34147.68000000002,31.299999999999997,3.8999999999999995,0.0,0.0,0.0,0.0,0.0,0.0,0.0,0.0,0.0,0.0,0.0,0.0,0.0,0.0,0.0,-18528361.15309059,-14078000.998558914,1343415.2978353167,32910178.661975868,8458351.984904649,4132647.425953302,0.0,0.0,0.0,0.0,0.0,0.0,0.0,0.0,0.0,0.0,0.0,0.0,0.0,0.0,0.0,0.0,14238231.21901963,13519731.412792493,-45256061.4127913,0.0,-31736329.999998804
10.0,0,2012,100,1201007994.0000014,1024067732.9999994,1032661299.000001,8593566.00000155,1119052579.7207708,5630851.353546381,227959423.99999982,1.369100306,27909105.42000003,4.109300000000001,33963.31,31.51,4.1,1.0,0.0,0.0,0.0,0.0,0.0,0.0,0.0,0.0,0.0,0.0,0.0,0.0,0.0,0.0,-1708241.2946296239,7284721.473302512,2273446.598684543,1623747.2149065204,1441038.70254874,2273129.921251199,-1234931.1728647565,-6729491.87037983,0.0,0.0,0.0,0.0,0.0,0.0,0.0,0.0,0.0,0.0,0.0,0.0,0.0,0.0,5223419.572819306,5178965.915226347,3414600.084775203,0.0,8593566.00000155
10.0,0,2013,100,1201007994.0000014,1032661299.000001,1031511812.0000011,-1149486.9999998808,1061982145.3797187,-57070434.341052175,232024741.20000002,1.631481463,28818049.080000035,3.9420000000000006,33700.32,29.93,4.2,2.0,0.0,0.0,0.0,0.0,0.0,0.0,0.0,0.0,0.0,0.0,0.0,1.0,0.0,0.0,12693020.157825785,-43631781.21128072,9047044.632335017,-6321653.717138738,2087131.977410087,-17084106.364871517,-622834.9371777741,-6785963.069179512,0.0,0.0,0.0,0.0,0.0,0.0,0.0,0.0,0.0,0.0,0.0,-2181157.359384088,0.0,0.0,-52800299.89146147,-52664575.310510136,51515088.310510255,0.0,-1149486.9999998808
10.0,0,2014,100,1201007994.0000014,1031511812.0000011,1020949725.9999985,-10562086.000002623,1054841220.7341924,-7140924.64552629,232003465.0999997,1.627628074,29110612.08000001,3.7523999999999997,33580.79999999999,30.2,4.2,3.0,0.0,0.0,0.0,0.0,0.0,0.0,0.0,0.0,0.0,0.0,0.0,1.0,0.0,0.0,-65372.754100179875,621455.7544967369,2839691.192951742,-7416052.738243983,952334.9749451772,2944773.335075316,0.0,-6778409.405322781,0.0,0.0,0.0,0.0,0.0,0.0,0.0,0.0,0.0,0.0,0.0,0.0,0.0,0.0,-6901579.640197972,-6936037.627853529,-3626048.372149094,0.0,-10562086.000002623
10.0,0,2015,100,1201007994.0000014,1020949725.9999985,997331165.7000012,-23618560.29999721,993001479.220819,-61839741.513373375,232760764.6000004,1.681151878,29378317.829999972,2.7030000000000003,34173.339999999975,30.169999999999998,4.1,4.0,0.0,0.0,0.0,0.0,0.0,0.0,0.0,0.0,0.0,0.0,0.0,1.0,0.0,0.0,2302064.997769802,-8426503.059165593,2546846.330806696,-45919073.88030734,-4627841.603066165,-323334.13459288864,616142.8867209809,-6709002.40265993,0.0,0.0,0.0,0.0,0.0,0.0,0.0,0.0,0.0,0.0,0.0,0.0,0.0,0.0,-60540700.86449444,-59852863.07833677,36234302.77833956,0.0,-23618560.29999721
10.0,0,2016,100,1201007994.0000014,997331165.7000012,999255569.6999992,1924403.9999979734,956692245.2925191,-36309233.928299904,232107589.3,1.687565261,29437697.49999995,2.4255,35302.049999999996,29.879999999999995,4.5,5.0,0.0,0.0,0.0,0.0,0.0,0.0,0.0,0.0,0.0,0.0,0.0,1.0,0.0,0.0,-1935113.6344137876,-978853.1457752157,548240.6803610269,-14226542.192813711,-8382338.410035307,-3049070.00720163,-2403928.3481920054,-6553796.936842458,0.0,0.0,0.0,0.0,0.0,0.0,0.0,0.0,0.0,0.0,0.0,0.0,0.0,0.0,-36981401.994913094,-36467549.502343304,38391953.50234128,0.0,1924403.9999979734
10.0,0,2017,100,1201007994.0000014,999255569.6999992,942661585.6000004,-56593984.09999883,952353569.1223024,-4338676.17021668,230935447.4000001,1.7337943710000001,29668394.669999976,2.6928000000000005,35945.81999999998,30.000000000000004,4.5,6.0,0.0,0.0,0.0,0.0,0.0,0.0,0.0,0.0,0.0,0.0,0.0,1.0,0.0,0.0,-3490321.636492175,-6979875.846859786,2125300.967921793,13944663.302037321,-4679466.921208023,1266857.3093001344,0.0,-6566442.839702199,0.0,0.0,0.0,0.0,0.0,0.0,0.0,0.0,0.0,0.0,0.0,0.0,0.0,0.0,-4379285.665002935,-4531704.264925889,-52062279.83507294,0.0,-56593984.09999883
10.0,0,2018,100,1201007994.0000014,942661585.6000004,935808062.5999997,-6853523.000000715,927441548.2305404,-24912020.89176202,230662401.5,1.7232403280000002,29807700.83999996,2.9199999999999995,36801.50000000002,30.010000000000005,4.6,7.0,0.0,0.0,0.0,0.0,0.0,0.0,0.0,0.0,0.0,0.0,0.0,1.0,1.0,0.0,-770440.143657259,1499816.954912448,1202628.7700228204,10438399.85525655,-5742648.939756866,99534.45903434814,-568552.893398474,-6194544.825888549,0.0,0.0,0.0,0.0,0.0,0.0,0.0,0.0,0.0,0.0,0.0,0.0,-24528346.901586555,0.0,-24564153.665061537,-24658494.361470673,17804971.361469958,0.0,-6853523.000000715
10.0,1,2002,100,2028458449.0000012,0.0,2028458449.0000012,0.0,2095369216.8145123,0.0,474570591.5000003,1.761002458,25697520.38999998,1.9740000000000002,42439.07499999996,31.71,3.5,0.0,0.0,0.0,0.0,0.0,0.0,0.0,0.0,0.0,0.0,0.0,0.0,0.0,0.0,0.0,0.0,0.0,0.0,0.0,0.0,0.0,0.0,0.0,0.0,0.0,0.0,0.0,0.0,0.0,0.0,0.0,0.0,0.0,0.0,0.0,0.0,0.0,0.0,0.0,0.0,2028458449.0000012,2028458449.0000012
10.0,1,2003,100,2028458449.0000012,2028458449.0000012,1999850729.9999993,-28607719.000001907,2182629965.631097,87260748.81658459,503552796.7000007,1.9292153140000003,26042245.26999999,2.2467999999999995,41148.63500000003,31.36,3.5,0.0,0.0,0.0,0.0,0.0,0.0,0.0,0.0,0.0,0.0,0.0,0.0,0.0,0.0,0.0,84829397.8442637,-48711327.52747829,7370190.277244471,33102004.28435587,16334604.076877521,-7482154.689684331,0.0,0.0,0.0,0.0,0.0,0.0,0.0,0.0,0.0,0.0,0.0,0.0,0.0,0.0,0.0,0.0,85442714.26557894,84474278.70118272,-113081997.70118463,0.0,-28607719.000001907
10.0,1,2004,100,2028458449.0000012,1999850729.9999993,2115153451.9999995,115302722.00000024,2312666074.4136276,130036108.78253078,521860484.00000006,1.9019918869999999,26563773.749999993,2.5669,39531.590000000004,31.0,3.5,0.0,0.0,0.0,0.0,0.0,0.0,0.0,0.0,0.0,0.0,0.0,0.0,0.0,0.0,0.0,49973238.42423798,7689412.414642352,10821737.63026098,34985097.76179639,20933571.94510223,-7586993.137966162,0.0,0.0,0.0,0.0,0.0,0.0,0.0,0.0,0.0,0.0,0.0,0.0,0.0,0.0,0.0,0.0,116816065.03807376,119146539.34475367,-3843817.3447534293,0.0,115302722.00000024
10.0,1,2005,100,2028458449.0000012,2115153451.9999995,2507212522.9999957,392059070.9999962,2519836065.5218883,207169991.10826063,527998936.70000035,1.608699594,27081157.49999996,3.0314999999999994,38116.91999999998,30.68,3.5,0.0,0.0,0.0,0.0,0.0,0.0,0.0,0.0,0.0,0.0,0.0,0.0,0.0,0.0,0.0,17164037.970015567,94681511.85297008,11133973.38560087,48310986.60416678,20115831.181203846,-7134328.817605187,0.0,0.0,0.0,0.0,0.0,0.0,0.0,0.0,0.0,0.0,0.0,0.0,0.0,0.0,0.0,0.0,184272012.17635193,189476693.88653538,202582377.1134608,0.0,392059070.9999962
10.0,1,2006,100,2028458449.0000012,2507212522.9999957,2603647774.9999986,96435252.00000286,2640291187.432321,120455121.91043282,539962610.0999992,1.587646779,27655014.75000005,3.3499999999999996,36028.75000000002,30.18,3.7,0.0,0.0,0.0,0.0,0.0,0.0,0.0,0.0,0.0,0.0,0.0,0.0,0.0,0.0,0.0,39126756.30946568,8363797.006428431,14349824.119792284,35410222.90909041,36960357.606796816,-13201097.110120395,-3023466.9073882364,0.0,0.0,0.0,0.0,0.0,0.0,0.0,0.0,0.0,0.0,0.0,0.0,0.0,0.0,0.0,117986393.93406497,119851681.72072303,-23416429.720720172,0.0,96435252.00000286
10.0,1,2007,100,2028458449.0000012,2603647774.9999986,2751026060.0000033,147378285.00000477,2687929920.5689645,47638733.13664341,543107372.7999997,1.523935495,27714120.0,3.4605999999999995,36660.58,30.4,3.6,0.0,0.0,0.0,0.0,0.0,0.0,0.0,0.0,0.0,0.0,0.0,0.0,0.0,0.0,0.0,10470690.366970228,26814335.326733917,1513342.051198468,12085158.781396877,-11730346.430916937,6054860.337723172,1571300.7362060454,0.0,0.0,0.0,0.0,0.0,0.0,0.0,0.0,0.0,0.0,0.0,0.0,0.0,0.0,0.0,46779341.16931178,46977576.611791484,100400708.38821328,0.0,147378285.00000477
10.0,1,2008,100,2028458449.0000012,2751026060.0000033,2818659238.999998,67633178.99999475,2783100832.2626386,95170911.69367409,558408346.8999993,1.5489328799999997,27956797.669999957,3.9195,36716.94000000002,30.42,3.7,0.0,0.0,0.0,0.0,0.0,0.0,0.0,0.0,0.0,0.0,0.0,0.0,0.0,0.0,0.0,53335458.97245303,-11120758.956419777,6535584.794493681,50138542.47471732,-1097449.3238588881,580985.480070203,-1659242.1396190235,0.0,0.0,0.0,0.0,0.0,0.0,0.0,0.0,0.0,0.0,0.0,0.0,0.0,0.0,0.0,96713121.30183655,97404942.07819076,-29771763.078196004,0.0,67633178.99999475
10.0,1,2009,100,2028458449.0000012,2818659238.999998,2717269399.9999986,-101389838.99999952,2656038675.471582,-127062156.79105663,562176551.3,1.632493051,27734538.00000004,2.8430999999999997,35494.290000000015,30.61,3.9,0.0,0.0,0.0,0.0,0.0,0.0,0.0,0.0,0.0,0.0,0.0,0.0,0.0,0.0,0.0,13132043.70664349,-37121806.62071363,-6116689.82556621,-125493616.46519917,24903546.03154941,5660132.36296238,-3399042.9028822375,0.0,0.0,0.0,0.0,0.0,0.0,0.0,0.0,0.0,0.0,0.0,0.0,0.0,0.0,0.0,-128435433.71320598,-128685571.86812697,27295732.86812745,0.0,-101389838.99999952
10.0,1,2010,100,2028458449.0000012,2717269399.9999986,2812782058.0000014,95512658.00000286,2687095363.26182,31056687.790237904,552453534.0999991,1.6339541180000001,27553600.74999996,3.2889999999999997,35213.00000000003,30.93,3.9,0.0,0.0,0.0,0.0,0.0,0.0,0.0,0.0,0.0,0.0,0.0,0.0,0.0,0.0,0.0,-32567693.70321327,-619598.1204911222,-4836305.060425612,55577497.41216563,5621365.845139123,9196260.684936572,0.0,0.0,0.0,0.0,0.0,0.0,0.0,0.0,0.0,0.0,0.0,0.0,0.0,0.0,0.0,0.0,32371527.05811132,31772650.066093024,63740007.93390983,0.0,95512658.00000286
10.0,1,2011,100,2028458449.0000012,2812782058.0000014,2875478446.9999957,62696388.99999428,2729154495.3052716,42059132.043451786,542784230.6000009,1.7392984160000005,27682634.670000013,4.0656,34147.68000000002,31.299999999999997,3.9,0.0,0.0,0.0,0.0,0.0,0.0,0.0,0.0,0.0,0.0,0.0,0.0,0.0,0.0,0.0,-34117371.898852415,-44972268.83607419,3579011.0860692086,87676457.50760895,22534011.316253603,11009842.582658594,0.0,0.0,0.0,0.0,0.0,0.0,0.0,0.0,0.0,0.0,0.0,0.0,0.0,0.0,0.0,0.0,45709681.75766375,44026413.65257231,18669975.347421966,0.0,62696388.99999428
10.0,1,2012,100,2028458449.0000012,2875478446.9999957,2929500930.999995,54022483.99999952,2860398716.5133276,131244221.20805597,542311539.3999997,1.6964752680000004,27909105.42000003,4.109300000000001,33963.31,31.51,4.1,0.0,0.0,0.0,0.0,0.0,0.0,0.0,1.0,0.0,0.0,0.0,0.0,0.0,0.0,0.0,-1730922.1715715516,18681760.95916765,6383607.728535721,4559317.679273049,4046290.6865865896,6382718.530385163,-3467561.623778879,0.0,0.0,0.0,0.0,0.0,0.0,0.0,102056634.25507987,0.0,0.0,0.0,0.0,0.0,0.0,0.0,136911846.0436776,138280896.16262323,-84258412.1626237,0.0,54022483.99999952
10.0,1,2013,100,2028458449.0000012,2929500930.999995,3028731445.999999,99230515.00000381,2936051579.0119452,75652862.49861765,554417452.2000009,1.7577276439999996,28818049.080000035,3.942,33700.32,29.93,4.2,0.0,0.0,0.0,0.0,0.0,0.0,0.0,2.0,0.0,0.0,0.0,0.0,1.0,0.0,0.0,45041795.26122322,-26919992.90231755,25665071.111785624,-17933557.176734574,5920871.709691819,-48464976.4154607,-1766886.7130863701,0.0,0.0,0.0,0.0,0.0,0.0,0.0,103974003.13568859,0.0,0.0,0.0,0.0,-6187607.225293306,0.0,0.0,79328720.78549674,77480502.92536288,21750012.07464093,0.0,99230515.00000381
10.0,1,2014,100,2028458449.0000012,3028731445.999999,3137384053.9999976,108652607.99999857,3068530114.0347643,132478535.02281904,561346639.0999998,1.748585942,29110612.08000001,3.7523999999999997,33580.79999999999,30.2,4.2,0.0,0.0,0.0,0.0,0.0,0.0,0.0,3.0,0.0,0.0,0.0,0.0,1.0,0.0,0.0,26111410.31931641,4136167.9366244744,8337919.074669968,-21775060.520115428,2796251.920905852,8646461.918833453,0.0,0.0,0.0,0.0,0.0,0.0,0.0,0.0,107495897.86136957,0.0,0.0,0.0,0.0,0.0,0.0,0.0,135749048.5116043,136660373.34352702,-28007765.34352845,0.0,108652607.99999857
10.0,1,2015,100,2028458449.0000012,3137384053.9999976,3049980992.999996,-87403061.00000143,2974226024.874705,-94304089.16005945,562540968.5000002,1.8840690440000003,29378317.829999972,2.7030000000000003,34173.339999999975,30.17,4.1,0.0,0.0,0.0,0.0,0.0,0.0,0.0,4.0,0.0,0.0,0.0,0.0,1.0,0.0,0.0,4611867.174208431,-61434283.41635814,7826472.609544872,-141109563.47572815,-14221382.385578498,-993607.5520192847,1893410.4379043,0.0,0.0,0.0,0.0,0.0,0.0,0.0,111352202.01384385,0.0,0.0,0.0,0.0,0.0,0.0,0.0,-92074884.59418266,-96420153.8073656,9017092.807364166,0.0,-87403061.00000143
10.0,1,2016,100,2028458449.0000012,3049980992.999996,3072351667.999999,22370675.00000286,2989444219.800486,15218194.92578125,562018756.3000002,1.893895443,29437697.49999995,2.4255000000000004,35302.049999999996,29.88,4.5,0.0,0.0,0.0,0.0,0.0,0.0,0.0,5.0,0.0,0.0,0.0,0.0,1.0,0.0,0.0,-1957090.7942631051,-4260769.615892403,1676598.2175207543,-43506795.71287587,-25634386.758141056,-9324491.089942204,-7351555.854943522,0.0,0.0,0.0,0.0,0.0,0.0,0.0,108250087.91573335,0.0,0.0,0.0,0.0,0.0,0.0,0.0,17891596.307195947,15605809.673915554,6764865.326087307,0.0,22370675.00000286
10.0,1,2017,100,2028458449.0000012,3072351667.999999,3093336562.0000005,20984894.00000143,3145351567.199626,155907347.39913988,565251751.3000003,1.8978347699999998,29668394.669999976,2.6928000000000005,35945.81999999998,30.0,4.5,0.0,0.0,0.0,0.0,0.0,0.0,0.0,6.0,0.0,0.0,0.0,0.0,1.0,0.0,0.0,12203905.097941224,-1717266.9084039594,6534536.4807492625,42874826.87594648,-14387678.624639146,3895130.8207516936,0.0,0.0,0.0,0.0,0.0,0.0,0.0,0.0,109044069.10481042,0.0,0.0,0.0,0.0,0.0,0.0,0.0,158447522.847156,160231188.01232266,-139246294.01232123,0.0,20984894.00000143
10.0,1,2018,100,2028458449.0000012,3093336562.0000005,3028681761.0000014,-64654800.99999905,3156760567.8353567,11409000.635730743,560645667.8000007,1.9555512670000001,29807700.83999996,2.9199999999999995,36801.50000000002,30.01,4.6,0.0,0.0,0.0,0.0,0.0,0.0,0.0,7.0,0.0,0.0,0.0,0.0,1.0,0.0,1.0,-17443109.717262365,-24971788.320706554,3946416.828322148,34253526.83751133,-18844457.225626487,326621.5426757497,-1865701.837697106,0.0,0.0,0.0,0.0,0.0,0.0,0.0,109788866.08079685,0.0,0.0,0.0,0.0,0.0,0.0,-70862951.42155267,14327422.766460896,11220328.808524685,-75875129.80852373,0.0,-64654800.99999905
