CLUSTER_APTA4,RAIL_FLAG,Year,CLUSTER_APTA,UPT_ADJ_first_year,UPT_ADJ_base,UPT_ADJ,UPT_ADJ_diff,fitted_exp,fitted_exp_diff,VRM_ADJ,FARE_per_UPT_2018,POP_EMP,GAS_PRICE_2018,TOTAL_MED_INC_INDIV_2018,PCT_HH_NO_VEH,TSD_POP_EMP_PCT,JTW_HOME_PCT,PER_CAPITA_TNC_TRIPS_HI_OPEX_BUS,PER_CAPITA_TNC_TRIPS_MID_OPEX_BUS,PER_CAPITA_TNC_TRIPS_LOW_OPEX_BUS,PER_CAPITA_TNC_TRIPS_NEW_YORK_BUS,BIKE_SHARE,scooter_flag,VRM_ADJ_log_FAC,FARE_per_UPT_2018_log_FAC,POP_EMP_log_FAC,GAS_PRICE_2018_log_FAC,TOTAL_MED_INC_INDIV_2018_log_FAC,PCT_HH_NO_VEH_FAC,TSD_POP_EMP_PCT_FAC,JTW_HOME_PCT_FAC,PER_CAPITA_TNC_TRIPS_HI_OPEX_BUS_FAC,PER_CAPITA_TNC_TRIPS_MID_OPEX_BUS_FAC,PER_CAPITA_TNC_TRIPS_LOW_OPEX_BUS_FAC,PER_CAPITA_TNC_TRIPS_NEW_YORK_BUS_FAC,BIKE_SHARE_FAC,scooter_flag_FAC,FAC_Sum,Known_FAC,Unknown_FAC,New_Reporter_FAC,Total_Change
1.0,0,2002,180,2067895160.7899988,0.0,2067895160.7899988,0.0,1828804165.3250093,0.0,72621594.58936529,0.9257852427478948,9853400.513620235,1.9978760312339712,39168.6524228141,9.891235780095023,0.6031742875623738,3.9553254151744777,0.0,0.0,0.0,0.0,0.0,0.0,0.0,0.0,0.0,0.0,0.0,0.0,0.0,0.0,0.0,0.0,0.0,0.0,0.0,0.0,0.0,0.0,0.0,2067895160.7899988,2067895160.7899988
1.0,0,2003,180,2067895160.7899988,2067895160.7899988,2107511663.5000002,-71367838.58999853,2011418911.2266617,69300260.04006913,72761018.99291119,0.9202342005331232,9993603.669420617,2.306545748185467,38278.9936186953,9.78976636648368,0.6008177949846305,3.9553254151744777,0.0,0.0,0.0,0.0,0.0,0.0,4718997.285321007,7070308.963271733,8863736.131381072,45791537.363526195,14880076.97621724,-1314456.6786267902,-2876111.8480403214,0.0,0.0,0.0,0.0,0.0,0.0,0.0,77134088.19305012,78834607.746138,-150202446.33613652,0.0,-71367838.58999853
1.0,0,2004,180,2067895160.7899988,2107511663.5000002,2410970009.3499994,249169221.8499993,2308613621.862346,250668226.74571487,75185690.31458898,0.8988627424262527,10176473.573655365,2.6186899441822,37076.97899793944,9.690848213470082,0.5982636239085546,3.9553254151744777,0.0,0.0,0.0,0.0,0.0,0.0,75366050.6795719,15573966.17249222,11363453.777226554,43546118.298465684,21772384.38316969,-1087270.1800190294,-2733065.4811565494,0.0,0.0,0.0,0.0,0.0,0.0,0.0,163801637.64975044,167741960.63196403,81427261.21803528,0.0,249169221.8499993
1.0,0,2005,190,2193562244.1899986,2410970009.3499994,2568753504.359998,32116411.60999866,2523041814.382807,47453875.42129657,74442134.24016514,0.9234788283321796,10047591.368048906,3.0711520208882934,36205.34764991274,9.481229100935948,0.5903465601142085,3.986529301300082,0.0,0.0,0.0,0.0,0.0,0.0,-36202903.44568844,-12174631.448493116,13796638.936633496,64752973.40936036,21084598.08565022,-1797720.675247411,-2894432.488348006,0.0,0.0,0.0,0.0,0.0,0.0,0.0,46564522.373867095,45549225.14123018,-13432813.531231523,125667083.39999999,157783495.00999865
1.0,0,2006,190,2193562244.1899986,2568753504.359998,2599108816.4200006,30355312.06000215,2617087342.865464,94045528.48265745,74268722.59987088,0.8950782304808966,10294146.94417497,3.3643053307840884,34682.936523503304,9.370401930051875,0.5890836929148567,4.342135710957284,0.0,0.0,0.0,0.0,0.0,0.0,-8357413.162683098,18366916.965608627,18692164.938575264,40657074.06789161,34172752.006423086,-2007061.8768601434,-2265506.462654857,-261684.64210040233,0.0,0.0,0.0,0.0,0.0,0.0,98997241.8342001,99958868.58240908,-69603556.52240694,0.0,30355312.06000215
1.0,0,2007,190,2193562244.1899986,2599108816.4200006,2608864140.5399995,9755324.119999122,2624111985.5206366,7024642.65517205,74926024.88055754,0.9294079584406322,10340276.478127552,3.544732843906518,35198.67162775615,9.171382163185443,0.5839674031115747,4.430405507426404,0.0,0.0,0.0,0.0,0.0,0.0,39545594.85364957,-30095898.733643487,5151047.1138673285,23201947.029940248,-11769005.66200469,-2666847.6637886437,-7930733.029778526,-112706.0133833137,0.0,0.0,0.0,0.0,0.0,0.0,15323397.89485849,14570318.70998435,-4814994.589985231,0.0,9755324.119999122
1.0,0,2008,190,2193562244.1899986,2608864140.5399995,2692308348.7999997,83444208.26,2725846592.509322,101734606.9886855,75105587.1062302,0.9144656587943939,10355784.210147355,3.963848698850466,35229.84130507602,9.386512994240867,0.5879480003701787,4.512245327326427,0.0,0.0,0.0,0.0,8.77754896219498e-05,0.0,18959052.736144733,16436713.966741133,3406135.9397365917,53260802.1736556,1120614.525252869,2632385.918229979,5126077.209715664,-68437.54652793275,0.0,0.0,0.0,0.0,-424105.7842842923,0.0,100449239.13866434,102208627.43447925,-18764419.174479235,0.0,83444208.26
1.0,0,2009,190,2193562244.1899986,2692308348.7999997,2564111221.5099993,-128197127.29000038,2526731964.6375513,-199114627.87177068,74157529.42655672,1.0099300810385816,10260279.09816204,2.9230575678923776,33443.89836376854,9.462162537158799,0.5896342897239206,4.744659037700648,0.0,0.0,0.0,0.0,8.77754896219498e-05,0.0,-24620291.92955376,-80829906.5599843,-3220015.2434790586,-140246534.99293956,43896900.32856974,1870349.522772573,3550367.4611693616,-183876.42531988188,0.0,0.0,0.0,0.0,0.0,0.0,-199783007.8387648,-197687690.259176,69490562.9691756,0.0,-128197127.29000038
1.0,0,2010,190,2193562244.1899986,2564111221.5099993,2477369488.950001,-86741732.55999818,2526433285.896367,-298678.74118412286,69775840.93253073,1.0267474090301953,10228948.181007974,3.374099005375026,32563.699246829754,9.659570798555047,0.5881301524110273,4.95533970583854,0.0,0.0,0.0,0.0,0.06522359627995478,0.0,-107693277.36889045,-14237369.147438755,370374.76931487455,64155210.8216213,20863138.848957174,3488129.2665903345,56549501.29625342,-190128.82917957572,0.0,0.0,0.0,0.0,-361658.49558805674,0.0,22943921.16164025,22381608.817840673,-109123341.37783885,0.0,-86741732.55999818
1.0,0,2011,190,2193562244.1899986,2477369488.950001,2507911504.070001,30542015.120000165,2543843129.309658,17409843.41329033,66814678.36430586,1.0425301600003827,10320640.95190944,4.100715665788653,31885.135038494594,9.931657286290795,0.5846689925011354,4.909063390818137,0.0,0.0,0.0,0.0,0.06522359627995478,0.0,-72302726.93961002,-15814482.590000164,6806199.7110824855,88263271.89699213,16248288.104342727,4537560.583935002,-5471050.0632267315,44834.15607539413,0.0,0.0,0.0,0.0,-250398.5610869952,0.0,22061496.29850384,19344399.763787434,11197615.356212731,0.0,30542015.120000165
1.0,0,2012,190,2193562244.1899986,2507911504.070001,2541057031.46,33145527.389999144,2523826667.035461,-20016462.274196662,65708211.55913587,1.0460835359221425,10440391.715196365,4.152068866865802,31831.891723648878,9.84589942131502,0.5802282108030529,5.000980603267903,0.40331625125061626,0.0,0.0,0.0,0.1079064233791115,0.0,-28015159.32372389,637159.635098165,8597744.541302875,5042672.608076932,4908324.289016099,-1730087.9846252396,-6041416.197059483,-83926.9575953965,-2576145.5449416023,0.0,0.0,0.0,-156623.01970526687,0.0,-19417457.954156812,-19549759.21378701,52695286.60378616,0.0,33145527.389999144
1.0,0,2013,190,2193562244.1899986,2541057031.46,2538567549.7399993,-2489481.7200006917,2514462593.474466,-9364073.560995266,66448570.79247934,1.0569669208243664,10550178.297198495,3.973380534207576,32053.460561380783,9.580293094819945,0.5799363603738285,4.9929585384162625,1.3347432986609147,0.0,0.0,0.0,0.1079064233791115,0.0,31328171.878963277,-13570122.010307994,8045157.270155025,-19533517.030023128,-4845191.942197191,-4051524.146336398,88259.94844515069,-1362.0858617916674,-6016563.624825347,0.0,0.0,0.0,0.0,0.0,-8556691.741988398,-8703682.58450318,6214200.864502486,0.0,-2489481.7200006917
1.0,0,2014,190,2193562244.1899986,2538567549.7399993,2510923486.29,-27644063.449999895,2483448067.528498,-31014525.945967667,66503157.37563392,1.063798750111046,10694228.534845255,3.7653317485830504,32381.828916036604,9.534605877848398,0.5790705049099684,5.128215287689661,2.4621151106142016,0.0,0.0,0.0,0.39293126461896893,0.0,5807293.19718111,-3781040.701951773,9549059.899132809,-24343094.569321483,-7047748.2968854215,-999633.8537565344,-1696454.1110134288,-133378.60579180467,-7172948.070013736,0.0,0.0,0.0,-1693239.3528373064,0.0,-31511184.46525756,-31330878.5453902,3686815.095390314,0.0,-27644063.449999895
1.0,0,2015,190,2193562244.1899986,2510923486.29,2445688116.9100003,-65235369.37999947,2348014803.3373566,-135433264.19114113,67453614.32246873,1.082965348548995,10810259.969168339,2.8846589588927007,33594.87326518675,9.352125017557421,0.5797954387930206,5.304272597908641,4.119190270368846,0.0,0.0,0.0,0.6821694353389811,0.0,33068626.44556932,-22431764.44924151,8241753.888807081,-117359074.85930283,-27221145.7089808,-1998986.5516009103,1226080.7296637744,-109549.19786108418,-10431534.84969788,0.0,0.0,0.0,-1448267.3997018,0.0,-138463861.9523467,-137771505.95859808,72536136.57859857,0.0,-65235369.37999947
1.0,0,2016,190,2193562244.1899986,2445688116.9100003,2323506881.359999,-122181235.55000073,2278868986.4404917,-69145816.89686534,68339494.41992667,1.1086956388619316,10890180.377762819,2.535986226448456,34373.06087729876,9.209884967663228,0.5790752590172076,5.7183262327082245,7.371594779718452,0.0,0.0,0.0,0.9801904998068357,0.0,31696979.04593021,-17821219.414787546,6213505.2060202155,-49529902.06466505,-17518786.36025369,-2017047.5793373575,-1133737.748972053,-344268.90556334483,-19901163.89236165,0.0,0.0,0.0,-1404916.66817812,0.0,-71760558.38216838,-71340884.61998287,-50840350.93001786,0.0,-122181235.55000073
1.0,0,2017,190,2193562244.1899986,2323506881.359999,2230802098.420001,-92704782.9399985,2317374246.2859945,38505259.84550243,68492282.10627785,1.0696918075014683,10995119.4420081,2.7597624135642707,35098.51557919436,9.122660747024597,0.5772732049078976,5.88306527487953,11.407379827209631,0.0,0.0,0.0,0.9801904998068357,0.0,16285460.806527039,27353989.85033328,7214107.862644134,32197466.378726106,-17325523.696625583,-2106086.0823377697,-2365496.455709257,-126949.24956853544,-23392998.452938765,0.0,0.0,0.0,0.0,0.0,37733970.961050645,37819557.75247726,-130524340.69247575,0.0,-92704782.9399985
1.0,0,2018,190,2193562244.1899986,2230802098.420001,2176386602.559999,-54415495.86000177,2302621120.3434114,-14753125.94258282,68599742.03424123,1.0371709041946968,11067475.505472613,3.0752085365548947,35926.598041289544,9.02644913542794,0.5786719707452249,6.110132965207904,16.128389637840563,0.0,0.0,0.0,1.0,0.4661838101009116,12482610.34874801,22470577.41471433,5585084.242080753,39550486.76445157,-17615602.73477683,-1922220.312634009,1797941.2031227332,-170596.58651381137,-26220738.029149365,0.0,0.0,0.0,-67501.2584477128,-50809039.99595876,-14918998.944363102,-16151571.500984585,-38263924.35901718,0.0,-54415495.86000177
1.0,1,2002,150,0.0,0.0,0.0,0.0,0.0,0.0,,,,,,,,,,,,,,,0.0,0.0,0.0,0.0,0.0,0.0,0.0,0.0,0.0,0.0,0.0,0.0,0.0,0.0,0.0,0.0,0.0,0.0,0.0
1.0,1,2003,150,0.0,0.0,0.0,0.0,0.0,0.0,,,,,,,,,,,,,,,0.0,0.0,0.0,0.0,0.0,0.0,0.0,0.0,0.0,0.0,0.0,0.0,0.0,0.0,0.0,0.0,0.0,0.0,0.0
1.0,1,2004,160,0.0,0.0,0.0,0.0,0.0,0.0,,,,,,,,,,,,,,,0.0,0.0,0.0,0.0,0.0,0.0,0.0,0.0,0.0,0.0,0.0,0.0,0.0,0.0,0.0,0.0,0.0,0.0,0.0
1.0,1,2005,180,0.0,0.0,0.0,0.0,0.0,0.0,,,,,,,,,,,,,,,0.0,0.0,0.0,0.0,0.0,0.0,0.0,0.0,0.0,0.0,0.0,0.0,0.0,0.0,0.0,0.0,0.0,0.0,0.0
1.0,1,2006,180,0.0,0.0,0.0,0.0,0.0,0.0,,,,,,,,,,,,,,,0.0,0.0,0.0,0.0,0.0,0.0,0.0,0.0,0.0,0.0,0.0,0.0,0.0,0.0,0.0,0.0,0.0,0.0,0.0
1.0,1,2007,180,0.0,0.0,0.0,0.0,0.0,0.0,,,,,,,,,,,,,,,0.0,0.0,0.0,0.0,0.0,0.0,0.0,0.0,0.0,0.0,0.0,0.0,0.0,0.0,0.0,0.0,0.0,0.0,0.0
1.0,1,2008,180,0.0,0.0,0.0,0.0,0.0,0.0,,,,,,,,,,,,,,,0.0,0.0,0.0,0.0,0.0,0.0,0.0,0.0,0.0,0.0,0.0,0.0,0.0,0.0,0.0,0.0,0.0,0.0,0.0
1.0,1,2009,190,0.0,0.0,0.0,0.0,0.0,0.0,,,,,,,,,,,,,,,0.0,0.0,0.0,0.0,0.0,0.0,0.0,0.0,0.0,0.0,0.0,0.0,0.0,0.0,0.0,0.0,0.0,0.0,0.0
1.0,1,2010,190,0.0,0.0,0.0,0.0,0.0,0.0,,,,,,,,,,,,,,,0.0,0.0,0.0,0.0,0.0,0.0,0.0,0.0,0.0,0.0,0.0,0.0,0.0,0.0,0.0,0.0,0.0,0.0,0.0
1.0,1,2011,190,0.0,0.0,0.0,0.0,0.0,0.0,,,,,,,,,,,,,,,0.0,0.0,0.0,0.0,0.0,0.0,0.0,0.0,0.0,0.0,0.0,0.0,0.0,0.0,0.0,0.0,0.0,0.0,0.0
1.0,1,2012,190,0.0,0.0,0.0,0.0,0.0,0.0,,,,,,,,,,,,,,,0.0,0.0,0.0,0.0,0.0,0.0,0.0,0.0,0.0,0.0,0.0,0.0,0.0,0.0,0.0,0.0,0.0,0.0,0.0
1.0,1,2013,190,0.0,0.0,0.0,0.0,0.0,0.0,,,,,,,,,,,,,,,0.0,0.0,0.0,0.0,0.0,0.0,0.0,0.0,0.0,0.0,0.0,0.0,0.0,0.0,0.0,0.0,0.0,0.0,0.0
1.0,1,2014,190,0.0,0.0,0.0,0.0,0.0,0.0,,,,,,,,,,,,,,,0.0,0.0,0.0,0.0,0.0,0.0,0.0,0.0,0.0,0.0,0.0,0.0,0.0,0.0,0.0,0.0,0.0,0.0,0.0
1.0,1,2015,190,0.0,0.0,0.0,0.0,0.0,0.0,,,,,,,,,,,,,,,0.0,0.0,0.0,0.0,0.0,0.0,0.0,0.0,0.0,0.0,0.0,0.0,0.0,0.0,0.0,0.0,0.0,0.0,0.0
1.0,1,2016,190,0.0,0.0,0.0,0.0,0.0,0.0,,,,,,,,,,,,,,,0.0,0.0,0.0,0.0,0.0,0.0,0.0,0.0,0.0,0.0,0.0,0.0,0.0,0.0,0.0,0.0,0.0,0.0,0.0
1.0,1,2017,190,0.0,0.0,0.0,0.0,0.0,0.0,,,,,,,,,,,,,,,0.0,0.0,0.0,0.0,0.0,0.0,0.0,0.0,0.0,0.0,0.0,0.0,0.0,0.0,0.0,0.0,0.0,0.0,0.0
1.0,1,2018,190,0.0,0.0,0.0,0.0,0.0,0.0,,,,,,,,,,,,,,,0.0,0.0,0.0,0.0,0.0,0.0,0.0,0.0,0.0,0.0,0.0,0.0,0.0,0.0,0.0,0.0,0.0,0.0,0.0
2.0,0,2002,1277,716601041.5500001,0.0,716601041.5500001,0.0,685679107.178111,0.0,12921809.225754121,0.9265608006994717,2346630.870219137,1.9428280696755456,35879.874949387886,7.618786355027986,0.3473982820541084,3.29821515184609,0.0,0.0,0.0,0.0,0.04582597302533881,0.0,0.0,0.0,0.0,0.0,0.0,0.0,0.0,0.0,0.0,0.0,0.0,0.0,0.0,0.0,0.0,0.0,0.0,716601041.5500001,716601041.5500001
2.0,0,2003,1300,751607226.5500001,716601041.5500001,766221503.0,14614276.449999947,754010083.8576194,33419567.507838883,13023762.821253397,0.8887945552524578,2376620.5486353245,2.1993042097400486,35231.701758392745,7.558900264905315,0.3494206407440317,3.3774759587147556,0.0,0.0,0.0,0.0,0.04369162355015677,0.0,124883505.75949283,-879853.8150672502,4747371.74244744,13881696.001624243,5030825.938578151,-18068.676011656607,-1050514.174718724,0.0,0.0,0.0,0.0,0.0,0.0,0.0,146594962.77634495,142744850.3524451,-128130573.9024451,35006185.000000015,49620461.44999996
2.0,0,2004,1412,779182420.526,766221503.0,821754709.4249997,12548484.398999898,824494726.490418,30445177.49596752,12490295.259922776,0.8741107602825616,2382238.3676382285,2.522633710195958,34226.66765952115,7.483204653981879,0.3456338249181941,3.406726684692093,0.0,0.0,0.0,0.0,0.04214538102365237,0.0,-1594389.9284067808,5079330.639314856,5762280.745861638,16516376.717680434,7836714.410403633,-119767.60966135123,-2172165.6842108984,0.0,0.0,0.0,0.0,0.0,0.0,0.0,31308379.290981535,31572563.31645319,-19024078.91745328,27575193.976000004,40123678.3749999
2.0,0,2005,1436,793080512.526,821754709.4249997,865428810.8469998,29776009.422000274,881864612.1033187,42268351.70006077,12342011.588837638,0.8755391915604026,2450029.0708755977,2.9824909646100983,33262.76936261265,7.439111302714885,0.34160851911506473,3.4153708990045324,0.0,0.0,0.0,0.0,0.04140681744329636,0.0,3094354.2802022174,-430669.1269511868,6125916.966530551,23088141.301383726,7720590.492601199,-83341.40019130698,-1469687.9167018821,0.0,0.0,0.0,0.0,0.0,0.0,0.0,38045304.59687334,38456523.72343619,-8680514.301435918,13898091.99999999,43674101.42200027
2.0,0,2006,1460,808827776.526,865428810.8469998,924480280.711,43304205.863999866,946131243.5157286,47290995.75411551,12279021.846773548,0.8706919628275306,2506857.9969587964,3.2645274397431434,31781.102153248587,7.485213931727038,0.33671234504120334,3.5740143665383566,0.0,0.0,0.0,0.0,0.04060065807958115,0.0,6291682.328541007,5803235.982635883,7406317.098382587,13549237.661048848,12810138.654357623,115397.15348990563,-108139.16970841069,-55790.99201678149,0.0,0.0,0.0,0.0,0.0,0.0,45812078.71673066,47567923.66213125,-4263717.798131391,15747264.000000026,59051469.86399991
2.0,0,2007,1481,817516044.525,924480280.711,935975878.3059999,2807329.595999997,953695675.392011,-1083526.869374338,12225381.908321247,0.901633422182041,2523501.914636921,3.452319389884273,32076.60823038756,7.359877591043182,0.3352324372729258,3.742042409589003,0.0,0.0,0.0,0.0,0.040169168813170335,0.0,9262773.617299635,-12061697.432682497,3079508.8895357484,8977144.845257815,-3532776.6992832874,-552427.433745273,-1674430.9877336049,-55964.82593842217,0.0,0.0,0.0,0.0,0.0,0.0,3442129.9727101065,3327295.1312398557,-519965.5352398589,8688267.999000002,11495597.595
2.0,0,2008,1481,817516044.525,935975878.3059999,1000258290.0760002,64282411.77000034,994104240.0080378,40408564.616026595,12377372.591879634,0.9023544136520261,2528704.5502952277,3.861951902719419,31868.58710448157,7.565198494197716,0.3350831941891649,3.823323422302224,0.0,0.0,0.0,0.0,0.040169168813170335,0.0,14662432.419379463,1889955.9607269443,1390826.342239766,18913032.42923585,2189256.333794566,1080663.334253069,-241144.29238503578,-11089.063408993503,0.0,0.0,0.0,0.0,0.0,0.0,39873933.46383562,40917948.352202415,23364463.417797938,0.0,64282411.77000034
2.0,0,2009,1481,817516044.525,1000258290.0760002,920270696.6029997,-79987593.4730007,910592655.0341023,-83511584.97393501,12043607.603967562,1.0205918646576624,2509591.1162964962,2.806714048350429,30230.28523436661,7.660768330939886,0.33891955312367217,4.007699499426532,0.0,0.0,0.0,0.0,0.040169168813170335,0.0,-12480369.611425534,-37874155.3971471,-1297723.921057769,-53579457.57725579,17025272.58686777,522278.31897510076,2451635.8825653894,-68186.91711715994,0.0,0.0,0.0,0.0,0.0,0.0,-85300706.63559507,-83163917.20607121,3176323.73307047,0.0,-79987593.4730007
2.0,0,2010,1481,817516044.525,920270696.6029997,907648628.1219997,-12622068.480999615,931594362.2555033,21001707.221400715,11760667.306624614,1.020667049932539,2529031.3132322147,3.26646526405466,29701.769478966893,7.898503981826806,0.3395187178402371,4.019726434479791,0.0,0.0,0.0,0.0,0.040169168813170335,0.0,-12066973.861492762,1029476.8666478683,2328596.836591942,23833734.874936834,5037605.294050305,1504851.928295773,301816.4464612603,-34.47238503250429,0.0,0.0,0.0,0.0,0.0,0.0,21969073.913106184,22322893.87336448,-34944962.3543641,0.0,-12622068.480999615
2.0,0,2011,1481,817516044.525,907648628.1219997,945083424.94,37434796.817999944,964669673.789586,33075311.53408288,11557097.614634173,1.00405809754996,2549104.610907506,4.0077386285476,29130.94666067262,8.165760085170849,0.33246385730717354,4.136261432654846,0.0,0.0,0.0,0.0,0.05336893788469955,0.0,-11247414.662260959,4362561.0852532135,1877225.1622227624,33291118.206068415,5847313.723081469,1434009.6258574037,-3804144.9387844377,-36492.88814857244,0.0,0.0,0.0,0.0,-31823.883326448486,0.0,31692351.429962836,31535969.999435488,5898826.8185644485,0.0,37434796.817999944
2.0,0,2012,1481,817516044.525,945083424.94,970216035.344,25132610.40399974,957564687.8379084,-7104985.95167765,11357279.463051086,0.9938757910855052,2575775.415496194,4.0209335601994125,28910.46236638871,8.190364423009063,0.318636126257922,4.124422516735681,0.0,0.0,0.0,0.0,0.09119436146763003,0.0,-6587045.681509794,165494.62287618194,2552798.0925517115,669671.9125290683,3035329.649491838,202465.93691316788,-6989539.6431829035,3027.638880470252,0.0,0.0,0.0,0.0,-91374.5282009575,0.0,-7039171.9996512225,-7016297.262572486,32148907.66657223,0.0,25132610.40399974
2.0,0,2013,1481,817516044.525,970216035.344,943429915.8970001,-17786603.077999774,936755874.814419,-10270358.49200362,11326364.92364518,1.0134610158407877,2605843.7742724433,3.83674297490035,28883.85711421766,7.953767575870023,0.31470087121470847,4.18233351498038,0.0,0.049781899233728666,0.0,0.0,0.1530584683419917,0.0,6039507.265705724,-8696840.138056839,4311712.663277177,-6856188.276664284,-1371279.7847771018,-1083662.4715814723,-464221.5205360002,-20997.634479670945,0.0,-2093613.328386859,0.0,0.0,-141000.24248525852,0.0,-10376583.467984587,-10323118.240306823,-7463484.837692953,0.0,-17786603.077999774
2.0,0,2014,1481,817516044.525,943429915.8970001,939315735.8610001,-4114180.035999736,931085168.20374,-5670706.6106791785,11485217.1469709,0.9956550840699783,2639759.5884510768,3.617711484695428,28968.80482494706,8.007194786821826,0.31313249001685917,4.258918220772397,0.0,0.3938491202777047,0.0,0.0,0.28000568325604275,0.0,13365290.207857013,3915745.6794146704,3260270.662800838,-9700241.223336376,-1053938.3640501476,218314.10986439598,-787659.2038464649,-26214.850793790065,0.0,-14348557.443415584,0.0,0.0,-216282.78206692135,0.0,-5373273.207572364,-5615183.024227083,1501002.9882273474,0.0,-4114180.035999736
2.0,0,2015,1481,817516044.525,939315735.8610001,913699509.7710003,-25616226.089999966,881698558.2606025,-49386609.94313716,11856610.841334445,0.9969800698719612,2674574.9503993136,2.6529171019658664,30166.387831154578,7.79131532273862,0.3138756981907739,4.410661696041776,0.0,0.7234819460736502,0.0,0.0,0.5053130574679103,0.0,26678543.454903226,-2155737.432758351,3194667.857125586,-48380241.967126615,-11813985.291986845,-1222335.8419265798,447439.435040783,-45568.20909252099,0.0,-14137373.782199305,0.0,0.0,-471691.8891247569,0.0,-47906283.66714534,-48560695.241257586,22944469.151257608,0.0,-25616226.089999966
2.0,0,2016,1481,817516044.525,913699509.7710003,871357912.7650001,-42341597.00600023,855628156.4031364,-26070401.857466463,12221900.018300507,1.0137269162639786,2707907.6103438484,2.3514009324894505,30979.06170708867,7.630335504189881,0.3109344953149097,4.9120350807736335,0.0,1.3053700911942483,0.0,0.0,0.6509567516038226,0.0,25379015.445178043,-3977741.653017742,2975799.807358457,-17451770.299939144,-7239758.255409677,-765614.4792622027,-1849428.8271891375,-150406.87350878408,0.0,-23636911.575973004,0.0,0.0,-304552.0401062614,0.0,-27021368.751869462,-27347475.19387842,-14994121.812121818,0.0,-42341597.00600023
2.0,0,2017,1481,817516044.525,871357912.7650001,828310735.0739998,-39596916.690999985,841055931.2947302,-11150272.896478904,12335230.973401885,1.0029765754463997,2742688.2109940327,2.549201773204929,30947.241686599977,7.323952942073617,0.30788480105282384,5.1155023876163375,0.0,2.1019688778027787,0.0,0.0,0.7293223044759056,0.0,7763938.175480289,2959028.33094921,3021698.66008341,11973432.487605454,-1444257.8628352932,-1602818.846084555,-659247.8882185176,-64692.03596407904,0.0,-32123742.19050447,0.0,0.0,-219793.44540561247,0.0,-10396454.614894165,-11070414.339088362,-28526502.35191164,0.0,-39596916.690999985
2.0,0,2018,1481,817516044.525,828310735.0739998,809531783.5980002,-22006451.475999832,828391409.462664,-16715386.844908793,12674689.648582932,1.0017040020310546,2777090.610053829,2.8363041321769473,31455.75444819147,7.098788329002736,0.31151923194038744,5.422077287482426,0.0,3.0120353362216123,0.0,0.0,0.8251307473310046,0.41901162122882923,14069085.920206757,4051182.7585951528,2622676.144087317,13899179.768479714,-3379867.491660007,-1294740.896519713,957169.2020974602,-79594.79532424087,0.0,-33761776.628422715,0.0,0.0,-210246.59955014233,-12868565.46823305,-15995498.086243464,-16963494.6895763,-5042956.786423537,0.0,-22006451.475999832
2.0,1,2002,201,0.0,0.0,0.0,0.0,0.0,0.0,,,,,,,,,,,,,,,0.0,0.0,0.0,0.0,0.0,0.0,0.0,0.0,0.0,0.0,0.0,0.0,0.0,0.0,0.0,0.0,0.0,0.0,0.0
2.0,1,2003,201,0.0,0.0,0.0,0.0,0.0,0.0,,,,,,,,,,,,,,,0.0,0.0,0.0,0.0,0.0,0.0,0.0,0.0,0.0,0.0,0.0,0.0,0.0,0.0,0.0,0.0,0.0,0.0,0.0
2.0,1,2004,201,0.0,0.0,0.0,0.0,0.0,0.0,,,,,,,,,,,,,,,0.0,0.0,0.0,0.0,0.0,0.0,0.0,0.0,0.0,0.0,0.0,0.0,0.0,0.0,0.0,0.0,0.0,0.0,0.0
2.0,1,2005,201,0.0,0.0,0.0,0.0,0.0,0.0,,,,,,,,,,,,,,,0.0,0.0,0.0,0.0,0.0,0.0,0.0,0.0,0.0,0.0,0.0,0.0,0.0,0.0,0.0,0.0,0.0,0.0,0.0
2.0,1,2006,223,0.0,0.0,0.0,0.0,0.0,0.0,,,,,,,,,,,,,,,0.0,0.0,0.0,0.0,0.0,0.0,0.0,0.0,0.0,0.0,0.0,0.0,0.0,0.0,0.0,0.0,0.0,0.0,0.0
2.0,1,2007,291,0.0,0.0,0.0,0.0,0.0,0.0,,,,,,,,,,,,,,,0.0,0.0,0.0,0.0,0.0,0.0,0.0,0.0,0.0,0.0,0.0,0.0,0.0,0.0,0.0,0.0,0.0,0.0,0.0
2.0,1,2008,315,0.0,0.0,0.0,0.0,0.0,0.0,,,,,,,,,,,,,,,0.0,0.0,0.0,0.0,0.0,0.0,0.0,0.0,0.0,0.0,0.0,0.0,0.0,0.0,0.0,0.0,0.0,0.0,0.0
2.0,1,2009,337,0.0,0.0,0.0,0.0,0.0,0.0,,,,,,,,,,,,,,,0.0,0.0,0.0,0.0,0.0,0.0,0.0,0.0,0.0,0.0,0.0,0.0,0.0,0.0,0.0,0.0,0.0,0.0,0.0
2.0,1,2010,337,0.0,0.0,0.0,0.0,0.0,0.0,,,,,,,,,,,,,,,0.0,0.0,0.0,0.0,0.0,0.0,0.0,0.0,0.0,0.0,0.0,0.0,0.0,0.0,0.0,0.0,0.0,0.0,0.0
2.0,1,2011,360,0.0,0.0,0.0,0.0,0.0,0.0,,,,,,,,,,,,,,,0.0,0.0,0.0,0.0,0.0,0.0,0.0,0.0,0.0,0.0,0.0,0.0,0.0,0.0,0.0,0.0,0.0,0.0,0.0
2.0,1,2012,382,0.0,0.0,0.0,0.0,0.0,0.0,,,,,,,,,,,,,,,0.0,0.0,0.0,0.0,0.0,0.0,0.0,0.0,0.0,0.0,0.0,0.0,0.0,0.0,0.0,0.0,0.0,0.0,0.0
2.0,1,2013,382,0.0,0.0,0.0,0.0,0.0,0.0,,,,,,,,,,,,,,,0.0,0.0,0.0,0.0,0.0,0.0,0.0,0.0,0.0,0.0,0.0,0.0,0.0,0.0,0.0,0.0,0.0,0.0,0.0
2.0,1,2014,382,0.0,0.0,0.0,0.0,0.0,0.0,,,,,,,,,,,,,,,0.0,0.0,0.0,0.0,0.0,0.0,0.0,0.0,0.0,0.0,0.0,0.0,0.0,0.0,0.0,0.0,0.0,0.0,0.0
2.0,1,2015,429,0.0,0.0,0.0,0.0,0.0,0.0,,,,,,,,,,,,,,,0.0,0.0,0.0,0.0,0.0,0.0,0.0,0.0,0.0,0.0,0.0,0.0,0.0,0.0,0.0,0.0,0.0,0.0,0.0
2.0,1,2016,429,0.0,0.0,0.0,0.0,0.0,0.0,,,,,,,,,,,,,,,0.0,0.0,0.0,0.0,0.0,0.0,0.0,0.0,0.0,0.0,0.0,0.0,0.0,0.0,0.0,0.0,0.0,0.0,0.0
2.0,1,2017,453,0.0,0.0,0.0,0.0,0.0,0.0,,,,,,,,,,,,,,,0.0,0.0,0.0,0.0,0.0,0.0,0.0,0.0,0.0,0.0,0.0,0.0,0.0,0.0,0.0,0.0,0.0,0.0,0.0
2.0,1,2018,475,0.0,0.0,0.0,0.0,0.0,0.0,,,,,,,,,,,,,,,0.0,0.0,0.0,0.0,0.0,0.0,0.0,0.0,0.0,0.0,0.0,0.0,0.0,0.0,0.0,0.0,0.0,0.0,0.0
3.0,0,2002,2044,102096123.9011,0.0,102096123.9011,0.0,96054198.8588643,0.0,2348829.1506419135,0.8902581781064114,606352.197286853,1.9276307177453522,33597.73755668909,6.29927834655003,0.23988291594394387,3.341599539598135,0.0,0.0,0.0,0.0,0.02777417879984226,0.0,0.0,0.0,0.0,0.0,0.0,0.0,0.0,0.0,0.0,0.0,0.0,0.0,0.0,0.0,0.0,0.0,0.0,102096123.9011,102096123.9011
3.0,0,2003,2467,122110685.4121,102096123.9011,126465494.80180003,4354809.389700018,122030655.46353142,7635822.861386959,2133746.090209377,0.8242005660242278,573831.0629962279,2.1680348697914154,32811.39799007528,6.321643076797528,0.235188829873355,3.2526141583553287,0.0,0.0,0.0,0.0,0.023221849835911374,0.0,2211287.2939478145,2035530.260589415,824692.7481397876,1876674.6518884315,1047029.420568168,107315.7319632532,-286212.1839842548,0.0,0.0,0.0,0.0,0.0,0.0,0.0,7816317.923112613,8403262.280684797,-4048452.890984781,20014561.510999996,24369370.900700007
3.0,0,2004,2890,158023343.7193,126465494.80180003,165941440.666,2755898.657599981,166335585.61900777,9860849.576008182,2224597.760665231,0.8460603339502341,593365.9051765652,2.4949947265849284,30505.828385457695,6.774226517650915,0.2439136014881451,3.1387905395795737,0.0,0.0,0.0,0.0,0.01794441209291835,0.0,2835670.690696369,-794779.482977294,1226701.691411451,2784601.0946017182,1816769.7291756854,125108.73616238132,-70138.35377698227,0.0,0.0,0.0,0.0,0.0,0.0,0.0,7923934.105293324,8416406.622205608,-5660507.964605628,35912658.30720001,38668556.96479997
3.0,0,2005,3377,180731374.27350003,165941440.666,191530956.93330002,2881485.7131000115,196822552.2966404,7602253.858554654,2060765.271860627,0.8107877110339827,612106.2882864119,2.964633773610234,29217.340588649706,6.936421301343959,0.2271170844213171,3.1449044302016897,0.0,0.0,0.0,0.0,0.01568978275852008,0.0,-827888.0989727629,368358.94821815286,1684131.2608057398,4829617.991941891,2256032.7628321275,207854.0642654008,-573179.6347189414,0.0,0.0,0.0,0.0,0.0,0.0,0.0,7944927.294371608,8645861.299542753,-5764375.586442744,22708030.554199994,25589516.26730001
3.0,0,2006,4129,209867241.5442,191530956.93330002,235706232.02290002,15039407.818900019,245658902.94055435,18743030.017520655,1958081.1576859187,0.8368119171776801,611867.9204720316,3.255991439691726,27712.787313345147,6.9599208623583895,0.22355081760827783,3.5928622145569364,0.0,0.0,0.0,0.0,0.013511570358172305,0.0,8252431.734222934,-122325.58810804173,2069153.0397830338,3003257.53114644,3736321.445593211,199088.19668618674,-53000.216969228815,-22007.128094154465,0.0,0.0,0.0,0.0,0.0,0.0,17062919.01426039,17851063.015409723,-2811655.196509704,29135867.27069999,44175275.089600004
3.0,0,2007,4421,222050791.2975,235706232.02290002,257452907.74940005,9563125.973199986,268920297.68521386,10309118.080173388,1975076.6476497676,0.8370771938747427,610618.5081088651,3.4354089729660098,27964.140105004877,7.101064548760447,0.21660968906935243,3.6709370321726356,0.0,0.0,0.0,0.0,0.012770213442747256,0.0,7764690.951454095,173188.64156329588,863876.6668057141,2209940.908097455,-816926.4932364922,117071.52344121001,-471357.17360295035,-8204.817591260478,0.0,0.0,0.0,0.0,0.0,0.0,9832280.206931064,9867601.115830379,-304475.14263038954,12183549.7533,21746675.726499975
3.0,0,2008,4421,222050791.2975,257452907.74940005,277118623.8503,19665716.10089999,279043669.20406765,10123371.518853812,1996408.604445204,0.8211420594493523,613243.4905354729,3.8563513017785596,28155.981014692206,7.082449619904125,0.21166986255262912,3.7094399456062357,0.0,0.0,0.0,0.0,0.012770213442747256,0.0,3439985.1713623437,1589376.926140571,326829.9409927824,5317796.827085707,-529720.5407698087,-1765.710045376654,-640965.809042003,38.09452464195175,0.0,0.0,0.0,0.0,0.0,0.0,9501574.900248861,9837967.115602206,9827748.985297805,0.0,19665716.10089999
3.0,0,2009,4488,233195479.15750003,277118623.8503,282138351.6146,-6124960.095700018,279195806.3290439,-9660666.212209791,1983827.24626711,0.8680853327398937,595386.1080545214,2.7891381876959076,26533.10118753961,7.155946871318827,0.21859765226595002,3.704411678428573,0.0,0.0,0.0,0.0,0.012159909832920963,0.0,5557812.548885192,-4818598.878644511,-260729.87077404614,-15077782.474466374,4840920.443768283,127787.50961890665,1065775.0779975434,3930.125804960274,0.0,0.0,0.0,0.0,0.0,0.0,-8560885.517810043,-8568920.964808352,2443960.869108331,11144687.860000001,5019727.764299985
3.0,0,2010,4519,233966460.15750003,282138351.6146,284999038.803,3024508.188400007,289872051.0073966,10951079.96351022,1947002.919313068,0.8498338003469483,599725.5218969773,3.2360194898549626,26488.378144430622,7.345032199711044,0.22158514924630582,4.0758029693171025,0.0,0.0,0.0,0.0,0.028812116896849625,0.0,1389590.2969065644,1527116.0882745578,683856.1055250824,7334718.606966012,-362054.85044517805,413356.53875965823,468251.7070926192,-27532.907617570523,0.0,0.0,0.0,0.0,-9865.651638801886,0.0,11417435.933822945,11673524.706289144,-8649016.51788914,770981.0000000007,3795489.1884000087
3.0,0,2011,4618,234783255.7833,284999038.803,303959152.0491,17154209.620300002,306583187.17286897,14788827.556855662,1923695.1721766135,0.8146936750104777,602527.5774780547,3.9918521435583494,26309.20531400401,7.481010224206477,0.21518040822534618,3.9014006043699028,0.0,0.0,0.0,0.0,0.02871188142233561,0.0,-223853.92200017194,3870581.051385715,450889.8097137142,10573758.047789838,714970.0353742013,271604.6759089333,-1080033.602417249,7370.577341146156,0.0,0.0,0.0,0.0,0.0,0.0,14585286.673096132,14789118.2008085,2365091.419491501,816795.6257999995,17971005.24610001
3.0,0,2012,4652,235208657.7833,303959152.0491,313235882.6643999,8851328.615299918,303526448.37300766,-3471037.499906333,1930186.4080985151,0.8442736436426871,607080.14119745,4.000640361920489,25856.047480622783,7.328777547219104,0.2032924005168439,3.7958994447190046,0.0,0.0,0.0,0.0,0.04023475193978138,0.0,1052859.3211607316,-3010165.919036305,626577.656801519,108838.61382421001,1612368.450400327,-284110.15962225985,-1890314.62831189,9625.692065419616,0.0,0.0,0.0,0.0,-6405.184763249958,0.0,-1780726.1574814974,-1510068.2435904124,10361396.858890336,425401.9999999998,9276730.615299921
3.0,0,2013,4718,236666897.96730003,313235882.6643999,310204736.07490003,-3219209.3755999003,297654308.4923455,-6239498.64151615,1931334.7529704177,0.9037612139897182,614877.0766381767,3.8344243863975502,25831.258635312548,7.2942256833723045,0.20190114855688399,3.7410733443064914,0.0,0.0,0.0,0.0,0.03998684260993513,0.0,1966100.124293012,-7046602.921561132,996057.0913305721,-2135667.651785833,-12782.719805228518,82691.20342803386,-60640.55449181498,8021.934684895241,0.0,0.0,0.0,0.0,0.0,0.0,-6202823.493907496,-6194052.91092176,2974843.5353218555,1458240.1839999994,-1760969.1915999018
3.0,0,2014,4718,236666897.96730003,310204736.07490003,310956499.3637,-290446.7112000392,299855841.58379424,1153863.9807201887,1964158.4826882272,0.8999435897211161,620082.1305615706,3.6356252260389548,26260.46295915938,7.435378746824679,0.19974168862414693,3.8813389950721793,0.0,0.0,0.2502536959484181,0.0,0.05581441728207015,0.0,6836417.578372968,342380.92695921654,636394.5216361088,-3134584.592362129,-1424578.6908918787,59918.72118003848,-454161.50756768964,-16044.245186816961,0.0,0.0,-1319576.079300752,0.0,-14785.976993397944,0.0,1511380.6558456656,1670283.222237359,-1960729.933437399,0.0,-290446.71120003966
3.0,0,2015,4718,236666897.96730003,310956499.3637,299037265.41569996,-12325146.151699983,282768023.8034514,-17452194.13301957,2018773.5876276789,0.9229427217099533,625565.0618927998,2.6404873004137004,27135.71515807215,7.249688212290289,0.19686951150150167,3.945465514720679,0.0,0.0,0.5709874937570705,0.0,0.1185755203284805,0.0,5859139.260973094,-2191223.4480616883,740330.7847972714,-16627573.239038203,-3154968.707783121,-323116.7095583753,-524921.3316952144,-1494.0815761516226,0.0,0.0,-1717281.9524635896,0.0,-36903.995580805786,0.0,-17978013.419986784,-18108003.66072304,5782857.509023051,0.0,-12325146.151699983
3.0,0,2016,4718,236666897.96730003,299037265.41569996,279894597.2254,-18730189.348699972,272808469.8164464,-9464319.286604414,2063805.4003081894,0.9853585125725304,629923.1173916076,2.3499592198619412,27487.96829867774,7.066430113160696,0.20068804996208855,4.450041692858105,0.0,0.0,1.161405958796252,0.0,0.20081972853071664,0.0,4397304.770005145,-5234249.988709036,673268.4386342716,-5430426.713193444,-1200420.77907545,-219672.26766783523,748373.9657471114,-53170.0580133966,0.0,0.0,-3132544.3000771273,0.0,-58458.76036920623,0.0,-9509995.692718972,-9305780.041700443,-9424409.306999538,0.0,-18730189.348699972
3.0,0,2017,4718,236666897.96730003,279894597.2254,270558220.78919995,-8455052.726399984,274736145.1511759,2688982.2989976294,2085563.4311556553,0.9761416073261553,633689.4740419675,2.5594199815080376,27658.51626772485,7.055967328580372,0.199347967219526,4.7385506753043725,0.0,0.0,1.9993361112064907,0.0,0.4096641951317417,0.0,3249018.235735752,624234.1632294249,571978.4252692001,3900372.293676319,-1029984.8673113461,-81433.58885391943,-103848.28651441137,-26930.90167429061,0.0,0.0,-4038073.6417645006,0.0,-137240.45660327532,0.0,2928091.3751889532,2861769.5329019893,-11316822.25930198,0.0,-8455052.726399984
3.0,0,2018,4718,236666897.96730003,270558220.78919995,267797302.1002,-3179117.017000043,277792906.3465294,2602495.310022505,2102749.2543792357,0.9734593123014657,639775.5453283989,2.8184186208126554,28066.597469405086,7.010713977731197,0.19884655106648044,5.097144539094801,0.0,0.0,2.8570797582450402,0.0,0.5565026505586668,0.0550520868955666,2688903.647465763,838084.894972918,596458.6408643846,4282250.223982113,-1192528.003247367,-96775.21105797267,-169767.0640062683,-32418.491113773813,0.0,0.0,-4003485.918330416,0.0,-93874.2730046533,-796869.6389728655,2019978.8075518617,2097665.7670100858,-5276782.784010125,0.0,-3179117.017000043
10.0,0,2002,100,1201007994.0000014,0.0,1201007994.0000014,0.0,1127476392.7991912,0.0,253905652.10000002,0.979563485,25697520.38999998,1.9740000000000002,42439.07499999996,31.709999999999997,0.5000266149251159,3.5,0.0,0.0,0.0,0.0,0.0,0.0,0.0,0.0,0.0,0.0,0.0,0.0,0.0,0.0,0.0,0.0,0.0,0.0,0.0,0.0,0.0,0.0,0.0,1201007994.0000014,1201007994.0000014
10.0,0,2003,100,1201007994.0000014,1201007994.0000014,1127691152.9999998,-73316841.00000167,1016798150.0861341,-110678242.71305716,232535029.09999964,1.1512130359999997,26042245.26999999,2.2467999999999995,41148.63500000003,31.36,0.4994966456494778,3.5,0.0,0.0,0.0,0.0,0.0,0.0,-92646024.2919441,-63006445.781367585,4210292.071101993,24001994.154406253,12148718.404523285,-2634008.345349455,-377172.99390389066,0.0,0.0,0.0,0.0,0.0,0.0,0.0,-118302646.78253351,-117896441.21083494,44579600.21083327,0.0,-73316841.00000167
10.0,0,2004,100,1201007994.0000014,1127691152.9999998,1109237034.0000017,-18454118.999998093,1077903936.5901158,61105786.50398171,243107287.39999998,1.20597552,26563773.749999993,2.5669,39531.590000000004,31.0,0.49415983310371747,3.5,0.0,0.0,0.0,0.0,0.0,0.0,46722245.45319916,-18221502.655320413,5887485.143543242,24162679.82232519,14832381.312010257,-2543795.891088216,-3561210.752080089,0.0,0.0,0.0,0.0,0.0,0.0,0.0,67278282.43258914,67770043.47599345,-86224162.47599155,0.0,-18454118.999998093
10.0,0,2005,100,1201007994.0000014,1109237034.0000017,1185413968.9999993,76176934.99999762,1180710436.8043318,102806500.214216,254087771.4,1.1702642379999997,27081157.49999996,3.0314999999999994,38116.91999999998,30.68,0.49018125488386655,3.5,0.0,0.0,0.0,0.0,0.0,0.0,45657011.09415005,11794076.597615387,5633444.369419213,31049372.306134705,13253871.768279092,-2224428.2115436886,-2612477.3586014737,0.0,0.0,0.0,0.0,0.0,0.0,0.0,102550870.56545328,105794935.43208128,-29618000.432083666,0.0,76176934.99999762
10.0,0,2006,100,1201007994.0000014,1185413968.9999993,1159540668.9999998,-25873299.999999523,846417127.7161217,-334293309.0882101,252268420.80000016,2.8162655389999998,27655014.75000005,3.3499999999999996,36028.75000000002,30.18,0.4929711633644897,3.7000000000000006,0.0,0.0,0.0,0.0,0.0,0.0,-7752426.726582003,-363132714.76299,6545809.039612053,20498201.78956936,21969729.169627182,-3712265.361962986,1961694.1647590657,-76829.36992276259,0.0,0.0,0.0,0.0,0.0,0.0,-323698802.05789006,-335625015.2314609,309751715.2314614,0.0,-25873299.999999523
10.0,0,2007,100,1201007994.0000014,1159540668.9999998,1100711966.9999993,-58828702.00000048,1214925019.6705525,368507891.9544308,256261700.60000035,1.230985498,27714120.0,3.4605999999999995,36660.58,30.400000000000002,0.48830547590354056,3.6,0.0,0.0,0.0,0.0,0.0,0.0,16747696.530712165,482445618.71954614,650306.0986575723,6582775.05747497,-6551826.96832562,1601357.3580988515,-3201942.3747580256,37578.05796126404,0.0,0.0,0.0,0.0,0.0,0.0,498311562.4793674,504833696.7395723,-563662398.7395728,0.0,-58828702.00000048
10.0,0,2008,100,1201007994.0000014,1100711966.9999993,1112567173.9999998,11855207.000000477,1260060591.3441174,45135571.67356491,260943220.70000005,1.242132803,27956797.669999957,3.9194999999999998,36716.94000000002,30.420000000000005,0.4869838849421918,3.7000000000000006,0.0,0.0,0.0,0.0,0.0,0.0,18345671.113524415,-3549440.06763759,2523055.1674964945,24572822.691023223,-550983.88820572,138105.4468138536,-861812.6742355457,-35670.398439670855,0.0,0.0,0.0,0.0,0.0,0.0,40581747.39033946,40892452.68152509,-29037245.681524612,0.0,11855207.000000477
10.0,0,2009,100,1201007994.0000014,1112567173.9999998,1079011273.9999983,-33555900.00000143,1184210159.0127585,-75850432.33135891,261208990.79999962,1.298489488,27734538.00000004,2.8430999999999997,35494.290000000015,30.61,0.4847560720404118,3.8999999999999995,0.0,0.0,0.0,0.0,0.0,0.0,1034586.0278999804,-17754847.274968598,-2329689.7079887083,-60249432.600232355,12348949.368498104,1326840.0203775857,-1468014.9504018398,-72108.00379489084,0.0,0.0,0.0,0.0,0.0,0.0,-67163717.12061073,-66971939.068072975,33416039.068071544,0.0,-33555900.00000143
10.0,0,2010,100,1201007994.0000014,1079011273.9999983,1055804062.9999982,-23207211.00000012,1098659465.1985738,-85550693.81418467,234440206.99999973,1.3328625240000003,27553600.74999996,3.2889999999999997,35213.00000000002,30.93,0.49441012262664735,3.8999999999999995,0.0,0.0,0.0,0.0,0.0,0.0,-101431297.54581682,-10329608.305697203,-1853113.1973970828,27039767.826845165,2801864.1496367827,2168162.409270701,6191427.454464763,0.0,0.0,0.0,0.0,0.0,0.0,0.0,-75412797.20869368,-77950828.59362012,54743617.59362,0.0,-23207211.00000012
10.0,0,2011,100,1201007994.0000014,1055804062.9999982,1024067732.9999994,-31736329.999998808,1104159725.6110308,5500260.412456989,228510747.49999994,1.410313236,27682634.670000013,4.0656,34147.68000000002,31.299999999999997,0.49182096061092534,3.8999999999999995,0.0,0.0,0.0,0.0,0.0,0.0,-24408858.69609122,-22111449.326119203,1296229.7888778148,40369218.772944205,10624916.941005552,2453403.8153649294,-1618905.820405175,0.0,0.0,0.0,0.0,0.0,0.0,0.0,6604555.475576906,5285711.792398401,-37022041.79239721,0.0,-31736329.999998808
10.0,0,2012,100,1201007994.0000014,1024067732.9999994,1032661299.000001,8593566.00000155,1114231300.8347588,10071575.223727942,227959423.99999982,1.369100306,27909105.42000003,4.109300000000001,33963.31,31.51,0.4784986741314156,4.1,0.0,0.0,0.0,0.3499999999999999,0.0,0.0,-2256179.392462054,11509445.904497102,2193558.6530315056,1985290.169862695,1808635.3282118568,1349938.3822545754,-8053900.312690124,-66372.15415218537,0.0,0.0,0.0,933958.9655787005,0.0,0.0,9404375.544132072,9341017.397998603,-747451.3979970533,0.0,8593566.00000155
10.0,0,2013,100,1201007994.0000014,1032661299.000001,1031511812.0000011,-1149486.9999998808,1050482220.2165287,-63749080.618230104,232024741.20000002,1.631481463,28818049.080000035,3.9420000000000006,33700.32,29.93,0.47824852127743284,4.2,0.0,0.0,0.0,1.1199999999999999,1.0,0.0,16801947.646590367,-67951523.67348899,8728136.978473006,-7722598.491854212,2619746.1966814753,-10184609.985999463,-153088.7834170824,-33465.10358105168,0.0,0.0,0.0,2073085.8770439615,-2418727.0420677103,0.0,-58241096.38161969,-59082174.72616133,57932687.72616145,0.0,-1149486.9999998808
10.0,0,2014,100,1201007994.0000014,1031511812.0000011,1020949725.9999985,-10562086.000002623,1049619585.1974541,-862635.0190745592,232003465.0999997,1.627628074,29110612.08000001,3.7523999999999997,33580.79999999999,30.2,0.47765666406466095,4.2,0.0,0.0,0.0,1.88,1.0,0.0,-86364.07963044931,980027.0890310907,2739880.068847651,-9058447.426513547,1195193.812355838,1748580.7360815057,-361765.53036058735,0.0,0.0,0.0,0.0,2043858.4116300263,0.0,0.0,-799036.9185584725,-847056.8987230444,-9715029.10127958,0.0,-10562086.000002623
10.0,0,2015,100,1201007994.0000014,1020949725.9999985,997331165.7000012,-23618560.29999721,981184712.2244883,-68434872.97296584,232760764.6000004,1.681151878,29378317.829999972,2.7030000000000003,34173.339999999975,30.169999999999998,0.4761334707878422,4.1,0.0,0.0,0.0,3.14,1.0,0.0,3042394.2190457503,-13254512.600250043,2457339.411816919,-55849359.09808893,-5803965.011669012,-192116.4825156204,-921245.8787039419,33086.642844749236,0.0,0.0,0.0,3355991.256326133,0.0,0.0,-67132387.54119398,-66565607.002703264,42947046.702706054,0.0,-23618560.29999721
10.0,0,2016,100,1201007994.0000014,997331165.7000012,999255569.6999992,1924403.9999979734,955124383.7549841,-26060328.469504118,232107589.3,1.687565261,29437697.49999995,2.4255,35302.049999999996,29.879999999999995,0.476654671743657,4.5,0.0,0.0,0.0,5.62,1.0,0.0,-2555711.8322768095,-1542932.8526573677,528991.229277211,-17363458.69611652,-10507425.909905285,-1812684.8123368684,308122.8272965143,-129274.40366086276,0.0,0.0,0.0,6462901.6521476945,0.0,0.0,-26611472.79823229,-26489179.302529667,28413583.30252764,0.0,1924403.9999979734
10.0,0,2017,100,1201007994.0000014,999255569.6999992,942661585.6000004,-56593984.09999883,960722827.2147721,5598443.459787965,230935447.4000001,1.7337943710000001,29668394.669999976,2.6928000000000005,35945.81999999998,30.000000000000004,0.4760526680590649,4.5,0.0,0.0,0.0,8.7,1.0,0.0,-4608529.965072606,-10983066.911077872,2050622.1436222836,17072934.957772244,-5868597.871466303,752490.7660632653,-356459.7148572915,0.0,0.0,0.0,0.0,8048288.249750227,0.0,0.0,6107681.654733947,5857117.569180185,-62451101.669179015,0.0,-56593984.09999883
10.0,0,2018,100,1201007994.0000014,942661585.6000004,935808062.5999997,-6853523.000000715,938922627.91414,-21800199.30063212,230662401.5,1.7232403280000002,29807700.83999996,2.9199999999999995,36801.50000000002,30.010000000000005,0.4762733241438135,4.6,0.0,0.0,0.0,12.309999999999999,1.0,1.0,-1017706.8222458207,2365864.3951788656,1160388.1145650945,12776031.472718861,-7200654.8724454,59135.641306520745,123285.58979481841,-30548.513471484704,0.0,0.0,0.0,8905112.854055012,0.0,-37837865.03476168,-20696957.175305218,-21390363.439897534,14536840.439896818,0.0,-6853523.000000715
10.0,1,2002,100,0.0,0.0,0.0,0.0,0.0,0.0,,,,,,,,,,,,,,,0.0,0.0,0.0,0.0,0.0,0.0,0.0,0.0,0.0,0.0,0.0,0.0,0.0,0.0,0.0,0.0,0.0,0.0,0.0
10.0,1,2003,100,0.0,0.0,0.0,0.0,0.0,0.0,,,,,,,,,,,,,,,0.0,0.0,0.0,0.0,0.0,0.0,0.0,0.0,0.0,0.0,0.0,0.0,0.0,0.0,0.0,0.0,0.0,0.0,0.0
10.0,1,2004,100,0.0,0.0,0.0,0.0,0.0,0.0,,,,,,,,,,,,,,,0.0,0.0,0.0,0.0,0.0,0.0,0.0,0.0,0.0,0.0,0.0,0.0,0.0,0.0,0.0,0.0,0.0,0.0,0.0
10.0,1,2005,100,0.0,0.0,0.0,0.0,0.0,0.0,,,,,,,,,,,,,,,0.0,0.0,0.0,0.0,0.0,0.0,0.0,0.0,0.0,0.0,0.0,0.0,0.0,0.0,0.0,0.0,0.0,0.0,0.0
10.0,1,2006,100,0.0,0.0,0.0,0.0,0.0,0.0,,,,,,,,,,,,,,,0.0,0.0,0.0,0.0,0.0,0.0,0.0,0.0,0.0,0.0,0.0,0.0,0.0,0.0,0.0,0.0,0.0,0.0,0.0
10.0,1,2007,100,0.0,0.0,0.0,0.0,0.0,0.0,,,,,,,,,,,,,,,0.0,0.0,0.0,0.0,0.0,0.0,0.0,0.0,0.0,0.0,0.0,0.0,0.0,0.0,0.0,0.0,0.0,0.0,0.0
10.0,1,2008,100,0.0,0.0,0.0,0.0,0.0,0.0,,,,,,,,,,,,,,,0.0,0.0,0.0,0.0,0.0,0.0,0.0,0.0,0.0,0.0,0.0,0.0,0.0,0.0,0.0,0.0,0.0,0.0,0.0
10.0,1,2009,100,0.0,0.0,0.0,0.0,0.0,0.0,,,,,,,,,,,,,,,0.0,0.0,0.0,0.0,0.0,0.0,0.0,0.0,0.0,0.0,0.0,0.0,0.0,0.0,0.0,0.0,0.0,0.0,0.0
10.0,1,2010,100,0.0,0.0,0.0,0.0,0.0,0.0,,,,,,,,,,,,,,,0.0,0.0,0.0,0.0,0.0,0.0,0.0,0.0,0.0,0.0,0.0,0.0,0.0,0.0,0.0,0.0,0.0,0.0,0.0
10.0,1,2011,100,0.0,0.0,0.0,0.0,0.0,0.0,,,,,,,,,,,,,,,0.0,0.0,0.0,0.0,0.0,0.0,0.0,0.0,0.0,0.0,0.0,0.0,0.0,0.0,0.0,0.0,0.0,0.0,0.0
10.0,1,2012,100,0.0,0.0,0.0,0.0,0.0,0.0,,,,,,,,,,,,,,,0.0,0.0,0.0,0.0,0.0,0.0,0.0,0.0,0.0,0.0,0.0,0.0,0.0,0.0,0.0,0.0,0.0,0.0,0.0
10.0,1,2013,100,0.0,0.0,0.0,0.0,0.0,0.0,,,,,,,,,,,,,,,0.0,0.0,0.0,0.0,0.0,0.0,0.0,0.0,0.0,0.0,0.0,0.0,0.0,0.0,0.0,0.0,0.0,0.0,0.0
10.0,1,2014,100,0.0,0.0,0.0,0.0,0.0,0.0,,,,,,,,,,,,,,,0.0,0.0,0.0,0.0,0.0,0.0,0.0,0.0,0.0,0.0,0.0,0.0,0.0,0.0,0.0,0.0,0.0,0.0,0.0
10.0,1,2015,100,0.0,0.0,0.0,0.0,0.0,0.0,,,,,,,,,,,,,,,0.0,0.0,0.0,0.0,0.0,0.0,0.0,0.0,0.0,0.0,0.0,0.0,0.0,0.0,0.0,0.0,0.0,0.0,0.0
10.0,1,2016,100,0.0,0.0,0.0,0.0,0.0,0.0,,,,,,,,,,,,,,,0.0,0.0,0.0,0.0,0.0,0.0,0.0,0.0,0.0,0.0,0.0,0.0,0.0,0.0,0.0,0.0,0.0,0.0,0.0
10.0,1,2017,100,0.0,0.0,0.0,0.0,0.0,0.0,,,,,,,,,,,,,,,0.0,0.0,0.0,0.0,0.0,0.0,0.0,0.0,0.0,0.0,0.0,0.0,0.0,0.0,0.0,0.0,0.0,0.0,0.0
10.0,1,2018,100,0.0,0.0,0.0,0.0,0.0,0.0,,,,,,,,,,,,,,,0.0,0.0,0.0,0.0,0.0,0.0,0.0,0.0,0.0,0.0,0.0,0.0,0.0,0.0,0.0,0.0,0.0,0.0,0.0
