,CBSA,MNAME,Year,TOT_POP,UBER_ARRIVAL,TNC_ARRIVAL_YEAR,TNC_FIRST_FULL_YEAR_OPERATION,TNC_FLAG,APTA_CLUSTER,TNC_CLUSTER,TRIPS_SHARE_2017
0,35620,"New York-Newark-Jersey City, NY-NJ-PA Metro Area",2017,20320876,5/1/11,2011,2012,1,New York,1,0.19781483611270845
1,41860,"San Francisco-Oakland-Hayward, CA Metro Area",2017,4727357,10/1/10,2010,2011,1,High Op-Ex,2,0.19781483611270845
2,47900,"Washington-Arlington-Alexandria, DC-VA-MD-WV Metro Area",2017,6216710,12/1/11,2011,2012,1,High Op-Ex,3,0.5802185163887291
3,16980,"Chicago-Naperville-Elgin, IL-IN-WI Metro Area",2017,9533895,9/1/11,2011,2012,1,High Op-Ex,4,0.19781483611270845
4,14460,"Boston-Cambridge-Newton, MA-NH Metro Area",2017,4836531,10/1/11,2011,2012,1,High Op-Ex,5,0.19781483611270845
5,41940,"San Jose-Sunnyvale-Santa Clara, CA Metro Area",2017,1998463,5/1/12,2012,2013,1,High Op-Ex,6,0.09833237492811961
6,37980,"Philadelphia-Camden-Wilmington, PA-NJ-DE-MD Metro Area",2017,6096120,5/1/12,2012,2013,1,High Op-Ex,7,0.5802185163887291
7,31100,"Los Angeles-Long Beach-Anaheim, CA Metro Area",2017,13353907,2/1/12,2012,2013,1,High Op-Ex,8,0.19781483611270845
8,33100,"Miami-Fort Lauderdale-West Palm Beach, FL Metro Area",2017,6158824,6/1/14,2014,2015,1,High Op-Ex,9,0.19781483611270845
9,41740,"San Diego-Carlsbad, CA Metro Area",2017,3337685,5/1/12,2012,2013,1,High Op-Ex,10,0.19781483611270845
10,42660,"Seattle-Tacoma-Bellevue, WA Metro Area",2017,3867046,8/1/11,2011,2012,1,High Op-Ex,11,0.5802185163887291
11,38900,"Portland-Vancouver-Hillsboro, OR-WA Metro Area",2017,2451560,8/1/14,2014,2015,1,High Op-Ex,12,0.19781483611270845
12,38300,"Pittsburgh, PA Metro Area",2017,2333367,2/1/14,2014,2015,1,High Op-Ex,13,0.19781483611270845
13,12060,"Atlanta-Sandy Springs-Roswell, GA Metro Area",2017,5882450,8/1/12,2012,2013,1,High Op-Ex,14,0.19781483611270845
14,12580,"Baltimore-Columbia-Towson, MD Metro Area",2017,2808175,1/1/13,2013,2014,1,High Op-Ex,15,0.19781483611270845
15,38060,"Phoenix-Mesa-Scottsdale, AZ Metro Area",2017,4737270,11/1/12,2012,2013,1,High Op-Ex,16,0.19781483611270845
16,19100,"Dallas-Fort Worth-Arlington, TX Metro Area",2017,7400479,8/1/12,2012,2013,1,High Op-Ex,17,0.09833237492811961
17,33460,"Minneapolis-St. Paul-Bloomington, MN-WI Metro Area",2017,3600618,10/1/12,2012,2013,1,High Op-Ex,18,0.09833237492811961
18,19740,"Denver-Aurora-Lakewood, CO Metro Area",2017,2888227,8/1/12,2012,2013,1,High Op-Ex,19,0.19781483611270845
19,26420,"Houston-The Woodlands-Sugar Land, TX Metro Area",2017,6892427,2/1/14,2014,2015,1,High Op-Ex,20,0.19781483611270845
20,40140,"Riverside-San Bernardino-Ontario, CA Metro Area",2017,4580670,2/1/14,2014,2015,1,Mid Op-Ex,21,0.19781483611270845
21,19820,"Detroit-Warren-Dearborn, MI Metro Area",2017,4313002,3/1/13,2013,2014,1,Mid Op-Ex,21,0.19781483611270845
22,45300,"Tampa-St. Petersburg-Clearwater, FL Metro Area",2017,3091399,4/1/14,2014,2015,1,Mid Op-Ex,21,0.19781483611270845
23,41180,"St. Louis, MO-IL Metro Area",2017,2807216,11/1/14,2014,2015,1,Mid Op-Ex,21,0.19781483611270845
24,16740,"Charlotte-Concord-Gastonia, NC-SC Metro Area",2017,2525305,9/1/13,2013,2014,1,Mid Op-Ex,21,0.19781483611270845
25,36740,"Orlando-Kissimmee-Sanford, FL Metro Area",2017,2509831,6/1/14,2014,2015,1,Mid Op-Ex,21,0.19781483611270845
26,41700,"San Antonio-New Braunfels, TX Metro Area",2017,2473974,4/1/14,2014,2015,1,Mid Op-Ex,21,0.09833237492811961
27,29820,"Las Vegas-Henderson-Paradise, NV Metro Area",2017,2204079,9/1/15,2015,2016,1,Mid Op-Ex,21,0.19781483611270845
28,17140,"Cincinnati, OH-KY-IN Metro Area",2017,2180746,3/1/14,2014,2015,1,Mid Op-Ex,21,0.19781483611270845
29,28140,"Kansas City, MO-KS Metro Area",2017,2126945,5/1/14,2014,2015,1,Mid Op-Ex,21,0.19781483611270845
30,12420,"Austin-Round Rock, TX Metro Area",2017,2115827,6/1/14,2014,2015,1,Mid Op-Ex,21,0.19781483611270845
31,18140,"Columbus, OH Metro Area",2017,2078725,12/1/13,2013,2014,1,Mid Op-Ex,21,0.19781483611270845
32,17460,"Cleveland-Elyria, OH Metro Area",2017,2058844,4/1/14,2014,2015,1,Mid Op-Ex,21,0.19781483611270845
33,26900,"Indianapolis-Carmel-Anderson, IN Metro Area",2017,2027059,6/1/13,2013,2014,1,Mid Op-Ex,21,0.19781483611270845
34,47260,"Virginia Beach-Norfolk-Newport News, VA-NC Metro Area",2017,1724388,5/1/14,2014,2015,1,Mid Op-Ex,21,0.19781483611270845
35,39300,"Providence-Warwick, RI-MA Metro Area",2017,1621122,11/1/13,2013,2014,1,Mid Op-Ex,21,0.19781483611270845
36,33340,"Milwaukee-Waukesha-West Allis, WI Metro Area",2017,1576236,3/1/14,2014,2015,1,Mid Op-Ex,21,0.19781483611270845
37,27260,"Jacksonville, FL Metro Area",2017,1504980,1/1/14,2014,2015,1,Mid Op-Ex,21,0.19781483611270845
38,36420,"Oklahoma City, OK Metro Area",2017,1383737,11/1/13,2013,2014,1,Mid Op-Ex,21,0.19781483611270845
39,32820,"Memphis, TN-MS-AR Metro Area",2017,1346626,5/1/14,2014,2015,1,Mid Op-Ex,21,0.19781483611270845
40,39580,"Raleigh, NC Metro Area",2017,1335079,4/1/14,2014,2015,1,Mid Op-Ex,21,0.19781483611270845
41,40060,"Richmond, VA Metro Area",2017,1301540,8/1/14,2014,2015,1,Mid Op-Ex,21,0.19781483611270845
42,35380,"New Orleans-Metairie, LA Metro Area",2017,1275762,9/1/14,2014,2015,1,Mid Op-Ex,21,0.19781483611270845
43,25540,"Hartford-West Hartford-East Hartford, CT Metro Area",2017,1210259,7/1/14,2014,2015,1,Mid Op-Ex,21,0.19781483611270845
44,41620,"Salt Lake City, UT Metro Area",2017,1203105,5/1/14,2014,2015,1,Mid Op-Ex,21,0.19781483611270845
45,13820,"Birmingham-Hoover, AL Metro Area",2017,1149807,12/1/15,2015,2016,1,Mid Op-Ex,21,0.19781483611270845
46,24340,"Grand Rapids-Wyoming, MI Metro Area",2017,1059113,8/1/14,2014,2015,1,Mid Op-Ex,21,0.19781483611270845
47,10180,"Abilene, TX Metro Area",2017,169747,10/1/15,2015,2016,1,Low Op-Ex,22,0.19781483611270845
48,11020,"Altoona, PA Metro Area",2017,123457,8/1/16,2016,2017,1,Low Op-Ex,22,0.19781483611270845
49,11100,"Amarillo, TX Metro Area",2017,266575,5/1/15,2015,2016,1,Low Op-Ex,22,0.19781483611270845
50,11180,"Ames, IA Metro Area",2017,97502,8/1/15,2015,2016,1,Low Op-Ex,22,0.19781483611270845
51,11700,"Asheville, NC Metro Area",2017,456145,8/1/14,2014,2015,1,Low Op-Ex,22,0.19781483611270845
52,12020,"Athens-Clarke County, GA Metro Area",2017,206937,8/1/14,2014,2015,1,Low Op-Ex,22,0.19781483611270845
53,12220,"Auburn-Opelika, AL Metro Area",2017,161604,8/1/16,2016,2017,1,Low Op-Ex,22,0.19781483611270845
54,12260,"Augusta-Richmond County, GA-SC Metro Area",2017,600600,4/1/15,2015,2016,1,Low Op-Ex,22,0.19781483611270845
55,40900,"Sacramento-Roseville-Arden-Arcade, CA Metro Area",2017,2324884,2/1/13,2013,2014,1,Mid Op-Ex,22,0.19781483611270845
56,12620,"Bangor, ME Metro Area",2017,151957,10/1/15,2015,2016,1,Low Op-Ex,22,0.19781483611270845
57,12940,"Baton Rouge, LA Metro Area",2017,834159,7/1/14,2014,2015,1,Low Op-Ex,22,0.19781483611270845
58,13140,"Beaumont-Port Arthur, TX Metro Area",2017,411339,2/1/16,2016,2017,1,Low Op-Ex,22,0.19781483611270845
59,13380,"Bellingham, WA Metro Area",2017,221404,11/1/15,2015,2016,1,Low Op-Ex,22,0.19781483611270845
60,13740,"Billings, MT Metro Area",2017,172081,8/1/16,2016,2017,1,Low Op-Ex,22,0.19781483611270845
61,13980,"Blacksburg-Christiansburg-Radford, VA Metro Area",2017,181986,10/1/14,2014,2015,1,Low Op-Ex,22,0.19781483611270845
62,14020,"Bloomington, IN Metro Area",2017,167825,8/1/14,2014,2015,1,Low Op-Ex,22,0.19781483611270845
63,14060,"Bloomington, IL Metro Area",2017,186356,3/1/15,2015,2016,1,Low Op-Ex,22,0.19781483611270845
64,14260,"Boise City, ID Metro Area",2017,710323,11/1/14,2014,2015,1,Low Op-Ex,22,0.19781483611270845
65,14540,"Bowling Green, KY Metro Area",2017,178474,9/1/15,2015,2016,1,Low Op-Ex,22,0.19781483611270845
66,15500,"Burlington, NC Metro Area",2017,162391,8/1/15,2015,2016,1,Low Op-Ex,22,0.19781483611270845
67,15540,"Burlington-South Burlington, VT Metro Area",2017,218341,11/1/14,2014,2015,1,Low Op-Ex,22,0.19781483611270845
68,15940,"Canton-Massillon, OH Metro Area",2017,399927,5/1/15,2015,2016,1,Low Op-Ex,22,0.19781483611270845
69,15980,"Cape Coral-Fort Myers, FL Metro Area",2017,739224,12/1/14,2014,2015,1,Low Op-Ex,22,0.19781483611270845
70,16180,"Carson City, NV Metro Area",2017,54745,8/1/16,2016,2017,1,Low Op-Ex,22,0.19781483611270845
71,16300,"Cedar Rapids, IA Metro Area",2017,270293,1/1/15,2015,2016,1,Low Op-Ex,22,0.19781483611270845
72,16620,"Charleston, WV Metro Area",2017,215089,7/1/16,2016,2017,1,Low Op-Ex,22,0.19781483611270845
73,16700,"Charleston-North Charleston, SC Metro Area",2017,775831,7/1/14,2014,2015,1,Low Op-Ex,22,0.19781483611270845
74,34980,"Nashville-Davidson-Murfreesboro-Franklin, TN Metro Area",2017,1904226,12/1/13,2013,2014,1,Mid Op-Ex,22,0.19781483611270845
75,16820,"Charlottesville, VA Metro Area",2017,232182,9/1/14,2014,2015,1,Low Op-Ex,22,0.19781483611270845
76,16860,"Chattanooga, TN-GA Metro Area",2017,554876,11/1/14,2014,2015,1,Low Op-Ex,22,0.19781483611270845
77,17020,"Chico, CA Metro Area",2017,229294,10/1/15,2015,2016,1,Low Op-Ex,22,0.19781483611270845
78,17300,"Clarksville, TN-KY Metro Area",2017,285602,3/1/16,2016,2017,1,Low Op-Ex,22,0.19781483611270845
79,17660,"Coeur d'Alene, ID Metro Area",2017,157637,3/1/16,2016,2017,1,Low Op-Ex,22,0.19781483611270845
80,17780,"College Station-Bryan, TX Metro Area",2017,258860,10/1/14,2014,2015,1,Low Op-Ex,22,0.19781483611270845
81,17820,"Colorado Springs, CO Metro Area",2017,723878,5/1/14,2014,2015,1,Low Op-Ex,22,0.19781483611270845
82,17860,"Columbia, MO Metro Area",2017,178271,3/1/15,2015,2016,1,Low Op-Ex,22,0.19781483611270845
83,17900,"Columbia, SC Metro Area",2017,825004,7/1/14,2014,2015,1,Low Op-Ex,22,0.19781483611270845
84,17980,"Columbus, GA-AL Metro Area",2017,305911,9/1/16,2016,2017,1,Low Op-Ex,22,0.19781483611270845
85,19340,"Davenport-Moline-Rock Island, IA-IL Metro Area",2017,382298,7/1/15,2015,2016,1,Low Op-Ex,22,0.19781483611270845
86,19780,"Des Moines-West Des Moines, IA Metro Area",2017,645911,9/1/14,2014,2015,1,Low Op-Ex,22,0.19781483611270845
87,20100,"Dover, DE Metro Area",2017,176824,8/1/15,2015,2016,1,Low Op-Ex,22,0.19781483611270845
88,20940,"El Centro, CA Metro Area",2017,182830,7/1/16,2016,2017,1,Low Op-Ex,22,0.19781483611270845
89,21140,"Elkhart-Goshen, IN Metro Area",2017,205032,8/1/16,2016,2017,1,Low Op-Ex,22,0.19781483611270845
90,31140,"Louisville-Jefferson County, KY-IN Metro Area",2017,1293722,4/1/14,2014,2015,1,Mid Op-Ex,22,0.19781483611270845
91,21500,"Erie, PA Metro Area",2017,274541,4/1/15,2015,2016,1,Low Op-Ex,22,0.19781483611270845
92,22020,"Fargo, ND-MN Metro Area",2017,241356,5/1/15,2015,2016,1,Low Op-Ex,22,0.19781483611270845
93,22180,"Fayetteville, NC Metro Area",2017,386662,10/1/14,2014,2015,1,Low Op-Ex,22,0.19781483611270845
94,22220,"Fayetteville-Springdale-Rogers, AR-MO Metro Area",2017,535557,11/1/14,2014,2015,1,Low Op-Ex,22,0.19781483611270845
95,22380,"Flagstaff, AZ Metro Area",2017,140776,1/1/15,2015,2016,1,Low Op-Ex,22,0.19781483611270845
96,22420,"Flint, MI Metro Area",2017,407385,5/1/15,2015,2016,1,Low Op-Ex,22,0.19781483611270845
97,22660,"Fort Collins, CO Metro Area",2017,343976,8/1/14,2014,2015,1,Low Op-Ex,22,0.19781483611270845
98,22900,"Fort Smith, AR-OK Metro Area",2017,282086,5/1/16,2016,2017,1,Low Op-Ex,22,0.19781483611270845
99,23020,"Crestview-Fort Walton Beach-Destin, FL Metro Area",2017,271346,5/1/15,2015,2016,1,Low Op-Ex,22,0.19781483611270845
100,23060,"Fort Wayne, IN Metro Area",2017,434617,5/1/15,2015,2016,1,Low Op-Ex,22,0.19781483611270845
101,23540,"Gainesville, FL Metro Area",2017,285374,9/1/14,2014,2015,1,Low Op-Ex,22,0.19781483611270845
102,23580,"Gainesville, GA Metro Area",2017,199335,12/1/15,2015,2016,1,Low Op-Ex,22,0.19781483611270845
103,24300,"Grand Junction, CO Metro Area",2017,151616,3/1/16,2016,2017,1,Low Op-Ex,22,0.19781483611270845
104,24540,"Greeley, CO Metro Area",2017,304633,4/1/16,2016,2017,1,Low Op-Ex,22,0.19781483611270845
105,24580,"Green Bay, WI Metro Area",2017,320050,3/1/15,2015,2016,1,Low Op-Ex,22,0.19781483611270845
106,24660,"Greensboro-High Point, NC Metro Area",2017,761184,7/1/14,2014,2015,1,Low Op-Ex,22,0.19781483611270845
107,24780,"Greenville, NC Metro Area",2017,179042,9/1/15,2015,2016,1,Low Op-Ex,22,0.19781483611270845
108,24860,"Greenville-Anderson-Mauldin, SC Metro Area",2017,895923,7/1/14,2014,2015,1,Low Op-Ex,22,0.19781483611270845
109,25060,"Gulfport-Biloxi-Pascagoula, MS Metro Area",2017,394232,7/1/16,2016,2017,1,Low Op-Ex,22,0.19781483611270845
110,25180,"Hagerstown-Martinsburg, MD-WV Metro Area",2017,265498,10/1/15,2015,2016,1,Low Op-Ex,22,0.19781483611270845
111,25260,"Hanford-Corcoran, CA Metro Area",2017,150101,10/1/16,2016,2017,1,Low Op-Ex,22,0.19781483611270845
112,25500,"Harrisonburg, VA Metro Area",2017,134442,10/1/15,2015,2016,1,Low Op-Ex,22,0.19781483611270845
113,25620,"Hattiesburg, MS Metro Area",2017,146530,7/1/16,2016,2017,1,Low Op-Ex,22,0.19781483611270845
114,25980,"Hinesville, GA Metro Area",2017,81044,6/1/16,2016,2017,1,Low Op-Ex,22,0.19781483611270845
115,26580,"Huntington-Ashland, WV-KY-OH Metro Area",2017,356474,8/1/16,2016,2017,1,Low Op-Ex,22,0.19781483611270845
116,26620,"Huntsville, AL Metro Area",2017,455448,3/1/16,2016,2017,1,Low Op-Ex,22,0.19781483611270845
117,26980,"Iowa City, IA Metro Area",2017,171491,4/1/16,2016,2017,1,Low Op-Ex,22,0.19781483611270845
118,27140,"Jackson, MS Metro Area",2017,578794,12/1/14,2014,2015,1,Low Op-Ex,22,0.19781483611270845
119,27340,"Jacksonville, NC Metro Area",2017,193893,10/1/15,2015,2016,1,Low Op-Ex,22,0.19781483611270845
120,27500,"Janesville-Beloit, WI Metro Area",2017,162309,12/1/16,2016,2017,1,Low Op-Ex,22,0.19781483611270845
121,27740,"Johnson City, TN Metro Area",2017,203462,8/1/16,2016,2017,1,Low Op-Ex,22,0.19781483611270845
122,28020,"Kalamazoo-Portage, MI Metro Area",2017,338338,10/1/14,2014,2015,1,Low Op-Ex,22,0.19781483611270845
123,46060,"Tucson, AZ Metro Area",2017,1022769,10/1/13,2013,2014,1,Mid Op-Ex,22,0.19781483611270845
124,23420,"Fresno, CA Metro Area",2017,989255,2/1/14,2014,2015,1,Mid Op-Ex,22,0.19781483611270845
125,28660,"Killeen-Temple, TX Metro Area",2017,442693,7/1/15,2015,2016,1,Low Op-Ex,22,0.19781483611270845
126,28700,"Kingsport-Bristol-Bristol, TN-VA Metro Area",2017,305914,9/1/16,2016,2017,1,Low Op-Ex,22,0.19781483611270845
127,28940,"Knoxville, TN Metro Area",2017,877874,8/1/14,2014,2015,1,Low Op-Ex,22,0.19781483611270845
128,29140,"Lafayette-West Lafayette, IN Metro Area",2017,218769,7/1/15,2015,2016,1,Low Op-Ex,22,0.19781483611270845
129,29180,"Lafayette, LA Metro Area",2017,491558,2/1/15,2015,2016,1,Low Op-Ex,22,0.19781483611270845
130,29460,"Lakeland-Winter Haven, FL Metro Area",2017,686483,3/1/15,2015,2016,1,Low Op-Ex,22,0.19781483611270845
131,46520,"Urban Honolulu, HI Metro Area",2017,988650,8/1/13,2013,2014,1,Mid Op-Ex,22,0.19781483611270845
132,14860,"Bridgeport-Stamford-Norwalk, CT Metro Area",2017,949921,4/1/14,2014,2015,1,Mid Op-Ex,22,0.19781483611270845
133,29740,"Las Cruces, NM Metro Area",2017,215579,9/1/15,2015,2016,1,Low Op-Ex,22,0.19781483611270845
134,49340,"Worcester, MA-CT Metro Area",2017,942475,8/1/14,2014,2015,1,Mid Op-Ex,22,0.19781483611270845
135,29940,"Lawrence, KS Metro Area",2017,120793,6/1/15,2015,2016,1,Low Op-Ex,22,0.19781483611270845
136,30140,"Lebanon, PA Metro Area",2017,139754,6/1/16,2016,2017,1,Low Op-Ex,22,0.19781483611270845
137,30460,"Lexington-Fayette, KY Metro Area",2017,512650,7/1/14,2014,2015,1,Low Op-Ex,22,0.19781483611270845
138,30700,"Lincoln, NE Metro Area",2017,331592,1/1/15,2015,2016,1,Low Op-Ex,22,0.19781483611270845
139,30780,"Little Rock-North Little Rock-Conway, AR Metro Area",2017,738082,11/1/14,2014,2015,1,Low Op-Ex,22,0.19781483611270845
140,10740,"Albuquerque, NM Metro Area",2017,913113,5/1/14,2014,2015,1,Mid Op-Ex,22,0.19781483611270845
141,31180,"Lubbock, TX Metro Area",2017,318011,7/1/14,2014,2015,1,Low Op-Ex,22,0.19781483611270845
142,31340,"Lynchburg, VA Metro Area",2017,260116,12/1/15,2015,2016,1,Low Op-Ex,22,0.19781483611270845
143,31420,"Macon-Bibb County, GA Metro Area",2017,229258,5/1/16,2016,2017,1,Low Op-Ex,22,0.19781483611270845
144,31700,"Manchester-Nashua, NH Metro Area",2017,409697,10/1/14,2014,2015,1,Low Op-Ex,22,0.19781483611270845
145,31740,"Manhattan, KS Metro Area",2017,98080,6/1/15,2015,2016,1,Low Op-Ex,22,0.19781483611270845
146,35300,"New Haven-Milford, CT Metro Area",2017,860435,5/1/14,2014,2015,1,Mid Op-Ex,22,0.19781483611270845
147,32900,"Merced, CA Metro Area",2017,272673,11/1/15,2015,2016,1,Low Op-Ex,22,0.19781483611270845
148,33140,"Michigan City-La Porte, IN Metro Area",2017,110029,5/1/16,2016,2017,1,Low Op-Ex,22,0.19781483611270845
149,33260,"Midland, TX Metro Area",2017,169643,6/1/16,2016,2017,1,Low Op-Ex,22,0.19781483611270845
150,37100,"Oxnard-Thousand Oaks-Ventura, CA Metro Area",2017,854223,5/1/14,2014,2015,1,Mid Op-Ex,22,0.19781483611270845
151,33540,"Missoula, MT Metro Area",2017,117441,8/1/16,2016,2017,1,Low Op-Ex,22,0.19781483611270845
152,33660,"Mobile, AL Metro Area",2017,413955,6/1/15,2015,2016,1,Low Op-Ex,22,0.19781483611270845
153,33700,"Modesto, CA Metro Area",2017,547899,5/1/14,2014,2015,1,Low Op-Ex,22,0.19781483611270845
154,33860,"Montgomery, AL Metro Area",2017,373889,2/1/16,2016,2017,1,Low Op-Ex,22,0.19781483611270845
155,34060,"Morgantown, WV Metro Area",2017,138709,7/1/16,2016,2017,1,Low Op-Ex,22,0.19781483611270845
156,34620,"Muncie, IN Metro Area",2017,115184,9/1/16,2016,2017,1,Low Op-Ex,22,0.19781483611270845
157,34820,"Myrtle Beach-Conway-North Myrtle Beach, SC-NC Metro Area",2017,464165,8/1/14,2014,2015,1,Low Op-Ex,22,0.19781483611270845
158,34900,"Napa, CA Metro Area",2017,140973,4/1/14,2014,2015,1,Low Op-Ex,22,0.19781483611270845
159,34940,"Naples-Immokalee-Marco Island, FL Metro Area",2017,372880,12/1/14,2014,2015,1,Low Op-Ex,22,0.19781483611270845
160,21340,"El Paso, TX Metro Area",2017,842677,7/1/14,2014,2015,1,Mid Op-Ex,22,0.19781483611270845
161,10900,"Allentown-Bethlehem-Easton, PA-NJ Metro Area",2017,840550,2/1/15,2015,2016,1,Mid Op-Ex,22,0.19781483611270845
162,35840,"North Port-Sarasota-Bradenton, FL Metro Area",2017,804690,12/1/14,2014,2015,1,Mid Op-Ex,22,0.19781483611270845
163,19380,"Dayton, OH Metro Area",2017,803416,10/1/14,2014,2015,1,Mid Op-Ex,22,0.19781483611270845
164,35980,"Norwich-New London, CT Metro Area",2017,269033,2/1/15,2015,2016,1,Low Op-Ex,22,0.19781483611270845
165,36100,"Ocala, FL Metro Area",2017,354353,9/1/15,2015,2016,1,Low Op-Ex,22,0.19781483611270845
166,36140,"Ocean City, NJ Metro Area",2017,93553,5/1/15,2015,2016,1,Low Op-Ex,22,0.19781483611270845
167,36220,"Odessa, TX Metro Area",2017,157087,10/1/15,2015,2016,1,Low Op-Ex,22,0.19781483611270845
168,44700,"Stockton-Lodi, CA Metro Area",2017,745424,9/1/14,2014,2015,1,Mid Op-Ex,22,0.19781483611270845
169,10420,"Akron, OH Metro Area",2017,703505,12/1/14,2014,2015,1,Mid Op-Ex,22,0.19781483611270845
170,36260,"Ogden-Clearfield, UT Metro Area",2017,666547,3/1/15,2015,2016,1,Mid Op-Ex,22,0.19781483611270845
171,36540,"Omaha-Council Bluffs, NE-IA Metro Area",2017,934184,6/1/14,2014,2015,1,Low Op-Ex,22,0.19781483611270845
172,36780,"Oshkosh-Neenah, WI Metro Area",2017,170414,11/1/15,2015,2016,1,Low Op-Ex,22,0.19781483611270845
173,31540,"Madison, WI Metro Area",2017,654230,3/1/14,2014,2015,1,Mid Op-Ex,22,0.19781483611270845
174,37340,"Palm Bay-Melbourne-Titusville, FL Metro Area",2017,589162,12/1/14,2014,2015,1,Low Op-Ex,22,0.19781483611270845
175,37860,"Pensacola-Ferry Pass-Brent, FL Metro Area",2017,487784,1/1/15,2015,2016,1,Low Op-Ex,22,0.19781483611270845
176,37900,"Peoria, IL Metro Area",2017,373637,11/1/15,2015,2016,1,Low Op-Ex,22,0.19781483611270845
177,19660,"Deltona-Daytona Beach-Ormond Beach, FL Metro Area",2017,649202,12/1/14,2014,2015,1,Mid Op-Ex,22,0.19781483611270845
178,38940,"Port St. Lucie, FL Metro Area",2017,473429,3/1/15,2015,2016,1,Low Op-Ex,22,0.19781483611270845
179,44140,"Springfield, MA Metro Area",2017,631652,1/1/15,2015,2016,1,Mid Op-Ex,22,0.19781483611270845
180,39340,"Provo-Orem, UT Metro Area",2017,617678,4/1/15,2015,2016,1,Mid Op-Ex,22,0.19781483611270845
181,39380,"Pueblo, CO Metro Area",2017,166475,9/1/16,2016,2017,1,Low Op-Ex,22,0.19781483611270845
182,39460,"Punta Gorda, FL Metro Area",2017,182033,10/1/15,2015,2016,1,Low Op-Ex,22,0.19781483611270845
183,39540,"Racine, WI Metro Area",2017,196071,11/1/15,2015,2016,1,Low Op-Ex,22,0.19781483611270845
184,25420,"Harrisburg-Carlisle, PA Metro Area",2017,571903,2/1/15,2015,2016,1,Mid Op-Ex,22,0.19781483611270845
185,39740,"Reading, PA Metro Area",2017,417854,5/1/15,2015,2016,1,Low Op-Ex,22,0.19781483611270845
186,39820,"Redding, CA Metro Area",2017,179921,3/1/16,2016,2017,1,Low Op-Ex,22,0.19781483611270845
187,20500,"Durham-Chapel Hill, NC Metro Area",2017,567428,6/1/14,2014,2015,1,Mid Op-Ex,22,0.19781483611270845
188,44060,"Spokane-Spokane Valley, WA Metro Area",2017,564291,6/1/14,2014,2015,1,Mid Op-Ex,22,0.19781483611270845
189,29540,"Lancaster, PA Metro Area",2017,542903,4/1/15,2015,2016,1,Mid Op-Ex,22,0.19781483611270845
190,40220,"Roanoke, VA Metro Area",2017,312688,11/1/14,2014,2015,1,Low Op-Ex,22,0.19781483611270845
191,38860,"Portland-South Portland, ME Metro Area",2017,532083,10/1/14,2014,2015,1,Mid Op-Ex,22,0.19781483611270845
192,40420,"Rockford, IL Metro Area",2017,338291,3/1/15,2015,2016,1,Low Op-Ex,22,0.19781483611270845
193,29620,"Lansing-East Lansing, MI Metro Area",2017,477656,8/1/14,2014,2015,1,Mid Op-Ex,22,0.19781483611270845
194,41100,"St. George, UT Metro Area",2017,165662,7/1/16,2016,2017,1,Low Op-Ex,22,0.19781483611270845
195,39900,"Reno, NV Metro Area",2017,465208,9/1/15,2015,2016,1,Mid Op-Ex,22,0.19781483611270845
196,42060,"Santa Maria-Santa Barbara, CA Metro Area",2017,448150,10/1/13,2013,2014,1,Mid Op-Ex,22,0.19781483611270845
197,41540,"Salisbury, MD-DE Metro Area",2017,405853,5/1/15,2015,2016,1,Low Op-Ex,22,0.19781483611270845
198,41500,"Salinas, CA Metro Area",2017,437907,8/1/14,2014,2015,1,Mid Op-Ex,22,0.19781483611270845
199,42020,"San Luis Obispo-Paso Robles-Arroyo Grande, CA Metro Area",2017,283405,7/1/14,2014,2015,1,Low Op-Ex,22,0.19781483611270845
200,42140,"Santa Fe, NM Metro Area",2017,148750,3/1/15,2015,2016,1,Low Op-Ex,22,0.19781483611270845
201,42220,"Santa Rosa, CA Metro Area",2017,504217,5/1/14,2014,2015,1,Low Op-Ex,22,0.19781483611270845
202,42340,"Savannah, GA Metro Area",2017,387543,5/1/15,2015,2016,1,Low Op-Ex,22,0.19781483611270845
203,42540,"Scranton-Wilkes-Barre-Hazleton, PA Metro Area",2017,555426,2/1/15,2015,2016,1,Low Op-Ex,22,0.19781483611270845
204,42680,"Sebastian-Vero Beach, FL Metro Area",2017,154383,8/1/15,2015,2016,1,Low Op-Ex,22,0.19781483611270845
205,43780,"South Bend-Mishawaka, IN-MI Metro Area",2017,321815,10/1/14,2014,2015,1,Low Op-Ex,22,0.19781483611270845
206,43900,"Spartanburg, SC Metro Area",2017,334391,7/1/15,2015,2016,1,Low Op-Ex,22,0.19781483611270845
207,45940,"Trenton, NJ Metro Area",2017,374733,5/1/14,2014,2015,1,Mid Op-Ex,22,0.19781483611270845
208,44100,"Springfield, IL Metro Area",2017,207596,2/1/15,2015,2016,1,Low Op-Ex,22,0.19781483611270845
209,11460,"Ann Arbor, MI Metro Area",2017,367627,4/1/14,2014,2015,1,Mid Op-Ex,22,0.19781483611270845
210,44180,"Springfield, MO Metro Area",2017,461469,11/1/16,2016,2017,1,Low Op-Ex,22,0.19781483611270845
211,44300,"State College, PA Metro Area",2017,162660,2/1/15,2015,2016,1,Low Op-Ex,22,0.19781483611270845
212,14500,"Boulder, CO Metro Area",2017,322514,2/1/14,2014,2015,1,Mid Op-Ex,22,0.19781483611270845
213,28420,"Kennewick-Richland, WA Metro Area",2017,290296,12/1/16,2016,2017,1,Mid Op-Ex,22,0.19781483611270845
214,45220,"Tallahassee, FL Metro Area",2017,385473,9/1/14,2014,2015,1,Low Op-Ex,22,0.19781483611270845
215,36500,"Olympia-Tumwater, WA Metro Area",2017,280588,6/1/15,2015,2016,1,Mid Op-Ex,22,0.19781483611270845
216,45780,"Toledo, OH Metro Area",2017,603668,11/1/14,2014,2015,1,Low Op-Ex,22,0.19781483611270845
217,45820,"Topeka, KS Metro Area",2017,233149,11/1/15,2015,2016,1,Low Op-Ex,22,0.19781483611270845
218,42100,"Santa Cruz-Watsonville, CA Metro Area",2017,275897,6/1/14,2014,2015,1,Mid Op-Ex,22,0.19781483611270845
219,12100,"Atlantic City-Hammonton, NJ Metro Area",2017,269918,5/1/14,2014,2015,1,Mid Op-Ex,22,0.19781483611270845
220,46140,"Tulsa, OK Metro Area",2017,990773,4/1/14,2014,2015,1,Low Op-Ex,22,0.19781483611270845
221,46220,"Tuscaloosa, AL Metro Area",2017,242279,8/1/16,2016,2017,1,Low Op-Ex,22,0.19781483611270845
222,46340,"Tyler, TX Metro Area",2017,227727,9/1/16,2016,2017,1,Low Op-Ex,22,0.19781483611270845
223,14740,"Bremerton-Silverdale, WA Metro Area",2017,266414,5/1/16,2016,2017,1,Mid Op-Ex,22,0.19781483611270845
224,46700,"Vallejo-Fairfield, CA Metro Area",2017,445458,11/1/14,2014,2015,1,Low Op-Ex,22,0.19781483611270845
225,47220,"Vineland-Bridgeton, NJ Metro Area",2017,152538,10/1/16,2016,2017,1,Low Op-Ex,22,0.19781483611270845
226,16580,"Champaign-Urbana, IL Metro Area",2017,241000,2/1/15,2015,2016,1,Mid Op-Ex,22,0.19781483611270845
227,47300,"Visalia-Porterville, CA Metro Area",2017,464493,6/1/15,2015,2016,1,Low Op-Ex,22,0.19781483611270845
228,47380,"Waco, TX Metro Area",2017,267554,1/1/15,2015,2016,1,Low Op-Ex,22,0.19781483611270845
229,47580,"Warner Robins, GA Metro Area",2017,192766,6/1/16,2016,2017,1,Low Op-Ex,22,0.19781483611270845
230,48620,"Wichita, KS Metro Area",2017,646542,9/1/14,2014,2015,1,Low Op-Ex,22,0.19781483611270845
231,48700,"Williamsport, PA Metro Area",2017,113841,11/1/16,2016,2017,1,Low Op-Ex,22,0.19781483611270845
232,48900,"Wilmington, NC Metro Area",2017,288156,7/1/14,2014,2015,1,Low Op-Ex,22,0.19781483611270845
233,49020,"Winchester, VA-WV Metro Area",2017,139223,9/1/16,2016,2017,1,Low Op-Ex,22,0.19781483611270845
234,49180,"Winston-Salem, NC Metro Area",2017,667733,8/1/14,2014,2015,1,Low Op-Ex,22,0.19781483611270845
235,12700,"Barnstable Town, MA Metro Area",2017,213444,5/1/15,2015,2016,1,Mid Op-Ex,22,0.19781483611270845
236,49420,"Yakima, WA Metro Area",2017,250193,12/1/16,2016,2017,1,Low Op-Ex,22,0.19781483611270845
237,49620,"York-Hanover, PA Metro Area",2017,446078,7/1/15,2015,2016,1,Low Op-Ex,22,0.19781483611270845
238,49660,"Youngstown-Warren-Boardman, OH-PA Metro Area",2017,541926,6/1/16,2016,2017,1,Low Op-Ex,22,0.19781483611270845
239,49700,"Yuba City, CA Metro Area",2017,173679,4/1/16,2016,2017,1,Low Op-Ex,22,0.19781483611270845
240,49740,"Yuma, AZ Metro Area",2017,207534,3/1/16,2016,2017,1,Low Op-Ex,22,0.19781483611270845
