CLUSTER_APTA4,RAIL_FLAG,Year,CLUSTER_APTA,UPT_ADJ_base,UPT_ADJ,UPT_ADJ_diff,fitted_exp,fitted_exp_diff,VRM_ADJ,FARE_per_UPT_2018,POP_EMP,GAS_PRICE_2018,TOTAL_MED_INC_INDIV_2018,Tot_NonUSA_POP_pct,PCT_HH_NO_VEH,TSD_POP_PCT,JTW_HOME_PCT,YEARS_SINCE_TNC_BUS,YEARS_SINCE_TNC_RAIL,BIKE_SHARE_BUS,scooter_flag_BUS,BIKE_SHARE_RAIL,scooter_flag_RAIL,VRM_ADJ_log_FAC,FARE_per_UPT_2018_log_FAC,POP_EMP_log_FAC,GAS_PRICE_2018_log_FAC,TOTAL_MED_INC_INDIV_2018_log_FAC,Tot_NonUSA_POP_pct_FAC,PCT_HH_NO_VEH_FAC,TSD_POP_PCT_FAC,JTW_HOME_PCT_FAC,YEARS_SINCE_TNC_BUS_FAC,YEARS_SINCE_TNC_RAIL_FAC,BIKE_SHARE_BUS_FAC,scooter_flag_BUS_FAC,BIKE_SHARE_RAIL_FAC,scooter_flag_RAIL_FAC,FAC_Sum,Known_FAC,Unknown_FAC,Observed_Change,YEARS_SINCE_TNC,BIKE_SHARE,scooter_flag,YEARS_SINCE_TNC_FAC,BIKE_SHARE_FAC,scooter_flag_FAC
1.0,0,2002,190,0.0,2013178760.8600004,0.0,1848163410.5760622,0.0,,,,,,,,,,,,,,,,0.0,0.0,0.0,0.0,0.0,0.0,0.0,0.0,0.0,0.0,0.0,0.0,0.0,0.0,0.0,0.0,0.0,0.0,0.0,,,,0.0,0.0,0.0
1.0,0,2003,190,2013178760.8600004,2013821311.8699994,642551.0099996328,1971339666.4224343,123176255.84637234,52483905.454952925,5.35066785186388,7061254.271372743,2.255925627644666,40665.69953605673,1.3333803362494374,10.087487836964096,0.5002240753933533,3.954057944506384,0.0,0.0,0.0,0.0,0.0,0.0,53540723.19920197,38890837.18663944,19440107.354504883,31631389.81306791,12986476.283554245,496928.55429331656,-1701128.074052129,-14866487.699569937,0.0,0.0,0.0,0.0,0.0,0.0,0.0,140418846.61763972,149338468.46643466,-148695917.456435,642551.0099996328,0.0,0.0,0.0,0.0,0.0,0.0
1.0,0,2004,190,2013821311.8699994,2041332579.5800004,27511267.710000124,2032563494.8949862,61223828.472551316,53263464.80297187,5.466337623637629,7213576.9439885765,2.5732992772594603,39654.80033522248,1.360412862485001,10.029921523471042,0.48008679570551765,3.959746586294826,0.0,0.0,0.0,0.0,0.0,0.0,16867549.785721906,-12854942.725700451,23282544.973599326,32483155.016417712,18950210.80219401,636963.7494560888,-1712057.689750096,-14005045.462290348,0.0,0.0,0.0,0.0,0.0,0.0,0.0,63648378.44964815,64212569.30574913,-36701301.59574901,27511267.710000124,0.0,0.0,0.0,0.0,0.0,0.0
1.0,0,2005,190,2041332579.5800004,2063004732.430001,21672152.850000918,2074231680.9710734,41668186.07608772,51970829.05469548,5.528897332563587,7409766.048200094,3.030197473706255,38477.03398177026,1.3977015393189882,9.948034005809658,0.4612784057156522,3.9480981300794205,0.0,0.0,0.0,0.0,0.0,0.0,-25624240.469308138,-1584757.1872500759,23993802.570907265,42412984.817607984,17405303.933211423,733451.321902524,-1940521.3822857235,-12651428.806981634,0.0,0.0,0.0,0.0,0.0,0.0,0.0,42744594.79780361,42108857.58348545,-20436704.733484536,21672152.850000918,0.0,0.0,0.0,0.0,0.0,0.0
1.0,0,2006,190,2063004732.430001,2071799487.9699998,8794755.539999403,2137661871.6187785,63430190.64770539,52066320.033205844,5.485057718041754,7653103.317713079,3.319809976595151,36885.56924720984,1.3904347473348977,9.794891938327652,0.44109492696673996,4.317015141053337,0.0,0.0,0.0,0.0,0.0,0.0,4076443.252187241,907349.5062707721,30455998.555865407,24666397.057972386,28368594.123786215,169003.38364732568,-1589407.6451905274,-14150566.866867797,-6606465.372408882,0.0,0.0,0.0,0.0,0.0,0.0,66297345.99526212,66491871.2577185,-57697115.717719115,8794755.539999403,0.0,0.0,0.0,0.0,0.0,0.0
1.0,0,2007,190,2071799487.9699998,2090532280.4199991,18732792.449998964,2164930655.897321,27268784.27854287,53406452.62830065,5.577975077884553,7706491.438351352,3.49041302011358,37448.31570790235,1.4395934516417621,9.546150534692952,0.43727182622896227,4.444573536729893,0.0,0.0,0.0,0.0,0.0,0.0,28444215.312974047,-7478886.333391717,10149995.817470431,13733838.161419086,-10102898.154728377,2644308.9302513427,-2604506.934537273,-5084788.043302991,-2093991.0226206214,0.0,0.0,0.0,0.0,0.0,0.0,27607287.73353394,27472008.214664966,-8739215.764666,18732792.449998964,0.0,0.0,0.0,0.0,0.0,0.0
1.0,0,2008,190,2090532280.4199991,2172421239.8199997,81888959.40000081,2242646107.0163097,77715451.11898807,54111882.80165494,5.445940144796126,7762978.81906725,3.9171743553592844,37456.14493782707,1.4734511425993606,9.668662112144645,0.4292863913707484,4.520796896548886,0.0,0.0,0.08864437341420488,0.0,0.0,0.0,18944520.385441527,16213608.0216328,7380610.07789314,32657085.088171415,-575255.2444520642,2229929.6039510695,2479924.801830637,-6173197.916562086,-1412173.8089341074,0.0,0.0,1475769.4413017773,0.0,0.0,0.0,73220820.4502741,74256773.52101648,7632185.878984323,81888959.40000081,0.0,0.08864437341420488,0.0,0.0,1475769.4413017773,0.0
1.0,0,2009,190,2172421239.8199997,2087736682.3600006,-84684557.45999914,2128047714.3903444,-114598392.62596501,54108013.706133805,6.0447202906766995,7728320.619517108,2.863573123989129,35764.969006346306,1.4823620734469511,9.815546830351742,0.418830699145324,4.72232417975163,0.0,0.0,0.08862957725268496,0.0,0.0,0.0,-1545821.9278519768,-49080716.19548968,-1882362.6635144395,-87767083.92221469,36057896.37395478,696561.7582720763,2392489.3901166683,-7867673.555881878,-3517297.9639409543,0.0,0.0,0.0,0.0,0.0,0.0,-112514008.70655009,-112310853.90522829,27626296.445229147,-84684557.45999914,0.0,0.08862957725268496,0.0,0.0,0.0,0.0
1.0,0,2010,190,2087736682.3600006,2019401363.6500006,-68335318.71000014,2120916029.9556453,-7131684.43469926,51447519.4528445,6.225549055125212,7710907.631749482,3.3201609749666927,34928.74012378555,1.5464631006927505,10.077648872858548,0.4142766523298002,4.964759719937558,0.0,0.0,0.16351082739232914,0.0,0.0,0.0,-51776790.566838175,-15671469.259849273,2390287.7036231016,40035075.96692286,19161922.928192325,4078507.298482009,3067186.494247786,-3822943.0748705585,-4270809.537017212,0.0,0.0,1229646.2033176967,0.0,0.0,0.0,-5579385.843789432,-6172906.216444507,-62162412.493555635,-68335318.71000014,0.0,0.16351082739232914,0.0,0.0,1229646.2033176967,0.0
1.0,0,2011,190,2019401363.6500006,2050937950.3099985,31536586.659997907,2153136326.2454534,32220296.28980822,50249004.96891801,6.43474122534871,7791753.40321123,4.056463003190802,34360.29596059512,1.5540574486852388,10.38042540872323,0.40373649845109566,4.87335348476702,0.13581241466742647,0.0,0.2229977604283966,0.0,0.0,0.0,-28986724.83631379,-9112396.172824606,10876578.899320768,55183960.13619799,10623300.003884358,183747.8523512343,4046637.8445448913,-5839183.013927304,1224651.578308192,-6620453.473395253,0.0,925271.565897606,0.0,0.0,0.0,32505390.3840441,31563862.044871863,-27275.384873949923,31536586.659997907,0.13581241466742647,0.2229977604283966,0.0,-6620453.473395253,925271.565897606,0.0
1.0,0,2012,190,2050937950.3099985,2080704081.9599996,29766131.65000101,2122780999.9436817,-30355326.301771875,49478187.99001496,6.46834191830718,7908357.146095779,4.089478005335446,34214.69037305115,1.5983191471268596,10.279850774934046,0.40441768209323176,4.978185009806739,0.6028920026630268,0.0,0.2609773777793215,0.0,0.0,0.0,-23085326.3499255,-1449961.0242928176,13562481.260943595,2174673.02759148,3588639.254308838,2274161.4997545965,-1479812.910564477,-250405.65169211334,-1856316.5203705775,-23162311.659336116,0.0,534329.0344453881,0.0,0.0,0.0,-29149850.039137706,-29104632.91013068,58870764.56013169,29766131.65000101,0.6028920026630268,0.2609773777793215,0.0,-23162311.659336116,534329.0344453881,0.0
1.0,0,2013,190,2080704081.9599996,2076740891.8499997,-3963190.1099996045,2079510783.288792,-43270216.65489016,50324420.29329508,6.607717984718422,8026528.278986341,3.925470440205989,34453.716796843946,1.6299070573336454,10.039571886962724,0.404750500679686,4.9806884995005385,1.3755336853782463,0.0,0.2602147134204588,0.0,0.0,0.0,17140002.367213644,-12988471.16024625,12348397.884967785,-11543981.770312065,-5873126.893340227,1589200.0547976778,-3753965.472382558,-213914.5216902148,-42697.15373691227,-38854616.20441955,0.0,0.0,0.0,0.0,0.0,-42193172.86914866,-42017640.112325564,38054450.00232597,-3963190.1099996045,1.3755336853782463,0.2602147134204588,0.0,-38854616.20441955,0.0,0.0
1.0,0,2014,190,2076740891.8499997,2061718570.8300004,-15022321.019999355,2038258613.3176355,-41252169.97115619,50223570.183348216,6.582313242988343,8095352.848462552,3.718003272456098,34787.06534870744,1.6700000960977246,9.994075815747607,0.40462460412216017,5.179472251950495,2.2157307670341573,0.0,0.6129438723894217,0.0,0.0,0.0,2654034.6676841597,1656670.8778088905,14429671.000441097,-15258399.597832045,-6057212.983974431,2056629.1861906531,-666355.6617345705,136038.94404955985,-3648782.0740496316,-42368490.51836108,0.0,5796866.199064055,0.0,0.0,0.0,-41269329.96071333,-41407841.71945966,26385520.699460298,-15022321.019999355,2.2157307670341573,0.6129438723894217,0.0,-42368490.51836108,5796866.199064055,0.0
1.0,0,2015,190,2061718570.8300004,2028750453.35,-32968117.48000024,1925320198.1099105,-112938415.207725,50424224.67582978,6.752682595255455,8082812.785164409,2.7759125093228216,35991.688226362494,1.7173191540562145,9.894859252774383,0.40201277315291506,5.288704363195592,3.2043274856521315,0.0,0.9117790126288787,0.0,0.0,0.0,22607907.33981908,-6597181.929713666,13008751.716530899,-77797604.0095509,-22094925.40854725,2691208.6570355333,-1109199.2447028926,301780.3350988583,-1693878.248885797,-49768551.930383906,0.0,4972639.764612169,0.0,0.0,0.0,-115479052.95868784,-114469433.7310877,81501316.25108747,-32968117.48000024,3.2043274856521315,0.9117790126288787,0.0,-49768551.930383906,4972639.764612169,0.0
1.0,0,2016,190,2028750453.35,1944704725.5400004,-84045727.81000009,1849748933.7886422,-75571264.32126828,51123819.19688877,6.911911621622314,8157897.828269672,2.460365134718857,36829.108442807395,1.7686627855863124,9.802246874403838,0.40223915309673225,5.794800445694748,4.213177422243261,0.0,0.9834004714407375,0.0,0.0,0.0,15628701.93565439,-7701090.898439095,10358850.384626009,-29756827.056996282,-14575991.41020244,3097045.8653728985,-1769120.367232518,714103.1336748983,-8983086.158421889,-48972722.91178519,0.0,1185648.162072154,0.0,0.0,0.0,-80774489.32167707,-80111683.95376687,-3934043.8562332164,-84045727.81000009,4.213177422243261,0.9834004714407375,0.0,-48972722.91178519,1185648.162072154,0.0
1.0,0,2017,190,1944704725.5400004,1875434228.5500002,-69270496.99000001,1847115890.9747643,-2633042.8138778694,51778554.772771336,6.78035975432574,8222438.729786193,2.683435885459036,37568.39923908472,1.766874855198217,9.656255781504733,0.40290066685273096,5.962183440426628,5.227692676736334,0.0,0.9841508986247558,0.0,0.0,0.0,13678003.875122765,13188553.450786678,11801586.469757764,20529825.937896106,-11062694.984501336,238748.6916700765,-2229878.3541417234,259729.0120630552,-2748190.3654298894,-46943913.437873825,0.0,0.0,0.0,0.0,0.0,-3288229.704650333,-3961041.451154695,-65309455.53884533,-69270496.99000001,5.227692676736334,0.9841508986247558,0.0,-46943913.437873825,0.0,0.0
1.0,0,2018,190,1875434228.5500002,1832287979.439999,-43146249.11000061,1811349467.1361077,-35766423.83865678,52161249.58708207,6.641983844030031,8307363.782743464,2.974557054956232,38392.409918227684,1.780137210309408,9.506018411376298,0.401928204835323,6.210408509376568,6.23959203920332,0.0,1.0,0.6912521023210264,0.0,0.0,8777390.82006716,10984204.514255872,9798751.515556408,23977429.6745294,-12778903.834883694,901746.4833698728,-1975148.593959692,348265.67750599294,-4065083.726311319,-45271768.473247334,0.0,229505.64463979838,-26932134.673504774,0.0,0.0,-36005744.971982315,-36693925.53000965,-6452323.579990955,-43146249.11000061,6.23959203920332,1.0,0.6912521023210264,-45271768.473247334,229505.64463979838,-26932134.673504774
1.0,1,2002,140,0.0,1217256111.0269995,0.0,1124459914.6566694,0.0,,,,,,,,,,,,,,,,0.0,0.0,0.0,0.0,0.0,0.0,0.0,0.0,0.0,0.0,0.0,0.0,0.0,0.0,0.0,0.0,0.0,0.0,0.0,,,,0.0,0.0,0.0
1.0,1,2003,140,1217256111.0269995,1210060392.486,-7195718.540999226,1201430967.168745,76971052.51207551,55598614.740301445,8.175849748222955,8024107.4338277485,2.2185508441321966,43194.72716824962,1.4576503356051047,11.119747420435216,0.44649507431630164,3.8907260148106575,0.0,0.0,0.0,0.0,0.0,0.0,48417793.4446832,3995095.4915796584,10934344.165499398,18265133.406678017,9897413.96007476,494873.44250439317,-713608.366482116,-7584489.4137415495,0.0,0.0,0.0,0.0,0.0,0.0,0.0,83706556.13079575,84995095.5290025,-92190814.07000174,-7195718.540999226,0.0,0.0,0.0,0.0,0.0,0.0
1.0,1,2004,160,1210060392.486,1282836170.9450004,62141084.4590003,1245916218.964741,32018737.876460865,55835259.77144951,7.9025819106314,8200442.47499983,2.5435590711768685,41816.14348648929,1.4740098520711356,11.066499858588198,0.4345118567374887,3.8903937839924514,0.0,0.0,0.0,0.0,0.0,0.0,-5738957.323307876,5634393.829714565,13095185.624980098,20033037.156807493,13467544.656219188,631315.0908930465,-710883.8475734601,-7244668.366167561,0.0,0.0,0.0,0.0,0.0,0.0,0.0,39166966.821565494,39875458.75949749,22265625.699502796,62141084.4590003,0.0,0.0,0.0,0.0,0.0,0.0
1.0,1,2005,160,1282836170.9450004,1322277913.872999,39441742.927998275,1326611479.9447737,80695260.98003283,55135498.15694219,8.205105653442404,8282119.388194096,3.0064734269246913,40495.78427145745,1.4994967395379681,10.955719608948735,0.4110202286050493,3.879247095634287,0.0,0.0,0.0,0.0,0.0,0.0,81387742.2130463,-5442131.87788105,14199918.551611051,27161182.178990178,13090764.757200506,652581.6027127965,-795385.3931043557,-6836229.4962613145,0.0,0.0,0.0,0.0,0.0,0.0,0.0,123418442.5363141,126645942.40043758,-87204199.47243929,39441742.927998275,0.0,0.0,0.0,0.0,0.0,0.0
1.0,1,2006,160,1322277913.872999,1377657405.0040002,55379491.13100163,1395002092.204831,68390612.26005745,56638205.04435342,8.202258567802355,8530098.30902048,3.2973563621656417,38714.35870689819,1.5101219328296385,10.838959210300334,0.39934226951603125,4.159881422453225,0.0,0.0,0.0,0.0,0.0,0.0,33210720.151365392,-9061167.85771591,18728348.624485474,15920346.568060093,20850687.277862888,665238.0533810091,-598537.2786925528,-8066064.183285388,-3198005.614634724,0.0,0.0,0.0,0.0,0.0,0.0,68451565.74082628,68984600.97084987,-13605109.839848224,55379491.13100163,0.0,0.0,0.0,0.0,0.0,0.0
1.0,1,2007,170,1377657405.0040002,1428449159.2100003,22915072.3659997,1472841292.469668,49962518.4248368,60284996.80796292,8.516100046462396,8585458.433487013,3.4594876557524437,39227.3526282997,1.527945278534024,10.677180767970187,0.3929134839575381,4.378944703770445,0.0,0.0,0.0,0.0,0.0,0.0,58307380.582359925,-6833862.451372603,5637829.126055418,8739024.741234004,-6225867.932001166,828756.0930213456,-1354162.02273756,-2855146.84194305,-2613274.9600385595,0.0,0.0,0.0,0.0,0.0,0.0,53630676.334577754,53279298.65500609,-30364226.28900639,22915072.3659997,0.0,0.0,0.0,0.0,0.0,0.0
1.0,1,2008,160,1400572477.3700001,1467305277.13,66732799.760000214,1491225140.3607445,46260529.73107669,61208030.08068349,8.854479979731602,8592559.37548086,3.8951427651862254,39205.39126707254,1.5774365417301393,10.745553661531751,0.3905362356150058,4.488614210047919,0.0,0.0,0.0,0.0,0.2029491981976943,0.0,24961402.408574536,-10182839.337615184,4874702.7825535145,22389494.917088326,86046.80356925982,2142494.467144479,1460467.7242371154,-3949648.519217208,-1078392.6400993527,0.0,0.0,0.0,0.0,4940124.85430719,0.0,45643853.46054267,45861585.94370024,20871213.816299982,66732799.760000214,0.0,0.2029491981976943,0.0,0.0,4940124.85430719,0.0
1.0,1,2009,170,1467305277.13,1444866088.8600004,-33787529.27000001,1435639824.3029575,-70332894.74648643,61023023.21466336,9.543726054025846,8550597.173212195,2.8315597166060837,37594.70858202843,1.5828636628404709,10.876136549916126,0.3810519612190911,4.649087571608058,0.0,0.0,0.0,0.0,0.2008706928230359,0.0,2934994.3104082113,-27606430.392871182,-814365.0571867349,-60090049.91735367,21711359.993244026,229523.71257444093,1411216.257392232,-5044818.080212025,-2012647.0797141832,0.0,0.0,0.0,0.0,0.0,0.0,-69281216.25371888,-69320167.91573708,35532638.645737074,-33787529.27000001,0.0,0.2008706928230359,0.0,0.0,0.0,0.0
1.0,1,2010,170,1444866088.8600004,1441831082.962,-3035005.898000255,1471906435.0457695,36266610.742811665,60958927.91860274,9.439050975038574,8579363.8764566,3.2909476194158027,36763.10604950315,1.642463060016712,11.153712921805182,0.378569216200063,4.881870724305899,0.0,0.0,0.0,0.0,0.22592186437675416,0.0,-3767277.787034059,-3146934.196422191,2383479.8667393215,28072041.649064675,12136494.399693444,2717032.486994991,2969354.0875081904,-2964306.609770621,-2928397.9303476927,0.0,0.0,0.0,0.0,516056.2050161477,0.0,35987542.171442196,36264800.66128101,-39299806.55928126,-3035005.898000257,0.0,0.22592186437675416,0.0,0.0,516056.2050161477,0.0
1.0,1,2011,160,1204497030.5619996,1242931036.1000009,38434005.53800097,1246113814.4717052,37121747.01472509,62893251.18041501,8.287723537692752,9031379.174577445,4.032286975588402,36105.90867863218,1.583647505880178,11.04346480895354,0.4459709553056048,4.870275765180182,0.0,0.15344799907540002,0.0,0.0,0.26707245837700816,0.0,250347.51365969935,-7800044.702626851,6407175.937976297,33180695.716211375,5038894.6836987445,60019.48100790486,3178062.6359670805,-3964707.7215745673,1098434.4979463366,0.0,-920923.0382761625,0.0,0.0,0.0,0.0,36527955.00398985,36578835.57864731,1855169.959353662,38434005.53800097,0.15344799907540002,0.26707245837700816,0.0,-920923.0382761625,0.0,0.0
1.0,1,2012,160,1242931036.1000009,1251588185.69,8657149.589999434,1270452967.7225013,24339153.250795804,64861139.97405559,8.316822952411025,9144685.907492982,4.056259712826019,35680.007815267374,1.6250580324244095,10.965617809797804,0.4483148623801524,5.004702860924882,0.0,0.7885475453210461,0.0,0.0,0.2690046732754526,0.0,20476178.21580526,-3355814.120173884,7718081.062496627,910831.3312867443,3721689.365855652,1618865.9416844586,-665485.5221301486,16651.119300987673,-1382427.608114603,0.0,-3910179.7791055804,0.0,0.0,187491.57122217768,0.0,25335881.57812769,25513160.98488114,-16856011.39488171,8657149.589999434,0.7885475453210461,0.2690046732754526,0.0,-3910179.7791055804,187491.57122217768,0.0
1.0,1,2013,160,1251588185.69,1254206265.9300008,2618080.2400007807,1268013697.7752318,-2439269.947269356,67077574.84095546,8.73748874781534,9281042.54551551,3.8990437849523936,35808.626351237384,1.6510456754724558,10.642296726510818,0.4508443051837846,4.97998462490904,0.0,1.7081717749927152,0.0,0.0,0.26080860772910064,0.0,23735031.122518886,-15592906.528958354,6941520.405227194,-6721111.912971795,-2699110.7299084645,1117025.8220820285,-3335522.6067679347,-82799.08651339114,171064.75964048738,0.0,-5647458.925122595,0.0,0.0,0.0,0.0,-2114267.680773942,-2545661.4605117524,5163741.700512533,2618080.2400007807,1.7081717749927152,0.26080860772910064,0.0,-5647458.925122595,0.0,0.0
1.0,1,2014,160,1254206265.9300008,1298539921.4600008,44333655.52999975,1309361095.212745,41347397.4375133,68885001.20297296,8.586060002590068,9352516.985680323,3.6912250096637846,35841.620381878594,1.6893444957944126,10.547412268503304,0.4524292933013958,5.187396824585086,0.0,2.6245114032891594,0.0,0.0,0.5667511164464815,0.0,36826575.21774044,6921776.958106035,7643015.626992308,-9294959.084338333,-1339881.2640701358,1308585.2819199427,-686881.2079588205,149469.3760148196,-2158101.852781271,0.0,-5760480.223293578,0.0,0.0,6733538.148602301,0.0,40342656.9769337,40480271.98744215,3853383.5425576083,44333655.52999975,2.6245114032891594,0.5667511164464815,0.0,-5760480.223293578,6733538.148602301,0.0
1.0,1,2015,160,1298539921.4600008,1302950550.3799999,4410628.919999246,1265686092.2442727,-43675002.96847237,69649376.51864007,8.975952103564365,9397275.988895338,2.7345037682140476,36878.450036973205,1.7106617010158334,10.518116343920216,0.4553379829795176,5.252213358428571,0.0,3.6343051791460628,0.0,0.0,0.9583327823921148,0.0,23569533.397699084,-14948261.248977032,7430206.83059051,-50056953.935020015,-12617355.029455103,1188236.6481283938,-83678.21095999086,434274.5951159131,-490588.98262976273,0.0,-6470110.2354641035,0.0,0.0,8940977.164259749,0.0,-43103719.00671233,-43611378.8022268,48022007.72222604,4410628.919999246,3.6343051791460628,0.9583327823921148,0.0,-6470110.2354641035,8940977.164259749,0.0
1.0,1,2016,160,1302950550.3799999,1264766434.854999,-38184115.52500067,1239530987.9260347,-26155104.318237916,69199252.87945071,9.059787042870166,9459180.64558239,2.428254763741888,37529.46486441816,1.7474210875367713,10.401089364029422,0.4546159684515544,5.827588374551525,0.0,4.618691051118476,0.0,0.0,0.9915391604026839,0.0,9912621.49420502,-4023312.967015082,5739478.976494318,-18603549.65971828,-8457065.171538245,1736150.074460756,-833849.492940993,640379.73931569,-6551886.263886092,0.0,-6492086.652860679,0.0,0.0,741692.7488544834,0.0,-26191427.174629107,-26401271.73850697,-11782843.786493702,-38184115.52500067,4.618691051118476,0.9915391604026839,0.0,-6492086.652860679,741692.7488544834,0.0
1.0,1,2017,160,1264766434.854999,1238946473.182,-25819961.672999196,1277091677.4309912,37560689.50495632,71095430.86278903,8.492004017837912,9538852.832743235,2.6455167103003268,38104.93525979437,1.7316059764668565,10.260281728267987,0.45607885455862035,5.996468551459059,0.0,5.603543328541538,0.0,0.0,0.9921543093242053,0.0,21521374.756865904,13163861.207028609,6890573.988289285,13154974.053895827,-7729101.282587177,-92706.72113993493,-1166237.7890192615,223200.77204431372,-1736478.0643845082,0.0,-6301830.325267241,0.0,0.0,0.0,0.0,37927630.59572582,38014006.877929166,-63833968.550928354,-25819961.672999196,5.603543328541538,0.9921543093242053,0.0,-6301830.325267241,0.0,0.0
1.0,1,2018,160,1238946473.182,1225133304.0680003,-13813169.113999818,1235464323.257205,-41627354.173786014,71622795.06613,8.173576086530794,9592399.95092043,2.9186838426102857,38955.969471103854,1.7382401924041648,10.110086871150294,0.45515936156314174,6.268948773578374,0.0,6.597348861321859,0.0,0.0,1.0,0.600296988918218,8456056.955726363,10789846.911223501,5244601.402327692,15268481.439786104,-8592537.696351282,324060.77807496063,-1054122.887767909,305494.9228740373,-2847925.8069159207,0.0,-6173179.680386079,0.0,0.0,150445.39760812704,-61291995.69465586,-39420773.95845627,-40870712.438052356,27057543.324052542,-13813169.113999818,6.597348861321859,1.0,0.600296988918218,-6173179.680386079,150445.39760812704,-61291995.69465586
2.0,0,2002,1276,0.0,778178956.7415001,0.0,708358906.6987066,0.0,,,,,,,,,,,,,,,,0.0,0.0,0.0,0.0,0.0,0.0,0.0,0.0,0.0,0.0,0.0,0.0,0.0,0.0,0.0,0.0,0.0,0.0,0.0,,,,0.0,0.0,0.0
2.0,0,2003,1300,778178956.7415001,775775981.4899999,-7304362.251499938,744571392.4450992,31587203.75627248,12908835.60840402,4.186935665984399,2403008.0727950176,2.1950551632158297,34755.12973377819,1.137671414243909,7.99798360730081,0.3217011558402036,3.4324315209080285,0.0,0.0,0.04219972760187169,0.0,0.0,0.0,49203784.07805391,-3306271.6971856835,8082503.54082388,11250351.7674059,4936716.429439485,2306417.878223525,-729947.1172424512,-4168666.7416612757,0.0,0.0,0.0,0.0,0.0,0.0,0.0,67574888.13785726,67192656.37149741,-74497018.62299736,-7304362.251499945,0.0,0.04219972760187169,0.0,0.0,0.0,0.0
2.0,0,2004,1369,775775981.4899999,806099666.7919997,13796022.941999694,778032126.1108615,18455141.501043078,12461016.166213335,4.131545546614622,2454875.0737574925,2.5194365369455696,33581.613850308095,1.2398687952650846,7.811727477605825,0.31239198011136043,3.3918079825102425,0.0,0.0,0.041368121423869725,0.0,0.0,0.0,-11808749.51356418,3742119.009990412,8578619.919203497,12639416.764965588,7392441.864096537,1982616.2814377602,-711896.8841245009,-3627103.4991797064,0.0,0.0,0.0,0.0,0.0,0.0,0.0,18187463.942825403,18359773.913456727,-4563750.971457035,13796022.941999694,0.0,0.041368121423869725,0.0,0.0,0.0,0.0
2.0,0,2005,1416,806099666.7919997,823961656.7449999,4980140.850000303,831523190.1908046,39872332.57766422,12069229.537681317,4.269988917798368,2453902.9372829334,2.9792773704913986,32747.78588757139,1.3347775069135395,7.598245443137957,0.30157588470056657,3.4024327990114487,0.0,0.0,0.039573290145313016,0.0,0.0,0.0,45534015.1700106,-3008237.3389637237,9129442.769985346,16876789.782829266,7174428.599720435,1712713.183360149,-760835.6436472491,-3268603.7528774445,0.0,0.0,0.0,0.0,0.0,0.0,0.0,73389712.7704174,76450417.682719,-71470276.83271864,4980140.850000307,0.0,0.039573290145313016,0.0,0.0,0.0,0.0
2.0,0,2006,1416,823961656.7449999,853419670.0710002,29458013.326000296,871189188.6041387,39665998.413334236,11909415.524083985,3.999960924788827,2475672.88943841,3.2743397713421536,31409.315032437982,1.4456731520634243,7.3941622305410055,0.28774822712551956,3.5839633756376483,0.0,0.0,0.04026444158950405,0.0,0.0,0.0,-6543988.470519259,8856895.692200126,10739663.927883325,9868748.71880648,12118362.977963699,2159676.6120559904,-781546.0798558064,-3491516.781628118,-1297552.249339326,0.0,0.0,0.0,0.0,0.0,0.0,31628744.347567108,34670603.76804961,-5212590.442049312,29458013.326000296,0.0,0.04026444158950405,0.0,0.0,0.0,0.0
2.0,0,2007,1416,853419670.0710002,865948176.5539998,12528506.482999632,869386687.5236058,-1802501.0805327734,12254976.275466165,4.162926314226082,2524636.2135485313,3.4618484483758043,31958.150530259714,1.4671117903007096,7.294689537847234,0.2781930404043331,3.7987491606924033,0.0,0.0,0.04049963483631045,0.0,0.0,0.0,10607845.140700111,-13800076.715381207,5062546.72326803,6086394.80105892,-3434444.255143036,-75638.28132071975,-360752.79007338244,-2047589.8689969247,-1372922.6082828885,0.0,0.0,0.0,0.0,0.0,0.0,665362.1458289057,309478.01445033227,12219028.468549304,12528506.482999632,0.0,0.04049963483631045,0.0,0.0,0.0,0.0
2.0,0,2008,1439,865948176.5539998,930198237.9770002,64250061.4230002,901910404.4983336,32523716.97472749,12271693.971152246,4.150696317397344,2506005.6187389106,3.8796263824032304,31744.018304357367,1.5649370188202032,7.4912593602025535,0.27458627273135183,3.8461879555225393,0.0,0.0,0.0395421873122505,0.0,0.0,0.0,10426465.603276623,2164487.7727078865,2464177.7526851743,13317400.059948266,2063605.9912102865,2438193.014490221,1332458.9357869218,-1711058.4186541075,-267951.4601620497,0.0,0.0,0.0,0.0,0.0,0.0,32227779.25128922,33036074.618027497,31213986.80497272,64250061.4230002,0.0,0.0395421873122505,0.0,0.0,0.0,0.0
2.0,0,2009,1463,930198237.9770002,866054655.8029999,-72100754.17400034,854759465.2627417,-56657328.07194768,11925752.088055974,4.779050963419421,2484324.757854571,2.825157440965229,30154.424567602735,1.5403521637666515,7.53936974017709,0.2690431371496956,4.0938377883048185,0.0,0.0,0.04025625342124749,0.0,0.0,0.0,-7155474.511329016,-25202764.30503729,-2035945.1709531166,-37915905.93722715,16278493.41986815,-510670.31948123523,447186.29986570193,-1912323.3705845666,-1890987.59864975,0.0,0.0,0.0,0.0,0.0,0.0,-59898391.49352829,-58897431.5343896,-13203322.639610754,-72100754.17400034,0.0,0.04025625342124749,0.0,0.0,0.0,0.0
2.0,0,2010,1487,866054655.8029999,860444859.152,-8598535.865999795,878241279.2650559,19644148.885177065,11452138.223104142,4.59796592097756,2481081.834594458,3.2826546112320023,29637.52482259554,1.5846410879941242,7.745535071636713,0.26101770857851947,4.105276618220432,0.0,0.0,0.035541343486526565,0.0,0.0,0.0,-7948640.197061951,538259.8517942588,4150460.574982452,16869814.40869075,4585621.716438368,1490992.0666302391,1586450.245798659,-1842322.5959520368,64882.1973195028,0.0,0.0,0.0,0.0,0.0,0.0,19495518.268640246,19779289.97038378,-28377825.836383574,-8598535.865999795,0.0,0.035541343486526565,0.0,0.0,0.0,0.0
2.0,0,2011,1510,860444859.152,901436219.9499998,38076958.79799995,909475924.0808204,28651128.73087798,11110605.900956584,4.57350161867611,2467762.0252874163,4.019162834310655,29010.72739197836,1.6801643056979394,7.952638038629502,0.2544895463543362,4.213223918754438,0.0,0.0,0.04739928720150014,0.0,0.0,0.0,-7735346.498603667,1244788.3951692155,3348446.2457338725,23738294.540584102,5943278.599553889,1673152.5156695344,1395874.167070625,-1402855.023435585,-736390.9776782016,0.0,0.0,108201.84728016384,0.0,0.0,0.0,27577443.811343953,27552303.341293294,10524655.456706654,38076958.79799995,0.0,0.04739928720150014,0.0,0.0,108201.84728016384,0.0
2.0,0,2012,1510,901436219.9499998,920532215.4020001,19095995.45199977,906267232.3424212,-3208691.7383993957,10834762.453260267,4.62272587377604,2486834.2236414193,4.0368224916282776,28716.56112352389,1.6707909213403394,7.972084369749139,0.2513215440042415,4.2508867883739425,0.0,0.0,0.09414262712308934,0.0,0.0,0.0,-9244773.838681605,-2252138.403970991,4650146.683152295,520904.300598265,3358294.513678433,-571304.0263681288,225349.73921255028,-372766.05452315515,-143157.14953176727,0.0,0.0,319024.39835181803,0.0,0.0,0.0,-3510419.838082282,-3375140.9174481714,22471136.369447947,19095995.45199977,0.0,0.09414262712308934,0.0,0.0,319024.39835181803,0.0
2.0,0,2013,1510,920532215.4020001,906815649.3570001,-13716566.044999722,907533911.5765896,1266679.2341686345,10884228.649972068,4.710944251553637,2526826.2658186955,3.875855818658189,28840.24104871444,1.7429873318063451,7.858709298809265,0.24966509436124062,4.294508955568499,0.0,0.0,0.16016270314408781,0.0,0.0,0.0,4178869.7556089708,-4783264.231581784,8098359.221534665,-5003564.528111955,-1529161.6784723352,1890803.5105652688,-902773.0637349664,-702066.7426448922,-459651.61973022815,0.0,0.0,480513.90963295964,0.0,0.0,0.0,1268064.5330657065,1274239.0884404273,-14990805.13344015,-13716566.044999722,0.0,0.16016270314408781,0.0,0.0,480513.90963295964,0.0
2.0,0,2014,1510,906815649.3570001,904816190.3820001,-1999458.9749997621,908652822.6181288,1118911.0415391242,11015310.656805845,4.699826367888747,2550678.085841814,3.6617646219264084,28974.668758615993,1.7730124103243188,7.851681975421469,0.24694263642317693,4.39560499774047,0.1584070997471821,0.0,0.21726804660870533,0.0,0.0,0.0,9521321.2017081,-1143536.9696647834,5907186.615788771,-7004330.232655688,-1035852.0989144477,465953.23152486916,12005.820499254201,-315733.5386883615,-672870.7238806388,-3467522.3641923517,0.0,402587.2796187053,0.0,0.0,0.0,2669208.221143431,2673670.3731415775,-4673129.348141341,-1999458.974999764,0.1584070997471821,0.21726804660870533,0.0,-3467522.3641923517,402587.2796187053,0.0
2.0,0,2015,1510,904816190.3820001,881763265.638,-23052924.74400017,863456056.060426,-45196766.557703026,11313516.227424582,4.76406826176267,2569316.4606020227,2.6998939701449878,30116.174003735232,1.8671922121903874,7.659622963205838,0.24724099825849657,4.5701892188532645,0.9557992785538961,0.0,0.43197751245475025,0.0,0.0,0.0,16155619.01876405,-3330566.555193689,5836296.998851783,-35358207.35301019,-11562748.72774793,2397466.0057557914,-1253003.6574840127,-275700.68062955333,-1307177.8950191853,-17498807.809547905,0.0,1526833.911809785,0.0,0.0,0.0,-44669996.74345104,-44852062.08836508,21799137.34436492,-23052924.74400017,0.9557992785538961,0.43197751245475025,0.0,-17498807.809547905,1526833.911809785,0.0
2.0,0,2016,1510,881763265.638,841567595.514,-40195670.12400012,840399955.2145971,-23056100.845828526,11733256.764996577,4.941190339961066,2602533.58895865,2.3956500374083145,30937.317520138007,1.8836079203123601,7.520164064787212,0.24887644732522962,5.077603291772866,1.8657594957878472,0.0,0.575329243802122,0.0,0.0,0.0,17921584.67483393,-3518725.4166242015,5485861.084435894,-12745397.203339603,-7475718.81351068,454045.09299960337,-934452.5267777492,-309148.69940164936,-3889835.5956337666,-19544977.258650143,0.0,1047861.4422933515,0.0,0.0,0.0,-23508903.219375018,-23537893.405272122,-16657776.718727998,-40195670.12400012,1.8657594957878472,0.575329243802122,0.0,-19544977.258650143,1047861.4422933515,0.0
2.0,0,2017,1510,841567595.514,810138006.535,-31429588.979000054,841678025.7980632,1278070.5834664083,11887597.953659447,4.859828878839148,2634798.5283522476,2.6080274899967177,31096.2893328618,1.919638299070506,7.273893004833458,0.2476019286430569,5.269124731551445,2.7889508053782417,0.0,0.6896011065475318,0.0,0.0,0.0,6481550.056979484,2847647.668722973,5556156.740186754,8767981.954473073,-1475831.1516830488,998045.1616355872,-1614523.8304262606,-421339.9698851776,-1524100.0776086787,-18777181.737298954,0.0,773650.4051338036,0.0,0.0,0.0,1612055.2202295593,1181040.9060577422,-32610629.885057792,-31429588.979000054,2.7889508053782417,0.6896011065475318,0.0,-18777181.737298954,773650.4051338036,0.0
2.0,0,2018,1510,810138006.535,791862410.9180001,-18275595.616999805,837470286.3300525,-4207739.468011202,12145797.748958005,4.862200970329463,2647936.311409225,2.8872586880177376,31525.84581016298,1.955046671860296,7.031531907102345,0.24708903666292859,5.5597045506378,3.7657895985604477,0.0,0.8061629123553337,0.4064643618516293,0.0,0.0,9017868.40796325,3402648.7567956257,4876440.304289394,10235465.378644586,-3497956.3147362038,812157.9183139614,-1356014.7362957862,-365900.74604925903,-1988271.6712284537,-19310526.324768525,0.0,736322.9678992459,-6840911.225545822,0.0,0.0,-4278677.284717989,-4673985.456126683,-13601610.160873119,-18275595.616999805,3.7657895985604477,0.8061629123553337,0.4064643618516293,-19310526.324768525,736322.9678992459,-6840911.225545822
2.0,1,2002,153,0.0,47403324.62639998,0.0,42587970.272911,0.0,,,,,,,,,,,,,,,,0.0,0.0,0.0,0.0,0.0,0.0,0.0,0.0,0.0,0.0,0.0,0.0,0.0,0.0,0.0,0.0,0.0,0.0,0.0,,,,0.0,0.0,0.0
2.0,1,2003,177,47403324.62639998,47770157.107599966,-93131.51880002045,46459039.67227361,3478063.1881966144,3078293.312250452,4.898457816398556,2815664.576946653,2.225437553491178,34846.50633272215,0.6411938009969717,7.718462843683091,0.35929601819639256,3.544789841812436,0.0,0.0,0.0,0.0,0.3152371509334544,0.0,570871.0105924153,2269142.0106643494,414401.8568270587,699128.1866231759,308745.64392391127,188411.07363947958,15267.670219601612,-237009.2856085078,0.0,0.0,0.0,0.0,0.0,0.0,0.0,4228958.166881484,4435268.113516781,-4528399.632316801,-93131.51880002045,0.0,0.3152371509334544,0.0,0.0,0.0,0.0
2.0,1,2004,177,47770157.107599966,53224928.55789999,5454771.450300024,49952883.19314131,3493843.5208676998,2956169.1555828685,4.440233143801583,2839434.0596905868,2.5372859086156945,33859.08639974146,0.7931566740996876,7.662087826276338,0.35220975760910594,3.5956422339664678,0.0,0.0,0.0,0.0,0.30590405987329516,0.0,852911.4399444137,890411.4049850518,450360.75438761583,745202.8124996906,444585.1862322216,182138.8815964718,15899.185180786208,-232318.3024727807,0.0,0.0,0.0,0.0,0.0,0.0,0.0,3349191.362353471,3435758.6877105604,2019012.7625894635,5454771.450300024,0.0,0.30590405987329516,0.0,0.0,0.0,0.0
2.0,1,2005,177,53224928.55789999,60478554.92299997,7253626.365099977,55031032.85576506,5078149.662623742,3099041.2117155837,4.116014794404917,2925330.6838699253,2.9991478595394407,33134.30188613115,0.9106884943604289,7.551002889966417,0.34924963728444913,3.6434737382388933,0.0,0.0,0.0,0.0,0.2810732753492733,0.0,2406405.822975847,561198.2329997321,569508.6854078638,1106360.3732369205,434303.59610575694,174301.79667863253,8575.262724134325,-238114.0633501115,0.0,0.0,0.0,0.0,0.0,0.0,0.0,5022539.706778775,5195728.802649077,2057897.5624509004,7253626.365099977,0.0,0.2810732753492733,0.0,0.0,0.0,0.0
2.0,1,2006,199,60478554.92299997,67460493.81599995,6308829.892999992,60296064.6581544,4855776.830259797,3306257.0054992884,3.944406345409831,3040201.4316287665,3.280675160277671,31824.82104624202,1.0471365072654253,7.676971862400098,0.3355893069536132,3.6928654867638726,0.0,0.0,0.0,0.0,0.2662637197681444,0.0,2543932.645786314,497683.356482098,740697.08663362,715291.799723862,826831.0177324482,232649.68230905745,48087.261919048644,-288147.7760329666,-35743.75755696754,0.0,0.0,0.0,0.0,0.0,0.0,5281281.316996514,5417249.179474759,891580.713525234,6308829.892999992,0.0,0.2662637197681444,0.0,0.0,0.0,0.0
2.0,1,2007,220,67460493.81599995,72892598.37140007,3949848.06640012,64494845.845282175,1666522.455735582,3718071.9022188233,4.51031537985826,3058793.980520645,3.4838523859751263,32301.70944026959,1.0367683170415476,7.3836932962616535,0.32938544903122885,4.012029029141313,0.0,0.0,0.0,0.0,0.27729629508824105,0.0,3446223.1404581615,-1433825.6136396322,229240.94182453788,544992.27817782,-344994.48911218916,14330.571847008108,-125972.94853368973,-127334.63253935402,-202155.5056095784,0.0,0.0,0.0,0.0,0.0,0.0,2000503.7428730838,2010718.5725497834,1939129.4938503369,3949848.06640012,0.0,0.27729629508824105,0.0,0.0,0.0,0.0
2.0,1,2008,244,72892598.37140007,86115341.4492,8736104.48479993,76281173.64730805,7997746.632834857,4293563.037818044,4.741363882939157,3150801.3020653264,3.868136772877026,31928.971066952552,1.0319714487871048,7.624655001185677,0.311969724519124,3.9482787840634974,0.0,0.0,0.0,0.0,0.32588304616289093,0.0,6454983.018855353,-652778.409805606,48444.98947830306,1041774.0244057277,242733.47933925423,52116.358067983194,83232.1088986855,-118118.97847896136,10291.077381237435,0.0,0.0,0.0,0.0,0.0,0.0,7162677.668141976,7108579.952991309,1627524.5318086226,8736104.48479993,0.0,0.32588304616289093,0.0,0.0,0.0,0.0
2.0,1,2009,244,86115341.4492,76169010.00700001,-9946331.442199994,71830756.12263708,-4450417.524670975,3857198.2094952175,5.7786370626602706,2935827.1870810986,2.809125358038255,30650.91053009513,1.0357760075738005,7.901267127139484,0.3073683391447473,4.052135722856636,0.0,0.0,0.0,0.0,0.26311626498475066,0.0,431154.7867938584,-3311618.4757038793,-256638.3725217963,-3533805.807265775,1134466.2634606606,46192.8280517903,211412.70187530777,-165716.55504782576,-54937.04144154969,0.0,0.0,0.0,0.0,0.0,0.0,-5499489.671799208,-5382756.188145418,-4563575.254054573,-9946331.442199994,0.0,0.26311626498475066,0.0,0.0,0.0,0.0
2.0,1,2010,291,76169010.00700001,72829066.89839998,-4040356.108600042,73843291.2731404,1111961.6160973264,3659130.853911743,5.824902020991219,2900140.2604378127,3.285787713917826,29942.505389605456,1.0587347212253042,7.832678969795343,0.31341222876646957,4.040895439436771,0.0,0.0,0.0,0.0,0.23810363293855666,0.0,-568376.2063692729,-331277.56460268795,72261.84432334725,1520312.987962566,655775.6784891731,37819.59679345078,27462.416143804454,-74279.55984107779,50114.25452439513,0.0,0.0,0.0,0.0,0.0,0.0,1389813.4474236986,1437272.3060481213,-5477628.414648164,-4040356.108600042,0.0,0.23810363293855666,0.0,0.0,0.0,0.0
2.0,1,2011,291,72829066.89839998,76879438.59859999,4050371.700200019,79792999.85347539,5949708.580335019,3777688.8268319685,6.284712131975078,2830441.8059040224,3.9976367882630095,29258.041519244696,1.0533875119560534,8.318587672822892,0.3086123943467175,4.079702408694289,0.0,0.0,0.0,0.0,0.2166205564875441,0.0,3366433.2812939645,-303723.35037431447,224419.42509122263,1964099.4445988715,503181.8536650859,-12755.782365156403,234572.0901239998,-127775.06630356453,-58330.49515450812,0.0,0.0,0.0,0.0,0.0,0.0,5790121.400575601,5861330.443979033,-1810958.7437790148,4050371.700200019,0.0,0.2166205564875441,0.0,0.0,0.0,0.0
2.0,1,2012,313,76879438.59859999,83351590.23140004,4820841.632800052,86444604.60406287,4891281.674745377,4217213.362422415,6.337914114688581,2805645.4920648877,4.004140861572332,28841.241371451106,1.0385061715500021,8.396816355669687,0.308575851810426,4.316851721235951,0.0,0.0,0.0,0.0,0.2708684959281066,0.0,3887882.8667627545,290758.00262864074,355397.7199779871,35315.092637048605,349341.4976999179,-14474.33988361226,8998.606487588044,-26619.266443903074,-200544.3249352676,0.0,0.0,0.0,0.0,75063.04544607158,0.0,4761118.900377226,4724363.247379163,96478.38542088898,4820841.632800052,0.0,0.2708684959281066,0.0,0.0,75063.04544607158,0.0
2.0,1,2013,313,83351590.23140004,87337629.02039999,3986038.788999946,92074994.49717018,5630389.893107291,5199753.338470861,6.851261593455287,2812337.9604165987,3.8497704525523218,29485.394739307354,1.1308760446542885,8.121650257602237,0.31335213757849595,4.352965382622261,0.0,0.0,0.0,0.0,0.4951363915604427,0.0,6593265.173502605,-1235471.012951208,540430.466465798,-429390.39827082434,-582015.3335902914,192987.75974164935,-94646.0982140986,76883.50238861963,-10481.976292904264,0.0,0.0,0.0,0.0,341843.5061361845,0.0,5393405.588915531,5319788.783924629,-1333749.994924684,3986038.788999946,0.0,0.4951363915604427,0.0,0.0,341843.5061361845,0.0
2.0,1,2014,337,87337629.02039999,86656810.08079997,-1297229.9396000218,93764500.601625,885753.7449288035,5491127.218923612,6.981153902880463,2793322.925759193,3.637342935735004,29553.87704450369,1.1287741528159574,7.967752887379205,0.31771121103452876,4.436813490345256,0.0,0.2323464476836227,0.0,0.0,0.517493664081986,0.0,1478982.2356421067,28055.48374642362,441355.2023609192,-639412.9107314087,-83127.60343115576,1012.7048376431294,-7920.308463511449,-25156.260042358757,-46884.82440312916,0.0,-101109.92984925659,0.0,0.0,5157.110703399138,0.0,1050950.9003696719,1028838.4592943459,-2326068.3988943677,-1297229.9396000218,0.2323464476836227,0.517493664081986,0.0,-101109.92984925659,5157.110703399138,0.0
2.0,1,2015,360,86656810.08079997,86880456.18659997,-759409.0483999964,89853601.77371104,-4799479.022589941,5758234.5756876385,7.4104953334148345,2832504.4672665354,2.6683517970494437,31134.711068742254,1.220550819388011,7.586143027722435,0.3169343659444335,4.668531509815128,0.0,1.1439641499077537,0.0,0.0,0.6428165258801979,0.0,894561.4622336652,-700788.2149643722,498174.9660705204,-3414457.7485189093,-1494346.5586258918,126437.97640797593,-144970.09801102037,-28316.851270745592,-137255.465690961,0.0,-394627.428092184,0.0,0.0,157343.56339713398,0.0,-4638244.397064786,-4615609.953059151,3856200.904659154,-759409.0483999964,1.1439641499077537,0.6428165258801979,0.0,-394627.428092184,157343.56339713398,0.0
2.0,1,2016,406,86880456.18659997,86699955.03900002,-1362648.147599942,91055267.64608204,129506.96784687048,5732922.676614565,6.926569469189634,2816091.188366838,2.3674320402935596,31620.58093112007,1.2934977000507637,7.3670223133549815,0.31631363411992747,5.298002132282694,0.0,2.14922024547564,0.0,0.0,0.721588912854595,0.0,1763094.5438868161,922776.8121272853,419378.6440136197,-1266176.3478734924,-555762.9292266305,84562.70328908255,-189795.7243382821,-28135.581862211788,-494865.91399464227,0.0,-432890.9104332272,0.0,0.0,132475.06071220152,0.0,354660.3563005191,334046.83526096365,-1696694.982860906,-1362648.147599942,2.14922024547564,0.721588912854595,0.0,-432890.9104332272,132475.06071220152,0.0
2.0,1,2017,406,86699955.03900002,84712149.0852,-1987805.9538000233,92463488.48801832,1408220.8419362833,5621834.493169396,7.159932264171596,2808097.813929015,2.580177491632801,31433.29599126599,1.3540503008296585,7.117631285794236,0.3142363988339916,5.621001251678401,0.0,3.1368513001219305,0.0,0.0,0.8178146041794973,0.0,765285.4551330371,-103860.58240580138,444114.94274474407,929967.5818255685,109676.35156479862,184669.64050243437,-155516.21291584155,-46275.78431894259,-239234.5317928088,0.0,-431991.5446892103,0.0,0.0,156000.54666731245,0.0,1612835.8623152904,1662840.5139529544,-3650646.4677529777,-1987805.9538000233,3.1368513001219305,0.8178146041794973,0.0,-431991.5446892103,156000.54666731245,0.0
2.0,1,2018,406,84712149.0852,83454995.48339999,-1257153.6018000196,92062920.8598127,-400567.6282056343,5625721.345600326,7.021677755444767,2850048.24265527,2.871890062802857,31614.786907671212,1.4093232474585264,6.828609509619365,0.3138516806520866,6.02052351004419,0.0,4.142730957386518,0.0,0.0,0.8463159754463777,0.5655079465026764,2198987.576111064,538497.3852314771,387875.39152165275,1141490.9141925976,-161556.14306791418,153629.19700327486,-159008.1775373069,-40220.38667858909,-297822.69245564484,0.0,-422087.09474874375,0.0,0.0,37752.24034384515,-3947930.1968671908,-570391.9869514798,-568350.1609942804,-688803.4408057395,-1257153.6018000196,4.142730957386518,0.8463159754463777,0.5655079465026764,-422087.09474874375,37752.24034384515,-3947930.1968671908
3.0,0,2002,2500,0.0,131868854.2626,0.0,121289156.68871087,0.0,,,,,,,,,,,,,,,,0.0,0.0,0.0,0.0,0.0,0.0,0.0,0.0,0.0,0.0,0.0,0.0,0.0,0.0,0.0,0.0,0.0,0.0,0.0,,,,0.0,0.0,0.0
3.0,0,2003,2985,131868854.2626,155958259.0489,6177531.845900006,150020222.72713566,11589298.89365803,2174676.452795673,3.0193177431183527,610564.3488046176,2.1890859276368992,32897.984209361486,0.955458705041509,6.548514019463,0.20028885199163687,3.3701601969846946,0.0,0.0,0.022092305262610083,0.0,0.0,0.0,11324813.661156619,1782786.8644413361,1911344.5072923983,1875981.7832353453,1305071.7005697794,38575.657217510154,107808.97283957146,-588940.7355486349,0.0,0.0,0.0,0.0,0.0,0.0,0.0,17757442.411203925,19320522.391262308,-13142990.545362303,6177531.845900006,0.0,0.022092305262610083,0.0,0.0,0.0,0.0
3.0,0,2004,3509,155958259.0489,183377253.29609993,-9974690.800500015,184752123.1775502,736624.0262701146,2029653.829045825,3.204599475520573,597404.1050790545,2.5064149533464266,31337.171073549158,0.953368350902963,6.450292195135372,0.19323392126541397,3.333370097531726,0.0,0.0,0.022280221715673912,0.0,0.0,0.0,-3873136.2291188855,-3242642.922274681,2611902.3002010416,2571175.917042483,2062025.2576680465,28057.76967492951,107504.20740473164,-616293.9750704998,0.0,0.0,0.0,0.0,0.0,0.0,0.0,-351407.6744728303,511986.44074544334,-10486677.241245456,-9974690.800500015,0.0,0.022280221715673912,0.0,0.0,0.0,0.0
3.0,0,2005,3771,183377253.29609993,203845440.47750005,12138039.20240001,209806621.2661738,16482252.837592028,2103942.1493358393,2.7623276236298495,616793.601856792,2.977536984574335,29419.127507144898,0.9740080649240783,6.897686424190074,0.18700457708376975,3.1785770154120114,0.0,0.0,0.018455172842704894,0.0,0.0,0.0,3445700.396158467,1207248.3271148442,3279116.97486064,3983960.7587572853,2481541.2251505717,50526.89496527052,219017.39858178044,-644851.0275711921,0.0,0.0,0.0,0.0,0.0,0.0,0.0,14022260.948017662,15228136.705455855,-3090097.503055846,12138039.20240001,0.0,0.018455172842704894,0.0,0.0,0.0,0.0
3.0,0,2006,4293,203845440.47750005,237844128.6459,17388339.521700017,246484503.21457028,18142703.614687987,2060262.4789815855,2.7487146828860354,635125.1737261384,3.2590225520352702,27910.414674258885,0.9506155173630257,7.04385741775248,0.16714878603492206,3.5347218173339554,0.0,0.0,0.017397075640705507,0.0,0.0,0.0,6368557.940338015,-396735.86894801934,3965294.208542738,2413244.2822123226,4048295.271851319,14643.032379841214,229351.93525157566,-727172.8619454888,-585001.5913257728,0.0,0.0,0.0,0.0,0.0,0.0,15330476.348356517,16567413.242048519,820926.2796514821,17388339.521700017,0.0,0.017397075640705507,0.0,0.0,0.0,0.0
3.0,0,2007,4554,237844128.6459,259236389.5921,10866052.345899977,267430580.74088165,9368663.571015894,2030638.192709504,2.665135957368765,612258.4353509266,3.4374164418642725,28253.753865621253,0.9802394470142745,6.992219493624847,0.1608448591912641,3.6576054063712786,0.0,0.0,0.01638757828999361,0.0,0.0,0.0,6653780.166142785,-343940.704624431,1435843.036233336,1681503.5987692534,-823397.323869311,250473.96591940193,83889.96338530678,-222013.1279132414,-128435.46341636995,0.0,0.0,0.0,0.0,0.0,0.0,8587704.11062673,8680143.827682849,2185908.518217127,10866052.34589998,0.0,0.01638757828999361,0.0,0.0,0.0,0.0
3.0,0,2008,4554,259236389.5921,277583870.4560999,18347480.864000015,275195555.8035841,7764975.0627024295,2037821.342532985,2.5969192285374807,610630.7561036517,3.8590093041554656,28310.78351551639,1.0299694053852717,7.077644201634043,0.15615708367269854,3.722692002347416,0.0,0.0,0.01622413729267648,0.0,0.0,0.0,1989829.9877346829,702873.079631608,554006.4562655857,4033919.777341347,-423199.5126222314,439971.8399733957,23162.31776870677,-123287.41785363804,-106736.12336273458,0.0,0.0,0.0,0.0,0.0,0.0,7090540.404876724,7221649.909571838,11125830.954428183,18347480.864000015,0.0,0.01622413729267648,0.0,0.0,0.0,0.0
3.0,0,2009,4651,277583870.4560999,274774015.0833,-5842005.372800026,272358045.6188056,-5469394.613321388,2078026.4003778805,2.7185524462926507,605965.7379307385,2.7954636252645195,26949.466229882757,1.0227232627191847,7.205096101386995,0.1535887419017551,3.7247189708272543,0.0,0.0,0.016969681380478375,0.0,0.0,0.0,5659647.165374764,-3191130.972302379,-532847.1458812817,-11465574.585962709,4800356.222971699,13534.760899638277,259721.07041704078,-187617.3390812853,49447.06748364991,0.0,0.0,0.0,0.0,0.0,0.0,-4594463.756080857,-4779108.32444175,-1062897.0483582756,-5842005.372800026,0.0,0.016969681380478375,0.0,0.0,0.0,0.0
3.0,0,2010,4651,274774015.0833,278629975.0076,4678060.4779000105,279323438.7772325,7891839.204713003,2055097.8534877684,2.68629716180197,606666.1685006262,3.2430262392288256,26723.397794714052,1.0404001131596514,7.369515003821401,0.1516162194542677,3.9015870407932765,0.0,0.0,0.032418235288004076,0.0,0.0,0.0,861276.8055120978,715159.8005401905,1382255.7619790162,5373683.00111183,39333.16132185368,158156.9362368816,402101.9136727778,-321646.15419769357,-408026.29591489193,0.0,0.0,33543.415207715,0.0,0.0,0.0,8235838.3454697775,8213011.016556465,-3534950.5386564555,4678060.4779000105,0.0,0.032418235288004076,0.0,0.0,33543.415207715,0.0
3.0,0,2011,4682,278629975.0076,297115860.6866,16854344.67900004,291547571.063276,10512833.69021465,2038774.3403365894,2.5971965536906145,605138.014176367,3.9965014446963725,26662.795365030757,1.020642208639045,7.501498032206413,0.150825814732814,3.931554833049856,0.0,0.0,0.031164172909835537,0.0,0.0,0.0,-18925.29889075985,1243088.9168452881,821260.5825291665,7771683.912933562,514988.77990267216,-166001.90607190624,289805.35338236595,-109150.1571754041,-45461.684876029816,0.0,0.0,0.0,0.0,0.0,0.0,10301288.498578949,10361730.691862796,6492613.987137252,16854344.67900004,0.0,0.031164172909835537,0.0,0.0,0.0,0.0
3.0,0,2012,4781,297115860.6866,301331489.6386999,1138128.422099899,291058555.65700805,-3508049.4877947285,2028692.5542789046,2.7892334324222676,615679.7640092203,4.0099435083306405,26326.121989236373,1.0914913611711028,7.392618635861288,0.150232938623369,3.940466126441774,0.0,0.0,0.03972601138735615,0.0,0.0,0.0,-2558721.746138402,-4024036.2059806217,1121690.8058514602,100606.73596253424,1361431.958495831,475592.2443472523,-263877.44518988405,-90250.5342921325,-13532.517933329123,0.0,0.0,21777.757806773247,0.0,0.0,0.0,-3869318.9470705166,-3594476.1562357186,4732604.578335617,1138128.422099899,0.0,0.03972601138735615,0.0,0.0,21777.757806773247,0.0
3.0,0,2013,4815,301331489.6386999,298829110.7415001,-2512436.6511999005,288178482.58996236,-2954318.1545013334,2005800.7473064063,3.0029046884629804,620313.4607780842,3.8431710160004156,26200.286386873595,1.167451885126404,7.487232856701236,0.1470563270853518,3.865180552667463,0.0,0.0,0.04044414679200129,0.0,0.0,0.0,50533.01545482974,-4363948.2188931685,1879929.6188973938,-1568085.929263216,-27576.521158081647,605554.0640551742,299206.31186956377,-121385.77926564963,249719.90810545624,0.0,0.0,0.0,0.0,0.0,0.0,-2996053.5301977014,-3033640.3437985973,521203.69259869604,-2512436.6511999005,0.0,0.04044414679200129,0.0,0.0,0.0,0.0
3.0,0,2014,4815,298829110.7415001,299270807.5706,-600513.1709000614,291489612.866606,2264385.043277732,2001500.2708739827,2.9799202085961305,613010.1828020699,3.641835746370374,26630.083276861536,1.1567293145851574,7.386864788888275,0.14608292605447543,3.9888666466944125,0.0,0.0,0.061502140652884056,0.0,0.0,0.0,4771913.625431093,393729.23599354195,1246704.8183011315,-2291484.2129689576,-1359697.77559629,-79524.26846189394,-174823.5599866287,-102712.47364607744,-237692.2993163664,0.0,0.0,50272.62097828351,0.0,0.0,0.0,2216685.7107278346,2408604.5873413025,-3009117.758241367,-600513.1709000614,0.0,0.061502140652884056,0.0,0.0,50272.62097828351,0.0
3.0,0,2015,4847,299270807.5706,288673104.8486,-11045340.72199994,276817992.7160954,-15124507.606507156,2008919.7008611872,2.9938135581901006,609618.7127620875,2.6484397071331665,27447.60498446202,1.1705533538010726,7.130500065060147,0.14445624624799558,4.0386809853076935,0.5206043873418736,0.0,0.11571358026569505,0.0,0.0,0.0,3782167.7572728675,-1198614.4055382016,1197316.7181253668,-12094403.63464797,-3067177.076202423,160179.35529496023,-490512.2074059712,-85505.83991066147,-80750.10676055525,-3760952.090788739,0.0,128178.91631412163,0.0,0.0,0.0,-15510072.614247201,-15405080.3653559,4359739.643355968,-11045340.72199994,0.5206043873418736,0.11571358026569505,0.0,-3760952.090788739,128178.91631412163,0.0
3.0,0,2016,4879,288673104.8486,275683616.11149997,-12722764.552900014,267537159.02473247,-8989742.427469984,2049131.099419829,3.072346212997879,620853.1750384611,2.3548735286973512,27832.541632855733,1.2378602444791573,7.074122663597684,0.1437220580416047,4.553509924919334,1.2756508138655096,0.0,0.20177842024649043,0.0,0.0,0.0,2948308.0160293365,-1788281.2353973119,1084334.2451987949,-4010561.7506201323,-1285236.4246621798,615745.7579200832,-61540.94873902555,-33315.686120422855,-1266253.1274847318,-5250176.187680761,0.0,190285.63391346272,0.0,0.0,0.0,-8856691.707642889,-8738276.44744036,-3984488.1054596477,-12722764.552900014,1.2756508138655096,0.20177842024649043,0.0,-5250176.187680761,190285.63391346272,0.0
3.0,0,2017,4879,275683616.11149997,267438985.85299996,-8608560.930499986,266100842.92973152,-1879716.6101011066,2059764.5994617552,3.0903677858509337,624294.9209379528,2.571576591311322,28212.680026350634,1.2422117138146573,6.935511401363881,0.1433371569012868,4.856573662590066,2.1778138224575296,0.0,0.3768940199386979,0.0,0.0,0.0,2008881.029551199,-196136.40741369646,1012187.8842060387,2916014.0729372785,-1105960.5410745349,24279.752547572632,-214147.50814547658,-85714.05970447067,-634961.6973001617,-5985732.965305931,0.0,370456.5070698692,0.0,0.0,0.0,-1890833.9326323168,-2013915.3911019561,-6594645.5393980285,-8608560.930499986,2.1778138224575296,0.3768940199386979,0.0,-5985732.965305931,370456.5070698692,0.0
3.0,0,2018,4879,267438985.85299996,262581465.02949995,-4075915.3840000266,262951926.78027982,-2377098.10453944,2071579.809548729,3.091622312093408,629413.4411677879,2.824962393083693,28566.14360702157,1.2610736758224823,6.817977192821625,0.14250596887957795,5.19716949762229,3.161915763297882,0.0,0.5364548260176207,0.08100475520576385,0.0,0.0,1486621.9098204048,342563.6057876419,1026049.2958096571,3210778.45471567,-1280353.315720522,166937.9815828628,-165716.58475155666,-68026.67788338686,-780991.292652738,-6358295.275058055,0.0,347716.0866732916,-450057.19067655713,0.0,0.0,-2522773.0023532948,-2574186.9563964983,-1501728.4276035277,-4075915.3840000266,3.161915763297882,0.5364548260176207,0.08100475520576385,-6358295.275058055,347716.0866732916,-450057.19067655713
3.0,1,2002,33,0.0,75923.00099999999,0.0,50808.66725068644,0.0,,,,,,,,,,,,,,,,0.0,0.0,0.0,0.0,0.0,0.0,0.0,0.0,0.0,0.0,0.0,0.0,0.0,0.0,0.0,0.0,0.0,0.0,0.0,,,,0.0,0.0,0.0
3.0,1,2003,33,75923.00099999999,62647.991999999955,-13275.009000000035,43113.922697744565,-7694.7445529418765,1306.2059999999997,8.004772999999998,189409.41999999993,2.2467999999999995,27582.809380000024,0.08566048405782303,7.870000000000001,0.08214766787491311,2.0,0.0,0.0,0.0,0.0,0.0,0.0,-10842.971794621255,-4609.107008840005,1291.7244759130235,1144.0767392116588,1100.8151794947469,188.08246541016223,388.4837239714008,-97.6487927312987,0.0,0.0,0.0,0.0,0.0,0.0,0.0,-11436.545012191567,-11498.197650123515,-1776.8113498765197,-13275.009000000035,0.0,0.0,0.0,0.0,0.0,0.0
3.0,1,2004,33,62647.991999999955,69137.14500000005,6489.153000000093,45424.81355836447,2310.890860619904,1232.2529999999995,7.012292000000001,195857.07999999993,2.5669,26178.722500000007,0.1624167309839419,8.63,0.07896412969359999,2.0,0.0,0.0,0.0,0.0,0.0,0.0,-2175.958790974797,2000.3281650437132,1013.1711178770094,1011.9687552995069,1111.103300625696,139.69802114369293,343.19422952054015,-75.5424616583174,0.0,0.0,0.0,0.0,0.0,0.0,0.0,3367.962336877044,3357.9099996058153,3131.2430003942777,6489.153000000093,0.0,0.0,0.0,0.0,0.0,0.0
3.0,1,2005,67,69137.14500000005,244388.5559999998,15789.410999999876,140159.56734360266,10660.166248258138,1530.738,6.441872999999999,201970.00000000015,3.0314999999999994,24916.349999999984,0.2360340522297302,9.46,0.07640163208911725,2.0,0.0,0.0,0.0,0.0,0.0,0.0,9721.870986691387,1388.0376273061377,1025.9078678037658,1457.816410605928,1159.382627352988,147.8567079999724,413.73106686712947,-67.11196041778223,0.0,0.0,0.0,0.0,0.0,0.0,0.0,15247.491334209526,16224.908852580571,-435.4978525806946,15789.410999999876,0.0,0.0,0.0,0.0,0.0,0.0
3.0,1,2006,67,244388.5559999998,209573.41,-34815.145999999804,141810.021921155,1650.4545775523584,18729.733840934266,3.880013416888473,710474.6517348154,3.2195012543877057,27308.608090900132,0.6646855235838105,7.2685288509172254,0.05704222867472966,3.31774310086762,0.0,0.0,0.0,0.0,0.0,0.0,-5782.877809615633,-3037.697179881016,4554.988741269368,2969.7763755468486,3907.2342994764585,-703.9699721935838,-270.2228318367428,-280.4192352092907,-2236.958351873071,0.0,0.0,0.0,0.0,0.0,0.0,-880.1459643166618,-916.0974017294684,-33899.04859827034,-34815.145999999804,0.0,0.0,0.0,0.0,0.0,0.0
3.0,1,2007,67,209573.41,225576.92200000008,16003.51200000009,209394.89025505795,67584.86833390295,24231.615171145913,4.797295348517734,640840.5732838066,3.3679088222403784,26410.07428732205,0.7208205547735247,8.17243119964503,0.05940276191929924,2.756608106915854,0.0,0.0,0.0,0.0,0.0,0.0,97791.72175588651,-4568.4039247873525,861.3968882900072,1062.661977394232,598.2292163075681,711.2163517471047,635.4231461344984,-14.21605989799172,814.0016324470461,0.0,0.0,0.0,0.0,0.0,0.0,97892.03098352163,98136.1554740443,-82132.6434740442,16003.51200000009,0.0,0.0,0.0,0.0,0.0,0.0
3.0,1,2008,67,225576.92200000008,202789.077,-22787.845000000103,189668.07176599136,-19726.8184890666,24145.268757914066,4.549728693535494,679728.7586113731,3.808860618193026,26746.570056765457,0.6743777560925753,8.409476795148397,0.05821976621453577,3.163591064515013,0.0,0.0,0.0,0.0,0.0,0.0,-18688.44882929143,-1816.8963033309917,458.2909663270465,3794.251799190124,-386.60594277280495,-471.5309246683695,814.3923929041903,1.0227704753531945,-689.5565435932637,0.0,0.0,0.0,0.0,0.0,0.0,-16985.080614760147,-17269.963895576828,-5517.881104423275,-22787.845000000103,0.0,0.0,0.0,0.0,0.0,0.0
3.0,1,2009,67,202789.077,204546.96600000007,1757.889000000083,176910.45233062917,-12757.619435362183,22456.829056345156,4.988238619175394,650018.7967949768,2.739176248722213,26467.122245254064,0.716543033276175,8.590656621017118,0.05906630346967658,2.944118595204218,0.0,0.0,0.0,0.0,0.0,0.0,-3287.0201673368997,-2346.481217112816,-517.183700750682,-8561.389696493257,332.63124764802154,339.52837708258267,22.612237165638007,-14.181174072755745,415.9514284199951,0.0,0.0,0.0,0.0,0.0,0.0,-13615.532665450171,-13384.706784797003,15142.595784797086,1757.889000000083,0.0,0.0,0.0,0.0,0.0,0.0
3.0,1,2010,67,204546.96600000007,182488.78499999997,-22058.181000000113,192385.69781173984,15475.245481110658,32303.55759360461,5.219544313312036,685664.3543992281,3.1810028566935578,27228.31702697512,0.633454915342783,7.636799524662712,0.05768205915206431,2.5,0.0,0.0,0.0,0.0,0.0,0.0,25559.61925640309,-3912.963690844176,496.5001600291275,3989.6559671162386,-1667.9286040609436,-635.2054176422778,-1195.8681759567053,-32.44693722851525,839.056902813137,0.0,0.0,0.0,0.0,0.0,0.0,23440.419460628967,23434.108159726504,-45492.28915972662,-22058.181000000117,0.0,0.0,0.0,0.0,0.0,0.0
3.0,1,2011,67,182488.78499999997,179219.8600000001,-3268.924999999872,188216.6865516015,-4169.011260138315,25979.549015035696,4.559503049967701,690454.165351257,3.9275916243072144,26160.65264071543,0.5918273791690314,7.7623350245879505,0.05746701489573303,2.6586770304816265,0.0,0.0,0.0,0.0,0.0,0.0,-16424.001065708082,4081.058417690985,448.1173074228439,5180.356634666461,2561.862866805684,-219.45304111957864,164.42495817359128,-15.25185758595104,-251.89652921367409,0.0,0.0,0.0,0.0,0.0,0.0,-4474.782308867721,-5032.071035106167,1763.1460351062951,-3268.924999999872,0.0,0.0,0.0,0.0,0.0,0.0
3.0,1,2012,67,179219.8600000001,189983.34399999998,10763.48399999988,205268.73210865114,17052.045557049598,31982.974917080843,4.809089768139757,671608.5050736502,3.9383217925624985,26407.895234404266,0.7725572264056176,8.112068941466642,0.05929553214067641,2.4801084656577683,0.0,0.0,0.0,0.0,0.0,0.0,18177.080602179107,-1243.599662505787,-93.51344808507116,22.09185671609579,-804.1568830213776,1008.9287532388241,341.45333862001735,63.659556496776105,274.94241969502565,0.0,0.0,0.0,0.0,0.0,0.0,17746.88653333361,17718.629245900658,-6955.145245900778,10763.48399999988,0.0,0.0,0.0,0.0,0.0,0.0
3.0,1,2013,67,189983.34399999998,158526.00500000003,-31457.338999999934,190016.20367481938,-15252.528433831743,29899.357955175874,5.358655595082316,667565.6510089214,3.7751592521079105,25956.37790904617,0.6852818972161332,7.946218150997489,0.06023425626004518,2.7551722049907696,0.0,0.0,0.0,0.0,0.0,0.0,-8994.074505139124,-3925.5422116777577,-101.64327923160778,-1102.3726574788795,858.208952884865,-455.4658480657223,-260.4600729048278,46.78196480235222,-461.114871729638,0.0,0.0,0.0,0.0,0.0,0.0,-14395.68252854034,-14053.12694340495,-17404.212056594984,-31457.338999999934,0.0,0.0,0.0,0.0,0.0,0.0
3.0,1,2014,67,158526.00500000003,155398.66700000004,-3127.337999999989,183541.53495893633,-6474.668715883061,32976.8601958029,5.303941955298754,696243.3560341407,3.55438462958806,26002.1062156597,0.7302001435765928,7.545829713238532,0.05911158370904617,2.800526074570541,0.0,0.0,0.0,0.0,0.0,0.0,-2871.605977796086,-608.2799123229061,-300.65021538437014,-1224.0941126224523,112.11467190240975,124.97324756548193,-256.71671247392686,0.15682314237731276,-56.39131471238301,0.0,0.0,0.0,0.0,0.0,0.0,-5080.4935027018555,-5018.207618057628,1890.869618057638,-3127.337999999989,0.0,0.0,0.0,0.0,0.0,0.0
3.0,1,2015,67,155398.66700000004,144118.97099999993,-11279.696000000105,166450.4698726936,-17091.065086242736,35096.887240367054,4.335128750686723,750069.2834757566,2.4993882148358457,26937.713576521994,0.7308302478442709,7.74977992764893,0.057422544267202544,2.815826820444992,0.0,0.640288632591681,0.0,0.0,0.0,0.0,-9670.52394527775,4104.0703231263,195.39948306095326,-6724.658911651672,-1518.6914036253572,-98.12947630842855,470.21406805772,10.331745545418723,75.4569733926536,0.0,-495.76910019435917,0.0,0.0,0.0,0.0,-13652.30024387452,-13995.72478895842,2716.028788958314,-11279.696000000105,0.640288632591681,0.0,0.0,-495.76910019435917,0.0,0.0
3.0,1,2016,67,144118.97099999993,116632.02099999992,-27486.95000000002,152008.577902306,-14441.89197038758,35124.11899868018,5.820165348143618,774147.8533265848,2.231252984456155,28139.869082862093,0.6898399324129155,7.458955167602467,0.05652684246030452,3.1285633076023003,0.0,1.3214082690057507,0.0,0.0,0.0,0.0,1167.7810327605255,-9313.939167097213,143.3854575066796,-1899.683998142519,-1962.4609631437756,-201.5865157206663,-192.6946033485529,-11.258671241667646,-404.7705811346477,0.0,-474.44355497996827,0.0,0.0,0.0,0.0,-13149.671564541806,-12917.773980484582,-14569.176019515438,-27486.95000000002,1.3214082690057507,0.0,0.0,-474.44355497996827,0.0,0.0
3.0,1,2017,67,116632.02099999992,151797.18300000002,35165.162000000106,180567.79217588692,28559.214273580925,28612.352313627347,3.7182372827862085,683456.4782461282,2.500804047190437,27886.80854111666,0.8245893521054204,7.133599140839718,0.059239787750823863,3.9660864643681344,0.0,2.1072430957875627,0.0,0.0,0.0,0.0,1545.426544959295,20114.41331285146,-102.28808572214379,1404.1320847250472,-189.98536678687793,585.7448183180818,-506.77819982795523,-52.08361746972334,-933.3386137077412,0.0,-581.1311769348699,0.0,0.0,0.0,0.0,21284.111700404574,20866.575234733005,14298.586765267102,35165.162000000106,2.1072430957875627,0.0,0.0,-581.1311769348699,0.0,0.0
3.0,1,2018,67,151797.18300000002,90156.38400000008,-61640.79899999994,180951.01600518823,383.22382930131425,33986.2707432747,3.6501237437271823,750447.9305437568,2.706951777622909,28635.98991040072,1.0142443124807463,6.361880345170833,0.055581938753990014,4.722318415157941,0.0,3.2532248375123007,0.0,0.0,0.0,0.6266124187561503,-2093.9512772036855,11199.000112986163,-82.0199892235579,1681.764205367726,-826.4235482373308,601.2142343846273,-601.0729279305928,-54.45935265462481,-967.3211168941568,0.0,-756.3452545522459,0.0,0.0,0.0,-7838.767145859264,261.61794018305955,-215.88616361240383,-61424.912836387535,-61640.79899999994,3.2532248375123007,0.0,0.6266124187561503,-756.3452545522459,0.0,-7838.767145859264
10.0,0,2002,100,0.0,1323822038.0000014,0.0,1224374576.2605066,0.0,,,,,,,,,,,,,,,,0.0,0.0,0.0,0.0,0.0,0.0,0.0,0.0,0.0,0.0,0.0,0.0,0.0,0.0,0.0,0.0,0.0,0.0,0.0,,,,0.0,0.0,0.0
10.0,0,2003,100,1323822038.0000014,1281862733.000001,-41959305.00000048,1177946265.5351834,-46428310.7253232,270698672.69999975,6.915623000000001,26042245.26999999,2.2467999999999995,41148.63500000003,3.0865949941727546,31.36,0.7788039910085592,3.5,0.0,0.0,0.0,0.0,0.0,0.0,-50206029.804209195,-22094004.929138824,8481640.120122066,19948552.883619215,13826956.039798753,-5494953.916612772,-3326471.5184598304,-10840514.077759301,0.0,0.0,0.0,0.0,0.0,0.0,0.0,-49704825.202639885,-50199360.65073712,8240055.650736645,-41959305.00000048,0.0,0.0,0.0,0.0,0.0,0.0
10.0,0,2004,100,1281862733.000001,1289530121.9999988,7667388.999997854,1241841106.317645,63894840.78246164,285674876.3000005,7.0407540000000015,26563773.749999993,2.5669,39531.590000000004,2.9462506947296014,31.0,0.7576962999033687,3.5000000000000004,0.0,0.0,0.0,0.0,0.0,0.0,42592166.25286843,-5399893.3314288985,12239724.296049364,20706250.798570465,17409882.303770725,-5210001.280890776,-3312947.6854995084,-10213678.252285816,0.0,0.0,0.0,0.0,0.0,0.0,0.0,68811503.10115397,69531537.7504033,-61864148.750405446,7667388.999997854,0.0,0.0,0.0,0.0,0.0,0.0
10.0,0,2005,100,1289530121.9999988,1349312532.0000005,59782410.00000167,1309799022.5720057,67957916.25436068,292395695.2999999,6.750699000000003,27081157.49999996,3.0314999999999994,38116.91999999998,2.8229971403892486,30.68,0.738640230756752,3.5000000000000004,0.0,0.0,0.0,0.0,0.0,0.0,18331245.695295114,12814689.834033132,11976949.120663723,27190856.287488602,15910180.287819242,-4604050.753143409,-2962882.5580150047,-9279687.747805849,0.0,0.0,0.0,0.0,0.0,0.0,0.0,69377300.16633554,70567627.0438546,-10785217.043852925,59782410.00000167,0.0,0.0,0.0,0.0,0.0,0.0
10.0,0,2006,100,1349312532.0000005,1305932854.9999986,-43379677.00000191,1209125354.4963536,-100673668.07565212,271397714.4999995,8.615,27655014.75000005,3.349999999999999,36028.75000000002,2.660956197655333,30.180000000000003,0.7158000494831266,3.7000000000000006,0.0,0.0,0.0,0.0,0.0,0.0,-59678228.764715336,-76049661.91448247,13628564.03523101,17598658.08589261,25824877.292829704,-6329978.375877054,-4840995.6749013215,-11629730.173548732,-2347281.9632228618,0.0,0.0,0.0,0.0,0.0,0.0,-103823777.45279446,-103710752.28789,60331075.287888095,-43379677.00000191,0.0,0.0,0.0,0.0,0.0,0.0
10.0,0,2007,100,1305932854.9999986,1255878227.0,-50054627.99999857,1357920450.2698677,148795095.77351403,302119347.6999997,6.975891999999999,27714120.0,3.4606,36660.58,2.6754587641106062,30.4,0.7114034086331262,3.6,0.0,0.0,0.0,0.0,0.0,0.0,87836972.43506247,67373924.0661189,1336932.963133065,5599844.904026092,-7617263.577757624,549721.4777295409,2066899.4742221446,-2174282.3529108763,1137393.2346732747,0.0,0.0,0.0,0.0,0.0,0.0,156110142.62429696,160708237.1657351,-210762865.16573367,-50054627.99999857,0.0,0.0,0.0,0.0,0.0,0.0
10.0,0,2008,100,1255878227.0,1279870177.000001,23991950.000000954,1400541065.3895986,42620615.11973095,307251216.0000004,7.026084000000001,27956797.669999957,3.9195,36716.94000000002,2.921433689146378,30.42,0.6998131405405582,3.7000000000000006,0.0,0.0,0.0,0.0,0.0,0.0,12906389.63468504,-2118672.043741514,5258567.5432643,21134259.577080816,-649009.0195631124,8996527.03497966,180568.13792411383,-5504569.907704535,-1092846.6935058539,0.0,0.0,0.0,0.0,0.0,0.0,39111214.26341892,39417848.47527671,-15425898.475275755,23991950.000000954,0.0,0.0,0.0,0.0,0.0,0.0
10.0,0,2009,100,1279870177.000001,1245049720.0000021,-34820456.99999881,1349135889.3122668,-51405176.07733178,311985807.69999975,7.298226000000002,27734538.00000004,2.8430999999999997,35494.290000000015,2.9125114919949855,30.610000000000003,0.6930675084306094,3.9000000000000004,0.0,0.0,0.0,0.0,0.0,0.0,11935705.44783715,-11435100.75577965,-4886736.514322531,-52741545.99245807,14668610.18219069,-331334.8488308102,1749236.4018209723,-3267905.0097698383,-2226479.122139327,0.0,0.0,0.0,0.0,0.0,0.0,-46535550.211451404,-46976096.18930311,12155639.1893043,-34820456.99999881,0.0,0.0,0.0,0.0,0.0,0.0
10.0,0,2010,100,1245049720.0000021,1222463994.9999998,-22585725.000002384,1304179194.826227,-44956694.48603988,284108756.3,7.418994999999996,27553600.74999996,3.2889999999999997,35213.00000000002,2.8418260206682007,30.93,0.6940865115999312,3.9000000000000004,0.0,0.0,1.0,0.0,0.0,0.0,-68768075.7227984,-4832389.598300415,-3899521.788704083,23511437.626775883,3337855.5835886146,-2551274.0493741785,2867270.3502457696,480930.1253146689,0.0,0.0,0.0,9915101.299597058,0.0,0.0,0.0,-39938666.17365509,-41488274.32832028,18902549.328317896,-22585725.000002384,0.0,1.0,0.0,0.0,9915101.299597058,0.0
10.0,0,2011,100,1222463994.9999998,1189791728.0000012,-32672266.99999857,1314549204.8263679,10370010.000140905,276891484.3,7.954912,27682634.670000013,4.0656,34147.68000000002,2.8267817983897685,31.3,0.6861391782666084,3.9,0.0,0.0,1.0,0.0,0.0,0.0,-18945829.68047253,-20136902.45333058,2740381.9449641146,35166999.033206314,12702533.108618358,-533576.4142013661,3255726.022010964,-3676541.785936334,0.0,0.0,0.0,0.0,0.0,0.0,0.0,10572789.774858933,9720262.294669885,-42392529.29466845,-32672266.999998566,0.0,1.0,0.0,0.0,0.0,0.0
10.0,0,2012,100,1189791728.0000012,1198669782.0,8878053.999998808,1288846409.7120082,-25702795.114359617,275254101.49999976,7.779875000000002,27909105.42000003,4.109300000000001,33963.31,2.6874131264136203,31.509999999999998,0.6863024806231975,4.1,1.0,0.0,1.0,0.0,0.0,0.0,-4275807.638187858,6338166.189730262,4655126.704384527,1742994.6197254644,2169437.7639812245,-4802239.128116781,1797423.652511975,73639.82100917304,-2069777.4584414538,-28720802.266174953,0.0,0.0,0.0,0.0,0.0,-23091837.73957842,-23263467.73575747,32141521.735756278,8878053.999998808,1.0,1.0,0.0,-28720802.266174953,0.0,0.0
10.0,0,2013,100,1198669782.0,1202744794.9999988,4075012.999998808,1249155036.5570924,-39691373.15491581,279698963.9000004,8.085419999999997,28818049.080000035,3.942,33700.32,2.7186342796927963,29.930000000000003,0.6642937252268252,4.2,2.0,0.0,1.0,0.0,0.0,0.0,11712645.84691604,-10985746.942165373,18553695.897230417,-6781646.560199185,3139497.9945244165,1086502.8111005514,-13537082.129693614,-9956825.752555367,-1043064.7491940974,-28935112.74374989,0.0,0.0,0.0,0.0,0.0,-36747136.3277861,-36914289.59135216,40989302.591350965,4075012.999998808,2.0,1.0,0.0,-28935112.74374989,0.0,0.0
10.0,0,2014,100,1202744794.9999988,1192647739.9999998,-10097054.999999046,1230864443.7529829,-18290592.804109573,282626037.69999975,8.086527999999998,29110612.08000001,3.7524,33580.79999999999,2.7695328739036604,30.2,0.6659050371218506,4.2,3.0,0.0,1.0,0.0,0.0,0.0,7624783.751632142,-39475.270498616366,5836638.806173184,-7991946.919304171,1438756.4126964423,1777811.25099569,2336636.4446806274,734719.5592848815,0.0,-29033480.920171652,0.0,0.0,0.0,0.0,0.0,-17315556.88451147,-17611036.779902354,7513981.779903308,-10097054.999999046,3.0,1.0,0.0,-29033480.920171652,0.0,0.0
10.0,0,2015,100,1192647739.9999998,1160473735.9999983,-32174004.00000143,1138459748.4892852,-92404695.26369762,280202617.09999955,8.333296,29378317.829999972,2.7030000000000003,34173.339999999975,2.8173293387450045,30.17,0.6680474802060518,4.1,4.0,0.0,1.0,0.0,0.0,0.0,-6218186.023281688,-8570317.572606863,5243972.068050706,-49649692.90495865,-6998969.103610374,1655368.8929301864,-257169.22156005178,968799.0437558664,1038728.3432151433,-28789744.547409054,0.0,0.0,0.0,0.0,0.0,-91577211.02547477,-89535652.38720511,57361648.38720368,-32174004.00000143,4.0,1.0,0.0,-28789744.547409054,0.0,0.0
10.0,0,2016,100,1160473735.9999983,1162084608.9999988,1610873.0000004768,1071179187.0980974,-67280561.39118779,279086354.6,8.444309999999998,29437697.49999995,2.4255,35302.049999999996,2.7022769193883347,29.879999999999995,0.671404373027713,4.5,5.0,0.0,1.0,0.0,0.0,0.0,-2808476.4361259663,-3687291.782320844,1123559.018060225,-15303594.040835347,-12620002.026133148,-3868048.2224613195,-2416646.3053619284,1477355.3668896158,-4034039.093409604,-28013084.91425756,0.0,0.0,0.0,0.0,0.0,-70150268.43595587,-68581541.4567059,70192414.45670637,1610873.0000004768,5.0,1.0,0.0,-28013084.91425756,0.0,0.0
10.0,0,2017,100,1162084608.9999988,1100306571.0000002,-61778037.99999857,1045079769.4676566,-26099417.63044083,274821215.5000002,8.639400000000002,29668394.669999976,2.6928000000000005,35945.81999999998,2.797300667549962,29.999999999999996,0.6728151876917117,4.5,6.0,0.0,1.0,0.0,0.0,0.0,-10812962.7462188,-6377509.632944381,4355828.051873405,14976193.52914963,-7045237.752289669,3208887.068607401,1002856.2725733469,621526.5917747541,0.0,-28051970.345900882,0.0,0.0,0.0,0.0,0.0,-28122388.9633752,-28314339.83922326,-33463698.16077531,-61778037.99999857,6.0,1.0,0.0,-28051970.345900882,0.0,0.0
10.0,0,2018,100,1100306571.0000002,1107464473.9999995,7157902.999999285,1006389794.8809851,-38689974.58667147,274036302.4000001,8.5039,29807700.83999996,2.9199999999999995,36801.50000000002,2.839204619656265,30.01,0.6746876908065566,4.6,7.0,0.0,1.0,1.0,0.0,0.0,-1908665.729748625,4200408.91212149,2473079.6445756056,11253075.59612765,-8675960.189760873,1338808.2379753732,79097.305546647,781135.2842774782,-957470.5350474352,-26560688.492082007,0.0,0.0,-22858418.561882365,0.0,0.0,-40835598.52789706,-40734530.04570397,47892433.045703255,7157902.999999285,7.0,1.0,1.0,-26560688.492082007,0.0,-22858418.561882365
10.0,1,2002,100,0.0,2028458449.0000012,0.0,2297843372.2197714,0.0,,,,,,,,,,,,,,,,0.0,0.0,0.0,0.0,0.0,0.0,0.0,0.0,0.0,0.0,0.0,0.0,0.0,0.0,0.0,0.0,0.0,0.0,0.0,,,,0.0,0.0,0.0
10.0,1,2003,100,2028458449.0000012,1999850729.9999993,-28607719.000001907,2372077118.7959003,74233746.57612896,503552796.7000007,8.704569000000001,26042245.26999999,2.2467999999999995,41148.63500000003,3.0865949941727546,31.36,0.7788039910085592,3.5,0.0,0.0,0.0,0.0,0.0,0.0,74318839.66978677,-42200204.3347021,12996198.937004682,30566654.339154225,21186688.99428108,-8419776.510034814,-5097066.722934929,-16610640.812231505,0.0,0.0,0.0,0.0,0.0,0.0,0.0,66740693.56032341,65531041.96036197,-94138760.96036388,-28607719.000001907,0.0,0.0,0.0,0.0,0.0,0.0
10.0,1,2004,100,1999850729.9999993,2115153451.9999995,115302722.00000024,2494217476.925505,122140358.12960482,521860484.00000006,8.555225,26563773.749999993,2.5669,39531.59,2.9462506947296014,31.0,0.7576962999033687,3.5,0.0,0.0,0.0,0.0,0.0,0.0,43825298.620999366,8365070.813566994,19095353.1437543,32304091.311065663,27161383.928313274,-8128190.793491413,-5168572.793899918,-15934492.346942183,0.0,0.0,0.0,0.0,0.0,0.0,0.0,101519941.88336608,102974090.69564414,12328631.304356098,115302722.00000024,0.0,0.0,0.0,0.0,0.0,0.0
10.0,1,2005,100,2115153451.9999995,2507212522.9999957,392059070.9999962,2696927179.883488,202709702.95798302,527998936.70000035,7.181816999999997,27081157.49999996,3.0314999999999994,38116.91999999998,2.8229971403892486,30.68,0.738640230756752,3.5,0.0,0.0,0.0,0.0,0.0,0.0,15067728.247312967,90209361.60012606,19645206.300190836,44599837.22607254,26096693.813968346,-7551800.208118357,-4859871.95144871,-15221019.84156184,0.0,0.0,0.0,0.0,0.0,0.0,0.0,167986135.18654186,171902463.17012665,220156607.82986954,392059070.9999962,0.0,0.0,0.0,0.0,0.0,0.0
10.0,1,2006,100,2507212522.9999957,2603647774.9999986,96435252.00000286,2797302297.848071,100375117.96458292,539962610.0999992,7.191875,27655014.75000005,3.3499999999999996,36028.75000000002,2.660956197655333,30.180000000000003,0.7158000494831266,3.7,0.0,0.0,0.0,0.0,0.0,0.0,34332528.79383235,-828905.2626844896,25323789.41814981,32700782.72788551,47986255.38410166,-11761990.404694557,-8995251.057151973,-21609674.88163245,-4361580.133315157,0.0,0.0,0.0,0.0,0.0,0.0,92785954.5844907,93314255.80770631,3120996.1922965497,96435252.00000286,0.0,0.0,0.0,0.0,0.0,0.0
10.0,1,2007,100,2603647774.9999986,2751026060.0000033,147378285.00000477,2835119678.6170797,37817380.76900864,543107372.7999997,6.915271000000001,27714120.0,3.4605999999999995,36660.58,2.6754587641106062,30.4,0.7114034086331262,3.5999999999999996,0.0,0.0,0.0,0.0,0.0,0.0,9194145.102023028,24182117.38008007,2665452.9147178577,11164451.2724298,-15186593.468327427,1095983.6846743792,4120792.425585433,-4334882.447212932,2267629.115401286,0.0,0.0,0.0,0.0,0.0,0.0,35169095.979371496,35199320.20622252,112178964.79378225,147378285.00000477,0.0,0.0,0.0,0.0,0.0,0.0
10.0,1,2008,100,2751026060.0000033,2818659238.999998,67633178.99999475,2931641502.942536,96521824.32545614,558408346.8999993,7.086338999999996,27956797.669999953,3.9195,36716.94000000002,2.921433689146378,30.42,0.6998131405405582,3.7,0.0,0.0,0.0,0.0,0.0,0.0,46789588.668678045,-15786569.041967351,11518996.06090574,46295013.00794028,-1421667.0753646041,19707070.15268894,395538.0723667185,-12057869.098790409,-2393902.265987322,0.0,0.0,0.0,0.0,0.0,0.0,93046198.48047003,93658851.89283945,-26025672.892844692,67633178.99999475,0.0,0.0,0.0,0.0,0.0,0.0
10.0,1,2009,100,2818659238.999998,2717269399.9999986,-101389838.99999952,2799532365.057676,-132109137.88486004,562176551.3,7.470450000000002,27734538.00000004,2.8430999999999997,35494.290000000015,2.9125114919949855,30.610000000000003,0.6930675084306094,3.9,0.0,0.0,0.0,0.0,0.0,0.0,11530590.817713844,-34987440.236637495,-10762064.209465394,-116152754.05451153,32304693.36369356,-729699.034826116,3852344.896999497,-7196910.134708238,-4903376.968099019,0.0,0.0,0.0,0.0,0.0,0.0,-127044615.55984089,-127017795.89411983,25627956.894120306,-101389838.99999952,0.0,0.0,0.0,0.0,0.0,0.0
10.0,1,2010,100,2717269399.9999986,2812782058.0000014,95512658.00000286,2871050801.0553555,71518435.99767971,552453534.0999991,7.47983,27553600.74999996,3.2889999999999997,35213.00000000002,2.8418260206682007,30.93,0.6940865115999312,3.9,0.0,0.0,0.0,0.0,1.0,0.0,-28625114.05941491,-809309.2444340786,-8510544.648031281,51312737.94692037,7284731.439403452,-5568049.848947823,6257698.675881067,1049610.061400369,0.0,0.0,0.0,0.0,0.0,47225622.97967491,0.0,69617383.30245209,69416899.80010287,26095758.199899986,95512658.00000286,0.0,1.0,0.0,0.0,47225622.97967491,0.0
10.0,1,2011,100,2812782058.0000014,2875478446.9999957,62696388.99999428,2908124112.3118916,37073311.25653601,542784230.6000009,8.019312000000001,27682634.670000013,4.0656,34147.68000000002,2.8267817983897685,31.299999999999997,0.6861391782666084,3.8999999999999995,0.0,0.0,0.0,0.0,1.0,0.0,-29987456.2020399,-46307855.540108174,6305377.6621553665,80916169.57136323,29227410.676477805,-1227712.3666432237,7491139.025715156,-8459399.060639823,0.0,0.0,0.0,0.0,0.0,0.0,0.0,37957673.766280435,36320898.49984646,26375490.50014782,62696388.99999428,0.0,1.0,0.0,0.0,0.0,0.0
10.0,1,2012,100,2875478446.9999957,2926682201.0000033,51203754.00000763,2914623801.1169024,6499688.805010796,541132314.1000004,7.817153000000001,27909105.420000028,4.109300000000001,33963.31,2.6874131264136203,31.509999999999998,0.6863024806231975,4.1,0.0,1.0,0.0,0.0,1.0,0.0,-5315349.855245789,17597827.087590374,11250470.3062718,4212454.452580898,5243078.587310424,-11606010.350611415,4343998.072346817,177972.08802985924,-5002220.415365691,0.0,-14327370.475351367,0.0,0.0,0.0,0.0,6574849.497555915,6426725.39039528,44777028.609612346,51203754.00000763,1.0,1.0,0.0,-14327370.475351367,0.0,0.0
10.0,1,2013,100,2926682201.0000033,3025842522.000005,99160321.00000143,2899866558.8577867,-14757242.259115696,553170967.4999999,8.018460000000003,28818049.080000035,3.9420000000000006,33700.32,2.7186342796927963,29.93,0.6642937252268252,4.2,0.0,2.0,0.0,0.0,1.0,0.0,39352079.75022541,-17728281.185100533,45300859.63674609,-16558125.164456556,7665424.655420083,2652814.3833565437,-33052253.35400131,-24310669.33199977,-2546755.6467998936,0.0,-14582498.50597606,0.0,0.0,0.0,0.0,-13807404.762585998,-14818296.01441123,113978617.01441266,99160321.00000143,2.0,1.0,0.0,-14582498.50597606,0.0,0.0
10.0,1,2014,100,3025842522.000005,3134495495.999999,108652973.99999428,2920734640.2442594,20868081.386472702,560050466.9000001,7.976182000000003,29110612.080000013,3.7523999999999993,33580.79999999999,2.7695328739036604,30.2,0.6659050371218506,4.2,0.0,3.0000000000000004,0.0,0.0,1.0,0.0,22787053.880871158,3829247.8979036985,14683705.104102472,-20105988.338114176,3619596.069286741,4472583.7947632,5878465.608133903,1848393.5191166634,0.0,0.0,-15076575.12021882,0.0,0.0,0.0,0.0,21936482.415844835,21774632.29087939,86878341.70911488,108652973.99999428,3.0000000000000004,1.0,0.0,-15076575.12021882,0.0,0.0
10.0,1,2015,100,3134495495.999999,3047199073.999998,-87296422.00000095,2745020115.861394,-175714524.38286543,561246899.2000009,8.567874,29378317.829999972,2.7030000000000003,34173.339999999975,2.8173293387450045,30.17,0.6680474802060518,4.1,0.0,4.0,0.0,0.0,1.0,0.0,4063004.711644274,-53395049.071042866,13782113.760140728,-130488436.41658688,-18394565.63419964,4350610.9684223905,-675887.5564463052,2546180.34926379,2729967.2855418385,0.0,-15617949.865479305,0.0,0.0,0.0,0.0,-191100011.468742,-188574606.42635193,101278184.42635098,-87296422.00000095,4.0,1.0,0.0,-15617949.865479305,0.0,0.0
10.0,1,2016,100,3047199073.999998,3069648696.9999967,22449622.99999857,2640935969.45856,-104084146.40283394,560737093.9000003,8.647590000000001,29437697.499999948,2.4255,35302.049999999996,2.7022769193883347,29.879999999999995,0.671404373027713,4.5,0.0,5.0,0.0,0.0,1.0,0.0,-1680465.6035774946,-6797255.424477505,2950267.5443724734,-40184535.11136199,-33137896.442587893,-10156811.477956178,-6345686.382586427,3879274.2707577925,-10592674.188636316,0.0,-15182986.362111188,0.0,0.0,0.0,0.0,-117248769.17816472,-115542000.11290942,137991623.112908,22449622.999998584,5.0,1.0,0.0,-15182986.362111188,0.0,0.0
10.0,1,2017,100,3069648696.9999967,3090688329.9999957,21039632.999999046,2677036516.642988,36100547.184428215,563993926.6000005,8.631953999999999,29668394.669999976,2.6928000000000005,35945.81999999998,2.797300667549962,29.999999999999996,0.6728151876917117,4.5,0.0,6.0,0.0,0.0,1.0,0.0,10810135.088847525,1340395.4891786377,11505928.053978078,39559643.58940579,-18610008.87446672,8476281.273053896,2649046.7445671596,1641763.6700601245,0.0,0.0,-15294843.943964574,0.0,0.0,0.0,0.0,42078341.09065992,41960880.12250712,-20921247.12250807,21039632.999999046,6.0,1.0,0.0,-15294843.943964574,0.0,0.0
10.0,1,2018,100,3090688329.9999957,3025899128.9999986,-64789200.99999714,2428062060.409862,-248974456.23312616,559394026.1000001,8.8959,29807700.83999996,2.919999999999999,36801.50000000002,2.839204619656265,30.01,0.6746876908065566,4.6,0.0,7.0,0.0,0.0,1.0,1.0,-15325976.925670719,-22406996.59669758,6946717.0315120835,31609144.522285566,-24370197.921901233,3760623.726401741,222179.09592713477,2194157.3111514486,-2689471.35915083,0.0,-15399676.103972908,0.0,0.0,0.0,-254706639.53504705,-290166136.75516236,-287445629.3606245,222656428.36062735,-64789200.99999714,7.0,1.0,1.0,-15399676.103972908,0.0,-254706639.53504705
