,CLUSTER_APTA4,RAIL_FLAG,Year,CLUSTER_APTA,UPT_ADJ_base,UPT_ADJ,UPT_ADJ_diff,fitted_exp,fitted_exp_diff,VRM_ADJ,FARE_per_UPT_2018,POP_EMP,GAS_PRICE_2018,TOTAL_MED_INC_INDIV_2018,PCT_HH_NO_VEH,TSD_POP_PCT,JTW_HOME_PCT,YEARS_SINCE_TNC_BUS,YEARS_SINCE_TNC_RAIL,BIKE_SHARE_BUS,scooter_flag_BUS,BIKE_SHARE_RAIL,scooter_flag_RAIL,VRM_ADJ_log_FAC,FARE_per_UPT_2018_log_FAC,POP_EMP_log_FAC,GAS_PRICE_2018_log_FAC,TOTAL_MED_INC_INDIV_2018_log_FAC,PCT_HH_NO_VEH_FAC,TSD_POP_PCT_FAC,JTW_HOME_PCT_FAC,YEARS_SINCE_TNC_BUS_FAC,YEARS_SINCE_TNC_RAIL_FAC,BIKE_SHARE_BUS_FAC,scooter_flag_BUS_FAC,BIKE_SHARE_RAIL_FAC,scooter_flag_RAIL_FAC,FAC_Sum,Known_FAC,Unknown_FAC,New_Reporter_FAC,Total_Change,YEARS_SINCE_TNC,BIKE_SHARE,scooter_flag,YEARS_SINCE_TNC_FAC,BIKE_SHARE_FAC,scooter_flag_FAC,VRM_ADJ_log_FAC_cumsum,FARE_per_UPT_2018_log_FAC_cumsum,POP_EMP_log_FAC_cumsum,TSD_POP_PCT_FAC_cumsum,GAS_PRICE_2018_log_FAC_cumsum,TOTAL_MED_INC_INDIV_2018_log_FAC_cumsum,PCT_HH_NO_VEH_FAC_cumsum,JTW_HOME_PCT_FAC_cumsum,YEARS_SINCE_TNC_BUS_FAC_cumsum,YEARS_SINCE_TNC_RAIL_FAC_cumsum,BIKE_SHARE_BUS_FAC_cumsum,BIKE_SHARE_RAIL_FAC_cumsum,scooter_flag_BUS_FAC_cumsum,scooter_flag_RAIL_FAC_cumsum,Unknown_FAC_cumsum,UPT_ADJ_VRM_ADJ_log_FAC_cumsum,UPT_ADJ_FARE_per_UPT_2018_log_FAC_cumsum,UPT_ADJ_POP_EMP_log_FAC_cumsum,UPT_ADJ_TSD_POP_PCT_FAC_cumsum,UPT_ADJ_GAS_PRICE_2018_log_FAC_cumsum,UPT_ADJ_TOTAL_MED_INC_INDIV_2018_log_FAC_cumsum,UPT_ADJ_PCT_HH_NO_VEH_FAC_cumsum,UPT_ADJ_JTW_HOME_PCT_FAC_cumsum,UPT_ADJ_YEARS_SINCE_TNC_BUS_FAC_cumsum,UPT_ADJ_YEARS_SINCE_TNC_RAIL_FAC_cumsum,UPT_ADJ_BIKE_SHARE_BUS_FAC_cumsum,UPT_ADJ_BIKE_SHARE_RAIL_FAC_cumsum,UPT_ADJ_scooter_flag_BUS_FAC_cumsum,UPT_ADJ_scooter_flag_RAIL_FAC_cumsum,UPT_ADJ_Unknown_FAC_cumsum
10,1.0,0,2012,190,2050937950.3099985,20807040.8196,29766131.65000101,2122608247.7854605,-30212255.997564614,49478187.99001496,6.468341918307179,7908357.146095779,4.089478005335446,34214.690373051155,10.279850774934047,0.40441768209323176,4.978185009806738,0.6028920026630268,0.0,0.2609773777793215,0.0,0.0,0.0,-23121490.386011634,-1442659.5319323353,14197496.41564748,2213301.574201163,3675085.042545388,-1508434.453780495,-240026.36828631608,-1662348.4769540387,-21775657.29720567,0.0,509061.5023864768,0.0,0.0,0.0,-29155671.97938998,-29049494.184281547,58815625.83428256,0.0,29766131.65000101,0.6028920026630268,0.2609773777793215,0.0,-21775657.29720567,509061.5023864768,0.0,-23121490.386011634,-1442659.5319323353,14197496.41564748,-240026.36828631608,2213301.574201163,3675085.042545388,-1508434.453780495,-1662348.4769540387,-21775657.29720567,0.0,509061.5023864768,0.0,0.0,0.0,58815625.83428256,43928531.20561163,22249700.351532336,6609544.40395252,21047067.187886316,18593739.245398838,17131955.77705461,22315475.273380496,22469389.29655404,42582698.11680567,20807040.8196,20297979.317213524,20807040.8196,20807040.8196,20807040.8196,-38008585.01468256
11,1.0,0,2013,190,2080704081.96,20767408.9185,-3963190.109999605,2080298559.4033442,-42309688.38211636,50324420.29329508,6.607717984718423,8026528.278986341,3.925470440205989,34453.716796843946,10.039571886962724,0.40475050067968604,4.9806884995005385,1.3755336853782465,0.0,0.2602147134204588,0.0,0.0,0.0,17167578.039281912,-12917033.470695555,12926611.012920862,-11748056.313513534,-6011923.5394515125,-3826664.540517256,-205050.17156781763,-38600.84167963796,-36528513.18667322,0.0,0.0,0.0,0.0,0.0,-41181653.01189575,-41044233.62282217,37081043.51282256,0.0,-3963190.109999605,1.3755336853782465,0.2602147134204588,0.0,-36528513.18667322,0.0,0.0,-5953912.346729722,-14359693.00262789,27124107.42856834,-445076.53985413373,-9534754.739312371,-2336838.4969061245,-5335098.994297751,-1700949.3186336767,-58304170.48387889,0.0,509061.5023864768,0.0,0.0,0.0,95896669.34710512,26721321.26522972,35127101.921127886,-6356698.510068342,21212485.458354134,30302163.65781237,23104247.415406123,26102507.91279775,22468358.237133674,79071579.40237889,20767408.9185,20258347.416113522,20767408.9185,20767408.9185,20767408.9185,-75129260.42860511
12,1.0,0,2014,190,2076740891.85,20617185.708300006,-15022321.019999355,2039956654.924128,-40341904.47921668,50223570.18334822,6.582313242988343,8095352.848462553,3.718003272456098,34787.06534870744,9.994075815747609,0.40462460412216017,5.179472251950496,2.2157307670341573,0.0,0.6129438723894217,0.0,0.0,0.0,2658494.9740097844,1645210.2075310228,15105519.790802728,-15527899.018010367,-6199944.614448913,-679116.5421881857,130381.3916247742,-3267274.5514174295,-39832022.95595837,0.0,5522742.030089963,0.0,0.0,0.0,-40443909.28796501,-40563439.79775638,25541118.77775702,0.0,-15022321.019999355,2.2157307670341573,0.6129438723894217,0.0,-39832022.95595837,5522742.030089963,0.0,-3295417.3727199375,-12714482.795096867,42229627.219371065,-314695.14822935953,-25062653.757322736,-8536783.111355038,-6014215.5364859365,-4968223.870051106,-98136193.43983725,0.0,6031803.53247644,0.0,0.0,0.0,121437788.12486213,23912603.08101994,33331668.503396872,-21612441.51107106,20931880.856529366,45679839.46562274,29153968.819655046,26631401.244785942,25585409.57835111,118753379.14813726,20617185.708300006,14585382.175823566,20617185.708300006,20617185.708300006,20617185.708300006,-100820602.41656213
13,1.0,0,2015,190,2061718570.8300004,20287504.5335,-32968117.48000024,1926062483.4703066,-113894171.45382148,50424224.67582978,6.752682595255455,8082812.785164408,2.7759125093228216,35991.68822636249,9.894859252774383,0.4020127731529151,5.288704363195592,3.2043274856521315,0.0,0.9117790126288788,0.0,0.0,0.0,22644519.12350583,-6560344.004337828,13617792.282451045,-79149036.54188938,-22615419.256672624,-1130588.0470211164,289244.5524482689,-1516904.7764818303,-46789066.08949782,0.0,4737491.893974423,0.0,0.0,0.0,-116472310.86352104,-115439315.17759688,82471197.69759661,0.0,-32968117.48000024,3.2043274856521315,0.9117790126288788,0.0,-46789066.08949782,4737491.893974423,0.0,19349101.750785895,-19274826.799434695,55847419.501822114,-25450.59578109061,-104211690.29921213,-31152202.368027665,-7144803.583507053,-6485128.646532937,-144925259.52933508,0.0,10769295.426450863,0.0,0.0,0.0,203908985.82245874,938402.7827141061,39562331.33293469,-35559914.96832211,20312955.129281092,124499194.83271213,51439706.901527666,27432308.117007054,26772633.18003294,165212764.0628351,20287504.5335,9518209.107049137,20287504.5335,20287504.5335,20287504.5335,-183621481.28895873
14,1.0,0,2016,190,2028750453.35,19447047.255400006,-84045727.81000009,1850888575.321097,-75173908.14920941,51123819.19688877,6.9119116216223135,8157897.828269673,2.460365134718857,36829.1084428074,9.802246874403838,0.40223915309673225,5.794800445694747,4.213177422243262,0.0,0.9834004714407376,0.0,0.0,0.0,15653935.59016822,-7657987.674634133,10843782.653179737,-30280335.32793242,-14919682.980994904,-1803340.6093524168,684450.8151551246,-8043724.043372536,-46040880.83791082,0.0,1129580.830868932,0.0,0.0,0.0,-80434201.5848252,-79703199.16806327,-4342528.6419368265,0.0,-84045727.81000009,4.213177422243262,0.9834004714407376,0.0,-46040880.83791082,1129580.830868932,0.0,35003037.34095412,-26932814.474068828,66691202.15500185,659000.2193740341,-134492025.62714455,-46071885.34902257,-8948144.192859469,-14528852.689905472,-190966140.3672459,0.0,11898876.257319795,0.0,0.0,0.0,199566457.1805219,-15555990.085554112,46379861.72946884,-47244154.89960185,18788047.03602597,153939072.88254455,65518932.60442257,28395191.448259473,33975899.94530548,210413187.6226459,19447047.255400006,7548170.998080211,19447047.255400006,19447047.255400006,19447047.255400006,-180119409.9251219
15,1.0,0,2017,190,1944704725.5400004,18754342.2855,-69270496.99000001,1851578498.465364,689923.1442676187,51778554.77277134,6.78035975432574,8222438.729786192,2.683435885459036,37568.39923908472,9.656255781504733,0.40290066685273096,5.962183440426627,5.227692676736334,0.0,0.9841508986247558,0.0,0.0,0.0,13700270.796587285,13112793.16775528,12354176.447745567,20895784.854489494,-11323784.9167169,-2272946.157597817,248944.97498578316,-2460580.3571935715,-44133529.77230978,0.0,0.0,0.0,0.0,0.0,121129.03774534025,-498721.1747966767,-68771775.81520334,0.0,-69270496.99000001,5.227692676736334,0.9841508986247558,0.0,-44133529.77230978,0.0,0.0,48703308.1375414,-13820021.306313548,79045378.60274741,907945.1943598173,-113596240.77265505,-57395670.26573947,-11221090.350457286,-16989433.047099043,-235099670.1395557,0.0,11898876.257319795,0.0,0.0,0.0,130794681.36531857,-29948965.852041397,32574363.59181355,-60291036.317247406,17846397.091140185,132350583.05815506,76150012.55123948,29975432.635957286,35743775.332599044,253854012.42505568,18754342.2855,6855466.028180206,18754342.2855,18754342.2855,18754342.2855,-112040339.07981856
16,1.0,0,2018,190,1875434228.55,18322879.794399988,-43146249.11000061,1816093385.1304004,-35485113.33496378,52161249.58708207,6.641983844030031,8307363.782743463,2.974557054956232,38392.409918227684,9.506018411376296,0.40192820483532304,6.210408509376568,6.239592039203321,0.0,1.0,0.6912521023210264,0.0,0.0,8791623.35288625,10921198.677393852,10257400.50070101,24405406.768796746,-13080750.710790228,-2013390.96674384,333806.84886383486,-3639601.591520105,-42561490.839560255,0.0,218652.70411101653,-29317543.73178588,0.0,0.0,-35684688.98764759,-36367211.415195465,-6779037.694805145,0.0,-43146249.11000061,6.239592039203321,1.0,0.6912521023210264,-42561490.839560255,218652.70411101653,-29317543.73178588,57494931.49042765,-2898822.6289196964,89302779.10344842,1241752.043223652,-89190834.00385831,-70476420.9765297,-13234481.317201126,-20629034.638619147,-277661160.97911596,0.0,12117528.961430812,0.0,-29317543.73178588,0.0,124015643.67051342,-39172051.69602767,21221702.423319682,-70979899.30904843,17081127.751176335,107513713.7982583,88799300.7709297,31557361.111601114,38951914.43301913,295984040.77351594,18322879.794399988,6205350.832969176,18322879.794399988,47640423.52618587,18322879.794399988,-105692763.87611343
27,1.0,1,2012,160,1242931036.1000009,12515881.856900001,8657149.589999434,1270859715.2614045,23953032.94936839,64861139.97405559,8.316822952411027,9144685.907492982,4.0562597128260185,35680.007815267374,10.965617809797804,0.4483148623801524,5.004702860924882,0.0,0.7885475453210461,0.0,0.0,0.2690046732754526,0.0,20509580.17721209,-3337378.072634605,8079407.387223605,927015.0842743728,3811115.4040968977,-678355.2487257781,15955.47474345166,-1237893.8445319277,0.0,-3336235.6316708745,0.0,0.0,197576.62580653068,0.0,24950787.35579377,25122000.0167358,-16464850.426736362,0.0,8657149.589999434,0.7885475453210461,0.2690046732754526,0.0,-3336235.6316708745,197576.62580653068,0.0,20509580.17721209,-3337378.072634605,8079407.387223605,15955.47474345166,927015.0842743728,3811115.4040968977,-678355.2487257781,-1237893.8445319277,0.0,-3336235.6316708745,0.0,197576.62580653068,0.0,0.0,-16464850.426736362,-7993698.320312088,15853259.929534607,4436474.469676396,12499926.382156549,11588866.772625629,8704766.452803103,13194237.105625778,13753775.701431928,12515881.856900001,15852117.488570876,12515881.856900001,12318305.23109347,12515881.856900001,12515881.856900001,28980732.28363636
28,1.0,1,2013,160,1251588185.69,12542062.659300007,2618080.240000781,1268325939.379514,-2533775.8818901367,67077574.84095546,8.73748874781534,9281042.54551551,3.8990437849523936,35808.626351237384,10.642296726510818,0.4508443051837846,4.97998462490904,0.0,1.7081717749927152,0.0,0.0,0.26080860772910064,0.0,23773577.34960875,-15505625.964970753,7266538.958180107,-6839938.969013722,-2762958.25876343,-3400144.8027900886,-79368.06677870365,152979.63253326173,0.0,-4818513.408276454,0.0,0.0,0.0,0.0,-2213453.530271032,-2685155.3422330813,5303235.582233862,0.0,2618080.240000781,1.7081717749927152,0.26080860772910064,0.0,-4818513.408276454,0.0,0.0,44283157.52682084,-18843004.037605356,15345946.345403712,-63412.59203525199,-5912923.884739349,1048157.1453334675,-4078500.0515158665,-1084914.211998666,0.0,-8154749.039947328,0.0,197576.62580653068,0.0,0.0,-11161614.844502501,-31741094.86752083,31385066.696905363,-2803883.6861037053,12605475.25133526,18454986.544039354,11493905.51396654,16620562.710815873,13626976.871298673,12542062.659300007,20696811.699247334,12542062.659300007,12344486.033493476,12542062.659300007,12542062.659300007,23703677.503802508
29,1.0,1,2014,160,1254206265.9300008,12985399.214600008,44333655.52999975,1309932671.9334686,41606732.5539538,68885001.20297296,8.586060002590067,9352516.985680323,3.6912250096637846,35841.620381878594,10.547412268503304,0.4524292933013958,5.187396824585086,0.0,2.6245114032891594,0.0,0.0,0.5667511164464815,0.0,36887929.2731871,6880929.109767966,8000809.500682184,-9459124.884410903,-1371341.90491679,-700144.0530097851,143259.22525193376,-1932326.70271232,0.0,-4914945.210238761,0.0,0.0,7095730.962560887,0.0,40630775.31616151,40748039.0711139,3585616.458885852,0.0,44333655.52999975,2.6245114032891594,0.5667511164464815,0.0,-4914945.210238761,7095730.962560887,0.0,81171086.80000794,-11962074.92783739,23346755.846085895,79846.63321668177,-15372048.769150252,-323184.75958332256,-4778644.104525652,-3017240.914710986,0.0,-13069694.25018609,0.0,7293307.588367418,0.0,0.0,-7575998.385616649,-68185687.58540793,24947474.1424374,-10361356.631485887,12905552.581383327,28357447.98375026,13308583.97418333,17764043.31912566,16002640.129310993,12985399.214600008,26055093.464786097,12985399.214600008,5692091.62623259,12985399.214600008,12985399.214600008,20561397.600216657
30,1.0,1,2015,160,1298539921.4600008,13029505.503800001,4410628.9199992465,1265862310.755786,-44070361.17768225,69649376.51864007,8.975952103564365,9397275.988895338,2.734503768214048,36878.450036973205,10.518116343920216,0.4553379829795176,5.2522133584285715,0.0,3.634305179146063,0.0,0.0,0.9583327823921148,0.0,23608718.06468464,-14864319.689384252,7777986.419860244,-50926215.87168691,-12914567.251758413,-85240.66475523286,416242.94898852776,-439366.2312472812,0.0,-5520414.284718987,0.0,0.0,9421906.7449936,0.0,-43525269.81502406,-44064337.11458361,48474966.03458286,0.0,4410628.9199992465,3.634305179146063,0.9583327823921148,0.0,-5520414.284718987,9421906.7449936,0.0,104779804.86469258,-26826394.617221642,31124742.26594614,496089.58220520953,-66298264.64083716,-13237752.011341736,-4863884.769280884,-3456607.145958267,0.0,-18590108.534905076,0.0,16715214.333361018,0.0,0.0,40898967.64896621,-91750299.36089258,39855900.12102164,-18095236.762146138,12533415.921594791,79327770.14463717,26267257.515141737,17893390.273080885,16486112.649758268,13029505.503800001,31619614.038705077,13029505.503800001,-3685708.8295610175,13029505.503800001,13029505.503800001,-27869462.145166207
31,1.0,1,2016,160,1302950550.38,12647664.34854999,-38184115.52500067,1239319035.2395365,-26543275.51624947,69199252.87945071,9.059787042870166,9459180.64558239,2.4282547637418883,37529.464864418165,10.401089364029422,0.4546159684515544,5.827588374551525,0.0,4.618691051118477,0.0,0.0,0.991539160402684,0.0,9929497.783576693,-4001061.4320024317,6008061.092997845,-18930903.927716237,-8656534.527205259,-849971.0456026313,613791.763273737,-5866845.3982224995,0.0,-5539164.9588354835,0.0,0.0,781587.9388529311,0.0,-26511542.71088333,-26671269.779262844,-11512845.745737825,0.0,-38184115.52500067,4.618691051118477,0.991539160402684,0.0,-5539164.9588354835,781587.9388529311,0.0,114709302.64826928,-30827456.049224075,37132803.358943984,1109881.3454789466,-85229168.5685534,-21894286.538546994,-5713855.814883515,-9323452.544180766,0.0,-24129273.49374056,0.0,17496802.27221395,0.0,0.0,29386121.903228384,-102061638.29971929,43475120.39777406,-24485139.010393992,11537783.003071044,97876832.9171034,34541950.887096986,18361520.163433507,21971116.892730758,12647664.34854999,36776937.84229055,12647664.34854999,-4849137.923663961,12647664.34854999,12647664.34854999,-16738457.554678394
32,1.0,1,2017,160,1264766434.854999,12389464.731819998,-25819961.6729992,1278421763.5323806,39102728.29284438,71095430.86278903,8.492004017837912,9538852.832743237,2.6455167103003268,38104.93525979437,10.260281728267987,0.4560788545586204,5.996468551459058,0.0,5.603543328541537,0.0,0.0,0.9921543093242052,0.0,21556312.07434684,13088176.51590952,7213140.147434404,13389451.813212162,-7911478.908576162,-1188712.8269161016,213934.7426120969,-1554735.4815036126,0.0,-5376834.842286913,0.0,0.0,0.0,0.0,39429253.23423223,39565864.59984984,-65385826.27284903,0.0,-25819961.6729992,5.603543328541537,0.9921543093242052,0.0,-5376834.842286913,0.0,0.0,136265614.72261614,-17739279.533314556,44345943.50637839,1323816.0880910435,-71839716.75534125,-29805765.447123155,-6902568.641799617,-10878188.025684379,0.0,-29506108.336027473,0.0,17496802.27221395,0.0,0.0,-35999704.36962065,-123876149.99079613,30128744.265134554,-31956478.77455839,11065648.643728955,84229181.48716125,42195230.17894316,19292033.373619616,23267652.757504378,12389464.731819998,41895573.067847475,12389464.731819998,-5107337.540393952,12389464.731819998,12389464.731819998,48389169.10144065
33,1.0,1,2018,160,1238946473.182,12251333.040680006,-13813169.113999818,1236991724.6828465,-41430038.84953456,71622795.06613001,8.173576086530794,9592399.95092043,2.9186838426102857,38955.96947110386,10.110086871150294,0.4551593615631418,6.268948773578375,0.0,6.5973488613218585,0.0,0.0,1.0,0.600296988918218,8469677.219832623,10727361.58578447,5489944.325254625,15540949.660810787,-8795507.160339821,-1074513.5798177044,292812.87798425,-2549846.974980051,0.0,-5267067.8009392265,0.0,0.0,158537.76163789295,-62067345.01792507,-39074997.10269722,-40584377.5151806,26771208.401180796,0.0,-13813169.113999818,6.5973488613218585,1.0,0.600296988918218,-5267067.8009392265,158537.76163789295,-62067345.01792507,144735291.94244877,-7011917.947530085,49835887.83163302,1616628.9660752935,-56298767.09453046,-38601272.60746297,-7977082.221617321,-13428035.00066443,0.0,-34773176.1369667,0.0,17655340.033851843,0.0,-62067345.01792507,-9228495.968439855,-132483958.90176876,19263250.98821009,-37584554.79095301,10634704.074604712,68550100.13521047,50852605.64814298,20228415.262297325,25679368.041344434,12251333.040680006,47024509.177646704,12251333.040680006,-5404006.993171837,12251333.040680006,74318678.05860507,21479829.00911986
44,2.0,0,2012,1510,901436219.9499998,9205322.15402,19095995.45199977,905912035.1777604,-2292258.5445764256,10834762.453260267,4.62272587377604,2486834.22364142,4.0368224916282776,28716.561123523887,7.972084369749139,0.2513215440042415,4.250886788373943,0.0,0.0,0.09414262712308934,0.0,0.0,0.0,-9258502.623007413,-2240506.7424199227,4867943.612535935,530164.8765161221,3438765.3208584925,229894.04232019,-357308.9386818449,-129306.80576744178,0.0,0.0,303938.2647276245,0.0,0.0,0.0,-2614918.9929182585,-2493100.4177126833,21589095.86971246,0.0,19095995.45199977,0.0,0.09414262712308934,0.0,0.0,303938.2647276245,0.0,-9258502.623007413,-2240506.7424199227,4867943.612535935,-357308.9386818449,530164.8765161221,3438765.3208584925,229894.04232019,-129306.80576744178,0.0,0.0,303938.2647276245,0.0,0.0,0.0,21589095.86971246,18463824.777027413,11445828.896439923,4337378.541484065,9562631.092701845,8675157.277503878,5766556.833161508,8975428.11169981,9334628.959787441,9205322.15402,9205322.15402,8901383.889292376,9205322.15402,9205322.15402,9205322.15402,-12383773.71569246
45,2.0,0,2013,1510,920532215.402,9068156.49357,-13716566.044999722,905620727.3468037,-291307.83095673943,10884228.649972068,4.710944251553637,2526826.2658186955,3.8758558186581893,28840.241048714437,7.858709298809265,0.24966509436124065,4.2945089555684985,0.0,0.0,0.1601627031440878,0.0,0.0,0.0,4185875.9408635804,-4756635.190660867,8484552.55389502,-5092023.275654157,-1564281.2177595776,-920105.2154282185,-673062.6796088788,-412288.57998961204,0.0,0.0,457791.2053932285,0.0,0.0,0.0,-290176.4589494766,-236777.365102832,-13479788.679896886,0.0,-13716566.044999722,0.0,0.1601627031440878,0.0,0.0,457791.2053932285,0.0,-5072626.682143833,-6997141.93308079,13352496.166430956,-1030371.6182907238,-4561858.399138034,1874484.103098915,-690211.1731080285,-541595.3857570539,0.0,0.0,761729.470120853,0.0,0.0,0.0,8109307.189815575,14140783.175713833,16065298.426650789,-4284339.672860956,10098528.111860724,13630014.892708033,7193672.390471085,9758367.666678028,9609751.879327053,9068156.49357,9068156.49357,8306427.023449147,9068156.49357,9068156.49357,9068156.49357,958849.3037544247
46,2.0,0,2014,1510,906815649.357,9048161.90382,-1999458.974999762,906671050.5972304,1050323.2504267148,11015310.656805843,4.699826367888747,2550678.085841814,3.661764621926408,28974.668758615997,7.851681975421469,0.2469426364231769,4.39560499774047,0.1584070997471821,0.0,0.21726804660870533,0.0,0.0,0.0,9536741.90369409,-1143338.123746779,6183963.253811592,-7128019.224743314,-1059752.2409453676,12393.882560649512,-302644.4102778317,-602991.12437878,-3259932.7642072337,0.0,383549.59620920435,0.0,0.0,0.0,2619970.7479762333,2638848.4521181583,-4638307.427117921,0.0,-1999458.974999762,0.1584070997471821,0.21726804660870533,0.0,-3259932.7642072337,383549.59620920435,0.0,4464115.221550257,-8140480.056827568,19536459.420242548,-1333016.0285685556,-11689877.623881347,814731.8621535474,-677817.290547379,-1144586.5101358339,-3259932.7642072337,0.0,1145279.0663300573,0.0,0.0,0.0,3470999.762697654,4584046.682269744,17188641.960647568,-10488297.516422547,10381177.932388555,20738039.527701348,8233430.041666454,9725979.194367379,10192748.413955834,12308094.668027233,9048161.90382,7902882.837489943,9048161.90382,9048161.90382,9048161.90382,5577162.141122347
47,2.0,0,2015,1510,904816190.382,8817632.65638,-23052924.74400017,859863974.4651358,-46807076.13209453,11313516.227424582,4.764068261762669,2569316.4606020227,2.699893970144988,30116.174003735236,7.659622963205838,0.24724099825849655,4.5701892188532645,0.955799278553896,0.0,0.4319775124547503,0.0,0.0,0.0,16182295.504124224,-3312122.5412338288,6109733.518827934,-35972054.11279918,-11834328.442672744,-1277088.134138382,-264271.39295521943,-1171429.639119777,-16451209.515471267,0.0,1454632.4735043962,0.0,0.0,0.0,-46535842.28193387,-46593024.37237163,23540099.628371425,0.0,-23052924.74400017,0.955799278553896,0.4319775124547503,0.0,-16451209.515471267,1454632.4735043962,0.0,20646410.72567448,-11452602.598061398,25646192.93907048,-1597287.421523775,-47661931.73668053,-11019596.580519198,-1954905.4246857609,-2316016.149255611,-19711142.2796785,0.0,2599911.5398344537,0.0,0.0,0.0,27011099.391069077,-11828778.06929448,20270235.254441395,-16828560.28269048,10414920.077903774,56479564.39306053,19837229.236899197,10772538.08106576,11133648.80563561,28528774.9360585,8817632.65638,6217721.116545546,8817632.65638,8817632.65638,8817632.65638,-18193466.73468908
48,2.0,0,2016,1510,881763265.638,8415675.95514,-40195670.12400012,837937627.4161401,-21926347.04899562,11733256.764996575,4.941190339961066,2602533.58895865,2.3956500374083145,30937.317520138007,7.520164064787212,0.2488764473252296,5.077603291772866,1.8657594957878472,0.0,0.5753292438021221,0.0,0.0,0.0,17950818.892425075,-3499415.210639277,5742960.7000518385,-12969658.434283895,-7651410.73295202,-952336.1733130376,-296329.8571939156,-3483580.632962192,-18374881.269439,0.0,998309.8160862406,0.0,0.0,0.0,-22535522.90222018,-22593177.97822944,-17602492.145770676,0.0,-40195670.12400012,1.8657594957878472,0.5753292438021221,0.0,-18374881.269439,998309.8160862406,0.0,38597229.618099555,-14952017.808700675,31389153.639122322,-1893617.2787176906,-60631590.17096443,-18671007.313471217,-2907241.5979987984,-5799596.7822178025,-38086023.549117506,0.0,3598221.3559206943,0.0,0.0,0.0,9408607.2452984,-30181553.662959553,23367693.763840675,-22973477.68398232,10309293.233857691,69047266.12610443,27086683.268611215,11322917.553138798,14215272.737357803,46501699.50425751,8415675.95514,4817454.599219305,8415675.95514,8415675.95514,8415675.95514,-992931.2901584003
49,2.0,0,2017,1510,841567595.5139999,8101380.06535,-31429588.97900005,839816632.2616009,1879004.845460645,11887597.953659447,4.859828878839148,2634798.528352248,2.6080274899967177,31096.2893328618,7.273893004833457,0.2476019286430569,5.269124731551445,2.7889508053782417,0.0,0.6896011065475318,0.0,0.0,0.0,6492189.406766392,2830897.6863801973,5816545.021469537,8924262.835743347,-1509954.157922335,-1645697.613261383,-403871.2174183218,-1365088.980626219,-17653051.23825843,0.0,737065.763173633,0.0,0.0,0.0,2223297.5060464176,1821416.830137549,-33251005.809137605,0.0,-31429588.97900005,2.7889508053782417,0.6896011065475318,0.0,-17653051.23825843,737065.763173633,0.0,45089419.02486595,-12121120.122320477,37205698.660591856,-2297488.4961360125,-51707327.33522108,-20180961.47139355,-4552939.211260181,-7164685.762844021,-55739074.787375934,0.0,4335287.119094327,0.0,0.0,0.0,-23842398.563839205,-36988038.959515944,20222500.187670477,-29104318.595241856,10398868.561486013,59808707.40057108,28282341.53674355,12654319.27661018,15266065.828194022,63840454.85272594,8101380.06535,3766092.9462556727,8101380.06535,8101380.06535,8101380.06535,31943778.629189204
50,2.0,0,2018,1510,810138006.535,7918624.109180001,-18275595.616999805,835870078.9875801,-3946553.274020949,12145797.748958005,4.862200970329463,2647936.311409225,2.8872586880177376,31525.845810162984,7.031531907102345,0.24708903666292856,5.559704550637799,3.765789598560448,0.0,0.8061629123553337,0.4064643618516293,0.0,0.0,9032704.011875903,3382688.532686637,5104859.955104376,10418135.001624018,-3580397.136646331,-1382252.0196127165,-350729.0201877216,-1780400.4158668506,-18154466.171658456,0.0,701503.4784129254,-7446818.325080994,0.0,0.0,-4055172.109349208,-4419505.975949775,-13856089.641050028,0.0,-18275595.616999805,3.765789598560448,0.8061629123553337,0.4064643618516293,-18154466.171658456,701503.4784129254,-7446818.325080994,54122123.03674185,-8738431.589633841,42310558.61569623,-2648217.516323734,-41289192.333597064,-23761358.608039882,-5935191.230872897,-8945086.178710872,-73893540.95903438,0.0,5036790.597507252,0.0,-7446818.325080994,0.0,-37698488.20488923,-46203498.92756185,16657055.69881384,-34391934.506516226,10566841.625503734,49207816.44277707,31679982.71721988,13853815.340052899,16863710.287890874,81812165.06821439,7918624.109180001,2881833.5116727483,7918624.109180001,15365442.434260994,7918624.109180001,45617112.314069234
61,2.0,1,2012,313,76879438.59859999,833515.9023140004,4820841.632800052,86522526.69311276,4980171.017403353,4217213.362422415,6.337914114688581,2805645.492064888,4.004140861572332,28841.241371451102,8.396816355669689,0.308575851810426,4.316851721235952,0.0,0.0,0.0,0.0,0.2708684959281066,0.0,3894598.15368852,289011.639011529,372040.2047015729,35942.90776284052,357671.2941155299,9183.851690266369,-25515.337292215503,-179572.80586751198,0.0,0.0,0.0,0.0,79100.63980648332,0.0,4832460.547617015,4801119.47710334,19722.155696712107,1651310.0000000002,6472151.632800053,0.0,0.2708684959281066,0.0,0.0,79100.63980648332,0.0,3894598.15368852,289011.639011529,372040.2047015729,-25515.337292215503,35942.90776284052,357671.2941155299,9183.851690266369,-179572.80586751198,0.0,0.0,0.0,79100.63980648332,0.0,0.0,19722.155696712107,-3061082.25137452,544504.2633024715,461475.6976124275,859031.239606216,797572.9945511599,475844.6081984705,824332.050623734,1013088.7081815124,833515.9023140004,833515.9023140004,833515.9023140004,754415.2625075171,833515.9023140004,833515.9023140004,813793.7466172883
62,2.0,1,2013,313,83351590.23140004,873376.2902039998,3986038.7889999463,91959295.897772,5436769.204659244,5199753.338470861,6.851261593455288,2812337.9604165987,3.8497704525523218,29485.394739307358,8.121650257602237,0.31335213757849595,4.352965382622261,0.0,0.0,0.0,0.0,0.4951363915604427,0.0,6605034.029148808,-1228620.779219079,566525.8068196295,-436982.7146629353,-595706.4922475555,-96463.04056919664,73678.93858432728,-9422.284225035935,0.0,0.0,0.0,0.0,360231.0549535376,0.0,5238274.5185825,5133406.932561636,-1147368.1435616906,0.0,3986038.7889999463,0.0,0.4951363915604427,0.0,0.0,360231.0549535376,0.0,10499632.182837328,-939609.14020755,938566.0115212024,48163.60129211177,-401039.8069000948,-238035.1981320256,-87279.18887893028,-188995.0900925479,0.0,0.0,0.0,439331.69476002094,0.0,0.0,-1127645.9878649784,-9626255.892633328,1812985.4304115498,-65189.72131720255,825212.688911888,1274416.0971040947,1111411.4883360255,960655.4790829301,1062371.3802965477,873376.2902039998,873376.2902039998,873376.2902039998,434044.5954439789,873376.2902039998,873376.2902039998,2001022.2780689783
63,2.0,1,2014,337,87337629.02039999,866568.1008079997,-1297229.9396000218,93740605.87669487,958930.2002891006,5491127.218923612,6.981153902880463,2793322.925759193,3.637342935735004,29553.877044503686,7.967752887379206,0.3177112110345288,4.436813490345256,0.0,0.2323464476836227,0.0,0.0,0.517493664081986,0.0,1481471.1489198897,27695.824455906517,462008.71848691104,-650705.909765006,-85073.01287053233,-8068.609486945153,-24112.558587340158,-41984.22097940463,0.0,-86268.80852930831,0.0,0.0,5434.5084690816275,0.0,1080397.0801132522,1059768.6614779616,-2356998.601077983,616410.9999999998,-680818.9396000219,0.2323464476836227,0.517493664081986,0.0,-86268.80852930831,5434.5084690816275,0.0,11981103.331757218,-911913.3157516435,1400574.7300081134,24051.042704771615,-1051745.7166651008,-323108.21100255795,-95347.79836587542,-230979.31107195254,0.0,-86268.80852930831,0.0,444766.20322910254,0.0,0.0,-3484644.588942962,-11114535.230949217,1778481.416559643,-534006.6292001137,842517.0581032281,1918313.8174731005,1189676.3118105577,961915.8991738751,1097547.4118799523,866568.1008079997,952836.909337308,866568.1008079997,421801.8975788972,866568.1008079997,866568.1008079997,4351212.689750962
64,2.0,1,2015,360,86656810.08079997,868804.5618659997,-759409.0483999964,89696915.5130118,-4936041.744620753,5758234.5756876385,7.410495333414834,2832504.467266536,2.668351797049444,31134.71106874225,7.586143027722435,0.3169343659444335,4.668531509815128,0.0,1.1439641499077535,0.0,0.0,0.6428165258801979,0.0,896072.3048779743,-696944.5838288427,521496.5030399308,-3473738.588334605,-1529446.716035149,-147769.39070343616,-27142.320395455507,-122918.14674575694,0.0,-336703.21090375393,0.0,0.0,165806.9754588758,0.0,-4751287.1735702185,-4727952.709737772,3968543.661337776,983055.1542,223646.10580000372,1.1439641499077535,0.6428165258801979,0.0,-336703.21090375393,165806.9754588758,0.0,12877175.636635192,-1608857.8995804861,1922071.2330480441,-3091.2776906838917,-4525484.304999705,-1852554.927037707,-243117.1890693116,-353897.4578177095,0.0,-422972.01943306223,0.0,610573.1786879783,0.0,0.0,483899.07239481434,-12008371.074769191,2477662.461446486,-1053266.6711820443,871895.8395566836,5394288.866865705,2721359.488903707,1111921.7509353114,1222702.0196837091,868804.5618659997,1291776.581299062,868804.5618659997,258231.3831780214,868804.5618659997,868804.5618659997,384905.48947118537
65,2.0,1,2016,406,86880456.18659997,866999.5503900002,-1362648.147599942,90927747.23433018,159389.58360424376,5732922.676614565,6.9265694691896345,2816091.1883668383,2.36743204029356,31620.58093112007,7.367022313354981,0.3163136341199275,5.298002132282694,0.0,2.14922024547564,0.0,0.0,0.721588912854595,0.0,1766045.384711166,917408.5428115664,439025.16065045225,-1288455.4402209555,-568857.4500757342,-193460.1741343852,-26968.47900644218,-443152.7587280249,0.0,-369350.3014186556,0.0,0.0,139600.81153736712,0.0,371835.2961263536,355551.9795524116,-1718200.1271523538,1182146.9999999993,-180501.14759994298,2.14922024547564,0.721588912854595,0.0,-369350.3014186556,139600.81153736712,0.0,14643221.021346357,-691449.3567689197,2361096.3936984963,-30059.75669712607,-5813939.745220661,-2421412.377113441,-436577.3632036968,-797050.2165457343,0.0,-792322.3208517178,0.0,750173.9902253454,0.0,0.0,-1234301.0547575394,-13776221.470956357,1558448.90715892,-1494096.843308496,897059.3070871263,6680939.295610662,3288411.9275034415,1303576.913593697,1664049.7669357345,866999.5503900002,1659321.871241718,866999.5503900002,116825.56016465486,866999.5503900002,866999.5503900002,2101300.6051475396
66,2.0,1,2017,406,86699955.03900002,847121.490852,-1987805.9538000238,92292303.10114443,1364555.866814263,5621834.493169396,7.159932264171597,2808097.813929015,2.5801774916328006,31433.295991265986,7.1176312857942365,0.3142363988339916,5.621001251678401,0.0,3.1368513001219305,0.0,0.0,0.8178146041794973,0.0,766743.9696919369,-103388.5728884804,464918.321194207,946545.890736558,112301.25391610568,-158523.6569890751,-44356.76346368259,-214228.91027243863,0.0,-368582.9464092704,0.0,0.0,164391.71869746427,0.0,1565820.304213325,1609444.596540848,-3597250.550340872,0.0,-1987805.9538000238,3.1368513001219305,0.8178146041794973,0.0,-368582.9464092704,164391.71869746427,0.0,15409964.991038293,-794837.9296574001,2826014.714892703,-74416.52016080866,-4867393.854484104,-2309111.1231973353,-595101.0201927719,-1011279.126818173,0.0,-1160905.2672609882,0.0,914565.7089228097,0.0,0.0,-4831551.605098411,-14562843.500186292,1641959.4205094,-1978893.2240407031,921538.0110128087,5714515.345336104,3156232.614049335,1442222.5110447719,1858400.6176701728,847121.490852,2008026.7581129882,847121.490852,-67444.21807080973,847121.490852,847121.490852,5678673.095950412
67,2.0,1,2018,406,84712149.0852,834549.9548339999,-1257153.6018000196,91832569.45832014,-459733.6428242992,5625721.345600327,7.021677755444768,2850048.24265527,2.871890062802857,31614.786907671205,6.828609509619365,0.3138516806520866,6.020523510044191,0.0,4.142730957386518,0.0,0.0,0.8463159754463777,0.5655079465026764,2203392.2827402405,535076.5262004443,406020.6491033403,1161871.1139895038,-165373.84487799552,-162088.7416470182,-38552.29277258447,-266680.2307489212,0.0,-360132.2917922993,0.0,0.0,39782.90978710306,-3997871.873129528,-644555.7931477146,-643924.5154946265,-613229.0863053933,0.0,-1257153.6018000196,4.142730957386518,0.8463159754463777,0.5655079465026764,-360132.2917922993,39782.90978710306,-3997871.873129528,17613357.27377853,-259761.4034569558,3232035.3639960433,-112968.81293339314,-3705522.7404945996,-2474484.968075331,-757189.7618397902,-1277959.3575670943,0.0,-1521037.5590532876,0.0,954348.6187099128,0.0,-3997871.873129528,-5444780.691403804,-16778807.318944532,1094311.3582909557,-2397485.4091620436,947518.767767393,4540072.6953286,3309034.9229093306,1591739.71667379,2112509.312401094,834549.9548339999,2355587.5138872876,834549.9548339999,-119798.6638759129,834549.9548339999,4832421.827963528,6279330.646237805
78,3.0,0,2012,4781,297115860.6866,3013314.8963869982,1138128.422099899,291240675.376011,-3939489.690052926,2028692.5542789046,2.789233432422268,615679.7640092203,4.0099435083306405,26326.121989236373,7.392618635861287,0.150232938623369,3.9404661264417737,0.0,0.0,0.03972601138735615,0.0,0.0,0.0,-2561981.3082648525,-4003921.508770971,1174200.93164225,102396.1790465108,1394735.617128008,-268797.904275408,-86511.8656760139,-12980.37533362959,0.0,0.0,20747.92383167397,0.0,0.0,0.0,-4242112.310672436,-3923888.788970801,5062017.211070697,3077500.529999998,4215628.952099898,0.0,0.03972601138735615,0.0,0.0,20747.92383167397,0.0,-2561981.3082648525,-4003921.508770971,1174200.93164225,-86511.8656760139,102396.1790465108,1394735.617128008,-268797.904275408,-12980.37533362959,0.0,0.0,20747.92383167397,0.0,0.0,0.0,5062017.211070697,5575296.204651851,7017236.405157969,1839113.9647447483,3099826.762063012,2910918.7173404875,1618579.2792589902,3282112.8006624063,3026295.271720628,3013314.8963869982,3013314.8963869982,2992566.9725553244,3013314.8963869982,3013314.8963869982,3013314.8963869982,-2048702.3146836986
79,3.0,0,2013,4815,301331489.6386998,2988291.1074150014,-2512436.6511999005,287845845.43566287,-3461599.236581373,2005800.7473064063,3.0029046884629804,620313.4607780842,3.843171016000416,26200.286386873595,7.487232856701236,0.1470563270853518,3.865180552667463,0.0,0.0,0.040444146792001284,0.0,0.0,0.0,51147.908304093515,-4340845.086039666,1973943.9776130703,-1595811.8161645504,-27395.359903926645,305179.26570901193,-116386.8478718744,222794.0128517155,0.0,0.0,0.0,0.0,0.0,0.0,-3527373.945502125,-3510920.010479011,998483.3592791108,1039329.7539999995,-1473106.8971999022,0.0,0.040444146792001284,0.0,0.0,0.0,0.0,-2510833.399960759,-8344766.594810637,3148144.90925532,-202898.7135478883,-1493415.6371180397,1367340.2572240813,36381.36143360392,209813.63751808592,0.0,0.0,20747.92383167397,0.0,0.0,0.0,6060500.570349808,5499124.50737576,11333057.702225639,-159853.80184031883,3191189.8209628896,4481706.7445330415,1620950.85019092,2951909.7459813976,2778477.4698969154,2988291.1074150014,2988291.1074150014,2967543.1835833276,2988291.1074150014,2988291.1074150014,2988291.1074150014,-3072209.4629348065
80,3.0,0,2014,4815,298829110.74150014,2992708.0757059995,-600513.1709000614,291251545.54964316,2359496.233787616,2001500.270873983,2.9799202085961305,613010.1828020699,3.6418357463703734,26630.083276861536,7.386864788888276,0.14608292605447545,3.988866646694413,0.0,0.0,0.06150214065288405,0.0,0.0,0.0,4780441.152399536,390482.09592061077,1305107.8696902192,-2331950.192149492,-1391015.1106726578,-177989.2396778561,-98457.31211919153,-213682.7714322982,0.0,0.0,47895.31227827479,0.0,0.0,0.0,2310831.8042371483,2504172.511357299,-3104685.682257361,0.0,-600513.1709000614,0.0,0.06150214065288405,0.0,0.0,47895.31227827479,0.0,2269607.752438777,-7954284.498890026,4453252.778945539,-301356.02566707984,-3825365.8292675316,-23674.853448576527,-141607.87824425218,-3869.133914212289,0.0,0.0,68643.23610994876,0.0,0.0,0.0,2955814.888092447,723100.3232672224,10946992.574596025,-1460544.7032395396,3294064.1013730792,6818073.904973531,3016382.929154576,3134315.9539502515,2996577.2096202117,2992708.0757059995,2992708.0757059995,2924064.839596051,2992708.0757059995,2992708.0757059995,2992708.0757059995,36893.187613552436
81,3.0,0,2015,4847,299270807.5706,2886731.048486,-11045340.72199994,276484631.91285497,-15219705.80088777,2008919.7008611872,2.9938135581901006,609618.7127620875,2.6484397071331665,27447.604984462017,7.130500065060147,0.14445624624799558,4.0386809853076935,0.5206043873418736,0.0,0.11571358026569505,0.0,0.0,0.0,3788847.91728074,-1192718.6072881976,1253436.5024860771,-12304278.262662532,-3138734.9056068086,-499816.5117102858,-81961.75276611827,-73511.50058144535,-3535795.7808677573,0.0,122117.54837703152,0.0,0.0,0.0,-15662415.353339296,-15539946.518919308,4494605.796919373,447637.99999999977,-10597702.721999943,0.5206043873418736,0.11571358026569505,0.0,-3535795.7808677573,122117.54837703152,0.0,6058455.669719517,-9147003.106178224,5706689.281431616,-383317.7784331981,-16129644.091930063,-3162409.7590553854,-641424.389954538,-77380.63449565764,-3535795.7808677573,0.0,190760.7844869803,0.0,0.0,0.0,7450420.68501182,-3171724.6212335173,12033734.154664224,-2819958.2329456164,3270048.826919198,19016375.140416063,6049140.807541385,3528155.438440538,2964111.682981658,6422526.829353757,2886731.048486,2695970.2639990197,2886731.048486,2886731.048486,2886731.048486,-4563689.63652582
82,3.0,0,2016,4879,288673104.8486,2756836.161115,-12722764.552900014,267113730.38687828,-9077597.453663262,2049131.099419829,3.072346212997879,620853.1750384611,2.3548735286973512,27832.541632855733,7.0741226635976835,0.1437220580416047,4.553509924919334,1.2756508138655096,0.0,0.20177842024649045,0.0,0.0,0.0,2953220.598058226,-1779346.6327635387,1135152.2243389015,-4081151.9837652794,-1314694.8300492638,-62498.59689641897,-31936.86814178676,-1134898.055460805,-4935864.73985658,0.0,181287.34251376503,0.0,0.0,0.0,-9070731.542022776,-8917309.264650097,-3805455.2882499225,145754.65739999988,-12577009.895500015,1.2756508138655096,0.20177842024649045,0.0,-4935864.73985658,181287.34251376503,0.0,9011676.267777743,-10926349.738941763,6841841.5057705175,-415254.6465749849,-20210796.075695343,-4477104.589104649,-703922.9868509569,-1212278.6899564627,-8471660.520724338,0.0,372048.1270007453,0.0,0.0,0.0,3644965.3967618975,-6254840.106662743,13683185.900056763,-4085005.3446555175,3172090.807689985,22967632.23681034,7233940.750219649,3460759.147965957,3969114.851071463,11228496.681839338,2756836.161115,2384788.0341142546,2756836.161115,2756836.161115,2756836.161115,-888129.2356468975
83,3.0,0,2017,4879,275683616.1115,2674389.85853,-8608560.930499986,266068713.68882158,-1477496.6275582062,2059764.5994617552,3.0903677858509337,624294.9209379528,2.571576591311322,28212.680026350634,6.935511401363881,0.1433371569012868,4.856573662590066,2.1778138224575296,0.0,0.3768940199386979,0.0,0.0,0.0,2012248.261431739,-195666.06338123183,1059604.95133101,2967994.4804346673,-1131383.7656075691,-218164.04405450798,-82160.9571242904,-569642.3765420099,-5627386.058962328,0.0,352938.23449735943,0.0,0.0,0.0,-1431617.3379771598,-1568151.2746798103,-7040409.655820175,0.0,-8608560.930499986,2.1778138224575296,0.3768940199386979,0.0,-5627386.058962328,352938.23449735943,0.0,11023924.529209482,-11122015.802322995,7901446.457101528,-497415.6036992753,-17242801.595260676,-5608488.354712218,-922087.0309054649,-1781921.0664984726,-14099046.579686666,0.0,724986.3614981048,0.0,0.0,0.0,-3395444.2590582776,-8349534.670679482,13796405.660852995,-5227056.598571528,3171805.462229275,19917191.453790676,8282878.213242218,3596476.8894354645,4456310.925028472,16773436.438216666,2674389.85853,1949403.497031895,2674389.85853,2674389.85853,2674389.85853,6069834.117588278
84,3.0,0,2018,4879,267438985.853,2625814.6502949996,-4075915.384000026,263236870.46864912,-2070662.9049735283,2071579.809548729,3.091622312093408,629413.4411677879,2.8249623930836933,28566.143607021568,6.817977192821625,0.14250596887957795,5.197169497622291,3.1619157632978823,0.0,0.5364548260176207,0.08100475520576385,0.0,0.0,1489679.8340981968,340297.24623727717,1074066.0740860994,3268063.057321332,-1310387.7716827665,-168870.74806220926,-65206.42821147088,-699717.4045371971,-5977644.241234375,0.0,331261.1094944285,-489919.25554438814,0.0,0.0,-2208378.528035076,-2254792.5855963184,-1821122.798403709,0.0,-4075915.384000026,3.1619157632978823,0.5364548260176207,0.08100475520576385,-5977644.241234375,331261.1094944285,-489919.25554438814,12513604.36330768,-10781718.556085717,8975512.531187627,-562622.0319107461,-13974738.537939344,-6918876.126394984,-1090957.7789676741,-2481638.4710356696,-20076690.82092104,0.0,1056247.4709925333,0.0,-489919.25554438814,0.0,-5216567.057461986,-9887789.71301268,13407533.206380717,-6349697.880892628,3188436.682205746,16600553.188234344,9544690.776689984,3716772.4292626735,5107453.121330669,22702505.47121604,2625814.6502949996,1569567.1793024663,2625814.6502949996,3115733.905839388,2625814.6502949996,7842381.707756986
95,3.0,1,2012,67,179219.86000000013,1899.83344,10763.483999999879,204911.70440483687,15973.563539319453,31982.974917080846,4.809089768139757,671608.5050736503,3.9383217925624985,26407.895234404263,8.112068941466642,0.05929553214067641,2.4801084656577683,0.0,0.0,0.0,0.0,0.0,0.0,18208.24425793668,-1236.565388040553,-97.78317778851563,22.485847665273525,-823.1769435869162,348.087811276892,61.01741950502151,246.0813036315009,0.0,0.0,0.0,0.0,0.0,0.0,16728.391130599375,16594.624357534052,-5831.140357534172,0.0,10763.483999999879,0.0,0.0,0.0,0.0,0.0,0.0,18208.24425793668,-1236.565388040553,-97.78317778851563,61.01741950502151,22.485847665273525,-823.1769435869162,348.087811276892,246.0813036315009,0.0,0.0,0.0,0.0,0.0,0.0,-5831.140357534172,-16308.41081793668,3136.398828040553,1997.6166177885157,1838.8160204949786,1877.3475923347266,2723.0103835869163,1551.745628723108,1653.7521363684991,1899.83344,1899.83344,1899.83344,1899.83344,1899.83344,1899.83344,7730.973797534172
96,3.0,1,2013,67,189983.344,1585.2600500000005,-31457.33899999993,190192.9844447036,-14718.71996013334,29899.357955175874,5.3586555950823165,667565.6510089214,3.7751592521079114,25956.37790904617,7.946218150997488,0.06023425626004517,2.7551722049907696,0.0,0.0,0.0,0.0,0.0,0.0,-9007.98803618315,-3903.5049410215415,-106.29221244875242,-1121.8595418937502,878.8620891974441,-265.4139275504368,44.84028648381629,-412.8655320314735,0.0,0.0,0.0,0.0,0.0,0.0,-13894.221815447845,-13589.781734531129,-17867.557265468808,0.0,-31457.33899999993,0.0,0.0,0.0,0.0,0.0,0.0,9200.25622175353,-5140.070329062095,-204.07539023726804,105.85770598883781,-1099.3736942284768,55.68514561052791,82.67388372645519,-166.7842283999726,0.0,0.0,0.0,0.0,0.0,0.0,-23698.69762300298,-7614.99617175353,6725.330379062096,1789.3354402372686,1479.4023440111628,2684.6337442284776,1529.5749043894725,1502.5861662735454,1752.044278399973,1585.2600500000005,1585.2600500000005,1585.2600500000005,1585.2600500000005,1585.2600500000005,1585.2600500000005,25283.95767300298
97,3.0,1,2014,67,158526.00500000006,1553.9866700000005,-3127.337999999989,183556.69328857245,-6636.29115613109,32976.8601958029,5.303941955298754,696243.3560341407,3.5543846295880597,26002.106215659704,7.545829713238533,0.05911158370904618,2.800526074570541,0.0,0.0,0.0,0.0,0.0,0.0,-2875.6544810636237,-604.8340093860278,-314.56364157874214,-1245.710244766728,114.77819370188408,-261.6462897870946,0.14982323542898254,-50.64781287745541,0.0,0.0,0.0,0.0,0.0,0.0,-5238.128462522359,-5138.8941403274985,2011.556140327509,0.0,-3127.337999999989,0.0,0.0,0.0,0.0,0.0,0.0,6324.601740689906,-5744.904338448123,-518.6390318160102,106.00752922426679,-2345.083938995205,170.463339312412,-178.9724060606394,-217.432041277428,0.0,0.0,0.0,0.0,0.0,0.0,-21687.14148267547,-4770.615070689906,7298.891008448123,2072.6257018160104,1447.9791407757336,3899.0706089952055,1383.5233306875884,1732.9590760606397,1771.4187112774284,1553.9866700000005,1553.9866700000005,1553.9866700000005,1553.9866700000005,1553.9866700000005,1553.9866700000005,23241.128152675472
98,3.0,1,2015,67,155398.66700000004,1441.1897099999994,-11279.696000000105,166468.19865446587,-17088.49463410661,35096.887240367054,4.335128750686723,750069.2834757565,2.4993882148358457,26937.713576521997,7.749779927648929,0.05742254426720255,2.8158268204449914,0.0,0.640288632591681,0.0,0.0,0.0,0.0,-9684.795833971726,4079.5380571530986,204.5780430137284,-6841.21942594516,-1554.5074393823559,479.3773258688506,9.902937495449864,67.13543991009914,0.0,-422.9991024934838,0.0,0.0,0.0,0.0,-13662.989998351499,-14005.868048178436,2726.172048178332,0.0,-11279.696000000105,0.640288632591681,0.0,0.0,-422.9991024934838,0.0,0.0,-3360.1940932818197,-1665.3662812950242,-314.06098880228177,115.91046671971665,-9186.303364940364,-1384.0441000699439,300.4049198082112,-150.29660136732886,0.0,-422.9991024934838,0.0,0.0,0.0,0.0,-18960.96943449714,4801.383803281819,3106.555991295024,1755.2506988022812,1325.2792432802828,10627.493074940363,2825.2338100699435,1140.7847901917883,1591.4863113673282,1441.1897099999994,1864.1888124934833,1441.1897099999994,1441.1897099999994,1441.1897099999994,1441.1897099999994,20402.15914449714
99,3.0,1,2016,67,144118.97099999993,1166.3202099999992,-27486.95000000002,152286.22375057006,-14181.974903895774,35124.118998680184,5.820165348143617,774147.8533265848,2.231252984456155,28139.86908286209,7.4589551676024675,0.056526842460304524,3.1285633076023003,0.0,1.3214082690057507,0.0,0.0,0.0,0.0,1169.807163592817,-9262.795794009167,150.18273530101146,-1933.1379227977945,-2008.6299244859624,-196.3451945942307,-10.792104874996962,-362.6258711653288,0.0,-404.80376421537176,0.0,0.0,0.0,0.0,-12859.140677249023,-12655.805683585242,-14831.144316414775,0.0,-27486.95000000002,1.3214082690057507,0.0,0.0,-404.80376421537176,0.0,0.0,-2190.3869296890025,-10928.162075304192,-163.8782535012703,105.11836184471969,-11119.441287738158,-3392.6740245559063,104.05972521398053,-512.9224725326577,0.0,-827.8028667088556,0.0,0.0,0.0,0.0,-33792.113750911914,3356.7071396890015,12094.482285304191,1330.1984635012695,1061.2018481552795,12285.761497738158,4558.994234555906,1062.2604847860187,1679.242682532657,1166.3202099999992,1994.1230767088548,1166.3202099999992,1166.3202099999992,1166.3202099999992,1166.3202099999992,34958.43396091191
100,3.0,1,2017,67,116632.02099999992,1517.9718300000002,35165.162000000106,180030.80767020234,27744.583919632285,28612.352313627347,3.718237282786209,683456.4782461282,2.500804047190437,27886.80854111666,7.133599140839717,0.05923978775082385,3.9660864643681344,0.0,2.1072430957875627,0.0,0.0,0.0,0.0,1548.0813535014092,19985.660905394616,-106.97336918059165,1429.1794379137766,-194.48765449761632,-516.5903878397954,-49.92283562013142,-835.8940516047214,0.0,-495.83155984925736,0.0,0.0,0.0,0.0,20763.22183821769,20220.705032823287,14944.456967176819,0.0,35165.162000000106,2.1072430957875627,0.0,0.0,-495.83155984925736,0.0,0.0,-642.3055761875933,9057.498830090424,-270.85162268186195,55.195526224588264,-9690.261849824381,-3587.1616790535227,-412.5306626258149,-1348.816524137379,0.0,-1323.6344265581129,0.0,0.0,0.0,0.0,-18847.656783735096,2160.2774061875934,-7539.527000090424,1788.8234526818621,1462.7763037754119,11208.233679824381,5105.133509053523,1930.5024926258152,2866.7883541373794,1517.9718300000002,2841.6062565581133,1517.9718300000002,1517.9718300000002,1517.9718300000002,1517.9718300000002,20365.628613735094
101,3.0,1,2018,67,151797.18300000002,901.5638400000008,-61640.79899999994,179605.85506211888,-424.9526080834912,33986.270743274705,3.6501237437271823,750447.9305437569,2.706951777622909,28635.989910400716,6.361880345170832,0.05558193875399002,4.722318415157941,0.0,3.2532248375123007,0.0,0.0,0.0,0.6266124187561503,-2096.677635966085,11127.846778635188,-85.81077777437105,1711.7494551087786,-845.9671589553749,-612.7141588395871,-52.20001108215561,-866.2280012244548,0.0,-645.3273584928554,0.0,0.0,0.0,-7937.928263602683,-303.25713219360483,-873.9934468682277,-60766.80555313172,0.0,-61640.79899999994,3.2532248375123007,0.0,0.6266124187561503,-645.3273584928554,0.0,-7937.928263602683,-2738.9832121536783,20185.345608725613,-356.662400456233,2.9955151424326516,-7978.512394715603,-4433.128838008897,-1025.2448214654019,-2215.0445253618336,0.0,-1968.9617850509683,0.0,0.0,0.0,-7937.928263602683,-79614.46233686683,3640.547052153679,-19283.78176872561,1258.2262404562339,898.5683248575682,8880.076234715603,5334.692678008898,1926.8086614654026,3116.6083653618343,901.5638400000008,2870.525625050969,901.5638400000008,901.5638400000008,901.5638400000008,8839.492103602684,80516.02617686683
112,10.0,0,2012,100,1189791728.0000012,11986697.82,8878053.999998808,1295430808.2225454,-17997593.848676205,275254101.49999976,7.779875000000002,27909105.42000003,4.109300000000001,33963.31,31.51,0.6863024806231975,4.1,1.0,0.0,1.0,0.0,0.0,0.0,-4282600.842732929,6302077.223607792,4872624.814265925,1773920.4117250084,2220949.61725183,1832337.326174288,70583.92229969772,-1853017.1198257229,-27001378.6468047,0.0,0.0,0.0,0.0,0.0,-16064503.294038815,-16303430.206999155,25181484.20699796,0.0,8878053.999998806,1.0,1.0,0.0,-27001378.6468047,0.0,0.0,-4282600.842732929,6302077.223607792,4872624.814265925,70583.92229969772,1773920.4117250084,2220949.61725183,1832337.326174288,-1853017.1198257229,-27001378.6468047,0.0,0.0,0.0,0.0,0.0,25181484.20699796,16269298.662732929,5684620.596392209,7114073.005734075,11916113.897700302,10212777.408274991,9765748.20274817,10154360.493825711,13839714.939825723,38988076.4668047,11986697.82,11986697.82,11986697.82,11986697.82,11986697.82,-13194786.38699796
113,10.0,0,2013,100,1198669782.0,12027447.949999988,4075012.999998808,1257466808.9814546,-37963999.241090536,279698963.9000004,8.085419999999997,28818049.080000035,3.9419999999999997,33700.32,29.930000000000003,0.6642937252268252,4.2,2.0,0.0,1.0,0.0,0.0,0.0,11731378.874686448,-10923645.13011214,19425770.925393194,-6901536.296224674,3214073.573395485,-13798310.024470452,-9545300.12969603,-933785.7510615515,-27202859.03371553,0.0,0.0,0.0,0.0,0.0,-34934212.99180525,-35128312.84027066,39203325.84026947,0.0,4075012.999998808,2.0,1.0,0.0,-27202859.03371553,0.0,0.0,7448778.031953519,-4621567.906504348,24298395.73965912,-9474716.207396332,-5127615.884499665,5435023.190647315,-11965972.698296163,-2786802.8708872744,-54204237.68052024,0.0,0.0,0.0,0.0,0.0,64384810.04726743,4578669.918046469,16649015.856504336,-12270947.789659131,21502164.15739632,17155063.834499653,6592424.759352673,23993420.64829615,14814250.820887262,66231685.630520225,12027447.949999988,12027447.949999988,12027447.949999988,12027447.949999988,12027447.949999988,-52357362.09726744
114,10.0,0,2014,100,1202744794.9999988,11926477.399999999,-10097054.999999046,1239254283.8612554,-18212525.120199203,282626037.69999975,8.086527999999998,29110612.08000001,3.7524,33580.79999999999,30.2,0.6659050371218506,4.2,3.0,0.0,1.0,0.0,0.0,0.0,7636957.968621247,-39251.09806372509,6109473.3793227365,-8133161.558793068,1472907.778879024,2382033.918772298,704222.213129967,0.0,-27295338.218445264,0.0,0.0,0.0,0.0,0.0,-17162155.616576783,-17419958.630851902,7322903.630852853,0.0,-10097054.999999046,3.0,1.0,0.0,-27295338.218445264,0.0,0.0,15085736.000574768,-4660819.004568073,30407869.118981857,-8770493.994266365,-13260777.443292733,6907930.969526339,-9583938.779523864,-2786802.8708872744,-81499575.89896551,0.0,0.0,0.0,0.0,0.0,71707713.67812029,-3159258.600574769,16587296.404568072,-18481391.71898186,20696971.394266363,25187254.84329273,5018546.430473659,21510416.179523863,14713280.270887272,93426053.29896551,11926477.399999999,11926477.399999999,11926477.399999999,11926477.399999999,11926477.399999999,-59781236.27812029
115,10.0,0,2015,100,1192647739.9999998,11604737.359999983,-32174004.00000143,1145426087.0281663,-93828196.83308911,280202617.09999955,8.333296,29378317.82999997,2.7030000000000003,34173.33999999997,30.17,0.6680474802060518,4.1,4.0,0.0,1.0,0.0,0.0,0.0,-6228057.135325356,-8521821.898166599,5489044.186323318,-50511059.67359501,-7164500.408603475,-262160.16018579225,928581.4538649413,929818.8157786592,-27066193.57164992,0.0,0.0,0.0,0.0,0.0,-92406348.39155924,-90299455.3729438,58125451.37294237,0.0,-32174004.00000143,4.0,1.0,0.0,-27066193.57164992,0.0,0.0,8857678.86524941,-13182640.90273467,35896913.305305175,-7841912.540401423,-63771837.11688775,-256569.4390771361,-9846098.939709656,-1856984.0551086152,-108565769.47061543,0.0,0.0,0.0,0.0,0.0,129833165.05106266,2747058.4947505724,24787378.26273465,-24292175.94530519,19446649.900401406,75376574.47688773,11861306.79907712,21450836.29970964,13461721.415108599,120170506.83061542,11604737.359999983,11604737.359999983,11604737.359999983,11604737.359999983,11604737.359999983,-118228427.69106267
116,10.0,0,2016,100,1160473735.9999983,11620846.089999989,1610873.0000004768,1082762189.6928248,-62663897.33534145,279086354.6,8.444309999999998,29437697.49999995,2.4255,35302.05,29.879999999999995,0.671404373027713,4.5,5.0,0.0,1.0,0.0,0.0,0.0,-2812941.0455539008,-3666385.136347785,1175973.6554256217,-15573093.438244086,-12917703.941693805,-2463502.0163225345,1416012.6374297931,-3611897.978729933,-26336030.095015086,0.0,0.0,0.0,0.0,0.0,-64789567.35905172,-63487123.15583555,65097996.15583603,0.0,1610873.0000004768,5.0,1.0,0.0,-26336030.095015086,0.0,0.0,6044737.81969551,-16849026.039082456,37072886.9607308,-6425899.90297163,-79344930.55513184,-13174273.38077094,-12309600.95603219,-5468882.033838548,-134901799.56563053,0.0,0.0,0.0,0.0,0.0,194931161.2068987,5576108.270304479,28469872.129082445,-25452040.87073081,18046745.992971618,90965776.64513183,24795119.47077093,23930447.04603218,17089728.123838536,146522645.65563053,11620846.089999989,11620846.089999989,11620846.089999989,11620846.089999989,11620846.089999989,-183310315.11689872
117,10.0,0,2017,100,1162084608.9999988,11003065.710000003,-61778037.99999857,1055314598.6778748,-27447591.01495016,274821215.5000002,8.639400000000002,29668394.669999976,2.6928000000000005,35945.81999999998,30.0,0.6728151876917117,4.5,6.0,0.0,1.0,0.0,0.0,0.0,-10830092.444485556,-6341391.39470347,4559324.831109154,15243450.8794916,-7211846.674207176,1022329.6197855886,595728.6921972954,0.0,-26372587.57881777,0.0,0.0,0.0,0.0,0.0,-29335084.06963033,-29458382.80670769,-32319655.19329088,0.0,-61778037.99999857,6.0,1.0,0.0,-26372587.57881777,0.0,0.0,-4785354.624790046,-23190417.433785927,41632211.79183995,-5830171.210774334,-64101479.67564024,-20386120.054978117,-11287271.336246602,-5468882.033838548,-161274387.14444828,0.0,0.0,0.0,0.0,0.0,162611506.0136078,15788420.33479005,34193483.14378593,-30629146.08183995,16833236.920774337,75104545.38564025,31389185.76497812,22290337.046246603,16471947.74383855,172277452.8544483,11003065.710000003,11003065.710000003,11003065.710000003,11003065.710000003,11003065.710000003,-151608440.3036078
118,10.0,0,2018,100,1100306571.0000002,11074644.739999995,7157902.999999285,1014741802.7560784,-40572795.92179644,274036302.4000001,8.5039,29807700.83999996,2.9199999999999995,36801.50000000002,30.01,0.6746876908065566,4.6,7.0,0.0,1.0,1.0,0.0,0.0,-1911700.9625352558,4176509.997925365,2588527.278924531,11453624.077956075,-8880940.29548189,80632.58903369532,748709.7377795632,-857159.0051138834,-24970584.05430289,0.0,0.0,-24883014.06300085,0.0,0.0,-42455394.69881554,-42302564.57413164,49460467.57413092,0.0,7157902.999999285,7.0,1.0,1.0,-24970584.05430289,0.0,-24883014.06300085,-6697055.587325302,-19013907.435860563,44220739.07076448,-5081461.472994771,-52647855.59768417,-29267060.350460008,-11206638.747212907,-6326041.038952431,-186244971.19875118,0.0,0.0,0.0,-24883014.06300085,0.0,212071973.58773872,17771700.327325296,30088552.175860558,-33146094.330764487,16156106.212994765,63722500.33768416,40341705.09046,22281283.487212904,17400685.778952427,197319615.93875116,11074644.739999995,11074644.739999995,11074644.739999995,35957658.803000845,11074644.739999995,-200997328.84773874
129,10.0,1,2012,100,2875478446.999996,29266822.010000035,51203754.00000763,2932536972.840709,21721105.61288929,541132314.1000004,7.817153000000001,27909105.42000003,4.109300000000001,33963.31,31.51,0.6863024806231975,4.1,0.0,1.0,0.0,0.0,1.0,0.0,-5323802.043709964,17497587.35184842,11776117.87341239,4287195.641528796,5367571.992634093,4428377.1395053435,170586.61822996213,-4478355.887494343,0.0,-12224369.872566378,0.0,0.0,0.0,0.0,21500908.81338831,21457410.528120045,29746343.471887585,0.0,51203754.00000763,1.0,1.0,0.0,-12224369.872566378,0.0,0.0,-5323802.043709964,17497587.35184842,11776117.87341239,170586.61822996213,4287195.641528796,5367571.992634093,4428377.1395053435,-4478355.887494343,0.0,-12224369.872566378,0.0,0.0,0.0,0.0,29746343.471887585,34590624.05371,11769234.658151615,17490704.136587646,29096235.391770072,24979626.36847124,23899250.01736594,24838444.870494694,33745177.897494376,29266822.010000035,41491191.882566415,29266822.010000035,29266822.010000035,29266822.010000035,29266822.010000035,-479521.4618875496
130,10.0,1,2013,100,2926682201.0000033,30258425.22000005,99160321.00000145,2919963023.7159195,-12573949.124790192,553170967.4999999,8.018460000000003,28818049.080000035,3.9420000000000006,33700.32,29.93,0.6642937252268252,4.2,0.0,2.0,0.0,0.0,1.0,0.0,39415133.24558205,-17627907.86851877,47430125.34544032,-16850848.95025429,7847509.014756364,-33690069.57455576,-23305884.91700577,-2279939.1277048667,0.0,-12442049.69152417,0.0,0.0,0.0,0.0,-11503932.52378489,-12548845.39926372,111709166.39926516,0.0,99160321.00000145,2.0,1.0,0.0,-12442049.69152417,0.0,0.0,34091331.20187209,-130320.51667034999,59206243.21885271,-23135298.298775807,-12563653.308725495,13215081.007390458,-29261692.43505042,-6758295.0151992105,0.0,-24666419.56409055,0.0,0.0,0.0,0.0,141455509.87115273,-3832905.981872037,30388745.7366704,-28947817.998852663,53393723.51877586,42822078.52872555,17043344.212609593,59520117.65505047,37016720.23519926,30258425.22000005,54924844.7840906,30258425.22000005,30258425.22000005,30258425.22000005,30258425.22000005,-111197084.65115267
131,10.0,1,2014,100,3025842522.0000052,31344954.95999999,108652973.99999428,2939243060.405662,19280036.689742565,560050466.9000001,7.976182000000002,29110612.08000001,3.7523999999999993,33580.79999999999,30.2,0.6659050371218506,4.2,0.0,3.0000000000000004,0.0,0.0,1.0,0.0,22823458.686031304,3807488.308088632,15370097.14366032,-20461253.447280087,3705513.4279892975,5992675.711614725,1771668.87463072,0.0,0.0,-12863604.734599207,0.0,0.0,0.0,0.0,20146043.970135704,19979141.642452065,88673832.35754222,0.0,108652973.99999428,3.0000000000000004,1.0,0.0,-12863604.734599207,0.0,0.0,56914789.88790339,3677167.791418282,74576340.36251304,-21363629.424145088,-33024906.75600558,16920594.435379755,-23269016.723435696,-6758295.0151992105,0.0,-37530024.29868975,0.0,0.0,0.0,0.0,230129342.22869495,-25569834.927903403,27667787.16858171,-43231385.40251304,52708584.38414508,64369861.71600557,14424360.524620235,54613971.683435686,38103249.9751992,31344954.95999999,68874979.25868975,31344954.95999999,31344954.95999999,31344954.95999999,31344954.95999999,-198784387.26869497
132,10.0,1,2015,100,3134495495.999999,30471990.73999998,-87296422.00000095,2758631202.2444115,-180611858.1612506,561246899.2000009,8.567874,29378317.82999997,2.7030000000000003,34173.33999999997,30.17,0.6680474802060518,4.1,0.0,4.0,0.0,0.0,1.0,0.0,4069475.673222476,-53094406.74691809,14426207.925716124,-132752265.17854364,-18829612.054484546,-689004.6522311812,2440481.1975821042,2443733.2100711158,0.0,-13325515.39274238,0.0,0.0,0.0,0.0,-195310906.018328,-192609812.89941245,105313390.8994115,0.0,-87296422.00000095,4.0,1.0,0.0,-13325515.39274238,0.0,0.0,60984265.56112587,-49417238.955499806,89002548.28822917,-18923148.226562984,-165777171.9345492,-1909017.6191047914,-23958021.37566688,-4314561.805128095,0.0,-50855539.69143213,0.0,0.0,0.0,0.0,335442733.1281065,-30512274.821125887,79889229.69549978,-58530557.54822919,49395138.966562964,196249162.6745492,32381008.35910477,54430012.11566686,34786552.54512808,30471990.73999998,81327530.43143211,30471990.73999998,30471990.73999998,30471990.73999998,30471990.73999998,-304970742.38810647
133,10.0,1,2016,100,3047199073.999998,30696486.969999965,22449622.99999857,2664421514.6111827,-94209687.63322878,560737093.9000003,8.647590000000001,29437697.49999995,2.4255,35302.05,29.879999999999995,0.671404373027713,4.5,0.0,5.0,0.0,0.0,1.0,0.0,-1683139.529892104,-6758697.334495758,3087899.124897862,-40892192.93139857,-33919609.09431175,-6468721.204161027,3718199.097224865,-9484206.177819377,0.0,-12954396.717798732,0.0,0.0,0.0,0.0,-105354864.76775458,-104064534.86215912,126514157.86215767,0.0,22449622.99999857,5.0,1.0,0.0,-12954396.717798732,0.0,0.0,59301126.031233765,-56175936.289995566,92090447.41312703,-15204949.12933812,-206669364.86594778,-35828626.71341655,-30426742.579827905,-13798767.982947472,0.0,-63809936.409230866,0.0,0.0,0.0,0.0,461956890.9902642,-28604639.0612338,86872423.25999554,-61393960.443127066,45901436.099338084,237365851.83594775,66525113.683416516,61123229.54982787,44495254.95294744,30696486.969999965,94506423.37923083,30696486.969999965,30696486.969999965,30696486.969999965,30696486.969999965,-431260404.0202642
134,10.0,1,2017,100,3069648696.9999967,30906883.299999963,21039632.999999046,2696072560.5469627,31651045.935780525,563993926.6000005,8.631953999999999,29668394.669999976,2.6928000000000005,35945.81999999998,30.0,0.6728151876917117,4.5,0.0,6.0,0.0,0.0,1.0,0.0,10827371.040533207,1332781.865695525,12043465.181986555,40265604.386827305,-19050106.65746098,2700485.6281332416,1573618.4694353368,0.0,0.0,-13049835.61609337,0.0,0.0,0.0,0.0,36643384.29905683,36464797.84923767,-15425164.849238627,0.0,21039632.999999046,6.0,1.0,0.0,-13049835.61609337,0.0,0.0,70128497.07176697,-54843154.424300045,104133912.59511359,-13631330.659902783,-166403760.4791205,-54878733.37087753,-27726256.951694664,-13798767.982947472,0.0,-76859772.02532424,0.0,0.0,0.0,0.0,446531726.14102554,-39221613.771767005,85750037.72430001,-73227029.29511362,44538213.95990275,197310643.77912045,85785616.67087749,58633140.25169463,44705651.282947436,30906883.299999963,107766655.32532421,30906883.299999963,30906883.299999963,30906883.299999963,30906883.299999963,-415624842.8410256
135,10.0,1,2018,100,3090688329.999996,30258991.289999984,-64789200.99999714,2441847619.9801755,-254224940.5667877,559394026.1000001,8.8959,29807700.83999996,2.9199999999999986,36801.50000000002,30.01,0.6746876908065566,4.6,0.0,7.0,0.0,0.0,1.0,1.0,-15350309.40323974,-22280209.27529839,7271001.795061251,32172471.933684196,-24945973.471490417,226491.60562372732,2103076.0972458576,-2407702.9110643067,0.0,-13139280.298262132,0.0,0.0,0.0,-257928701.70413533,-294279135.6318753,-291435055.75581,226645854.7558128,0.0,-64789200.99999714,7.0,1.0,1.0,-13139280.298262132,0.0,-257928701.70413533,54778187.66852723,-77123363.69959843,111404914.39017484,-11528254.562656926,-134231288.5454363,-79824706.84236795,-27499765.346070938,-16206470.894011779,0.0,-89999052.32358637,0.0,0.0,0.0,-257928701.70413533,673177580.8968383,-24519196.378527246,107382354.98959842,-81145923.10017484,41787245.85265691,164490279.83543628,110083698.13236794,57758756.63607092,46465462.184011765,30258991.289999984,120258043.61358637,30258991.289999984,30258991.289999984,30258991.289999984,288187692.9941353,-642918589.6068383
